customer_id,sex,customer_age,tenure,customer_age_analysis
9798859,Male,44.0,93,44.0
11413563,Male,36.0,65,36.0
818195,Male,35.0,129,35.0
12049009,Male,33.0,58,33.0
10083045,Male,42.0,88,42.0
11248447,Male,37.0,68,37.0
819721,Male,46.0,129,46.0
4713723,Male,35.0,115,35.0
11141669,Male,36.0,69,36.0
10844015,Male,37.0,73,37.0
5012539,Male,35.0,114,35.0
11351893,Male,34.0,66,34.0
4815027,Male,33.0,115,33.0
11320883,Male,42.0,67,42.0
4306642,Male,33.0,117,33.0
10387447,Male,25.0,82,25.0
831271,Female,38.0,129,38.0
10373559,Male,35.0,82,35.0
11350661,Female,24.0,66,24.0
12030403,Male,28.0,58,28.0
11884019,Male,40.0,60,40.0
10991309,Male,28.0,71,28.0
10880401,Male,34.0,73,34.0
11328737,Female,41.0,66,41.0
10395444,Male,29.0,81,29.0
12282545,Male,36.0,56,36.0
593411,Male,37.0,130,37.0
844249,Male,36.0,129,36.0
12417929,Female,35.0,54,35.0
10284169,Male,41.0,84,41.0
11073237,Male,28.0,70,28.0
11158301,Male,41.0,69,41.0
10189011,Female,39.0,86,39.0
10205839,Female,34.0,86,34.0
9485175,Female,31.0,96,31.0
5267955,Female,38.0,113,38.0
9421181,Male,29.0,97,29.0
10862663,Male,28.0,73,28.0
10176271,Female,43.0,86,43.0
4754393,Male,35.0,115,35.0
8904609,Male,37.0,100,37.0
11158413,Male,28.0,69,28.0
10055269,Male,124.0,88,
11769275,Male,30.0,61,30.0
11474477,Male,34.0,64,34.0
8015317,Male,31.0,105,31.0
10597419,Male,34.0,77,34.0
10717273,Male,27.0,75,27.0
8209943,Male,29.0,104,29.0
12150957,Male,26.0,57,26.0
10905489,Male,31.0,72,31.0
10599729,Female,30.0,77,30.0
10597671,Male,31.0,77,31.0
860990,Female,38.0,129,38.0
11622037,Female,34.0,63,34.0
8768879,Male,37.0,101,37.0
8686965,Male,38.0,101,38.0
12324641,Male,33.0,55,33.0
4327911,Male,29.0,117,29.0
4690133,Female,32.0,115,32.0
12278147,Male,42.0,56,42.0
11896087,Male,35.0,60,35.0
9585247,Male,30.0,95,30.0
4291119,Male,40.0,117,40.0
12389433,Male,35.0,54,35.0
12180511,Female,34.0,57,34.0
11009271,Male,121.0,71,71.0
11887183,Male,34.0,60,34.0
10054681,Male,29.0,88,29.0
12163949,Male,31.0,57,31.0
9920547,Male,25.0,91,25.0
11247145,Male,29.0,68,29.0
4172693,Female,47.0,117,47.0
4228777,Female,34.0,117,34.0
12086053,Male,35.0,58,35.0
10906945,Male,43.0,72,43.0
11958233,Male,25.0,59,25.0
11489583,Male,26.0,64,26.0
11082519,Female,32.0,70,32.0
10314675,Male,35.0,83,35.0
11781455,Male,29.0,61,29.0
9312625,Male,36.0,97,36.0
5296431,Male,36.0,113,36.0
11084409,Female,47.0,70,47.0
11380033,Male,35.0,66,35.0
11344473,Female,37.0,66,37.0
4835963,Male,31.0,114,31.0
10925873,Male,18.0,72,18.0
11039245,Male,30.0,71,30.0
12270531,Male,34.0,56,34.0
4935693,Male,41.0,114,41.0
9998695,Male,34.0,89,34.0
11226271,Male,35.0,68,35.0
11214021,Male,41.0,69,41.0
12216155,Male,34.0,56,34.0
11076569,Male,33.0,70,33.0
12030263,Male,26.0,58,26.0
9127153,Female,46.0,99,46.0
1052163,Male,46.0,127,46.0
8873795,Female,42.0,100,42.0
9588622,Male,32.0,95,32.0
10999638,Male,42.0,71,42.0
4290055,Male,31.0,117,31.0
11448465,Male,50.0,64,50.0
10718246,Male,36.0,75,36.0
5315275,Male,33.0,113,33.0
8445465,Male,29.0,103,29.0
11866519,Female,26.0,60,26.0
9403541,Female,28.0,97,28.0
10335899,Male,42.0,83,42.0
875329,Male,48.0,129,48.0
4763465,Female,44.0,115,44.0
8486555,Female,36.0,103,36.0
9500953,Male,55.0,96,55.0
5043090,Male,31.0,114,31.0
247695,Male,43.0,130,43.0
11758257,Male,35.0,61,35.0
9716497,Male,25.0,94,25.0
12185131,Male,38.0,57,38.0
4348197,Male,32.0,117,32.0
4811849,Male,50.0,115,50.0
851739,Male,40.0,129,40.0
9837877,Male,28.0,93,28.0
10065251,Male,38.0,88,38.0
8463917,Male,37.0,103,37.0
4219047,Male,54.0,117,54.0
11149075,Male,45.0,69,45.0
9170307,Female,36.0,98,36.0
9519279,Male,53.0,96,53.0
8238671,Male,32.0,104,32.0
12230629,Male,29.0,56,29.0
9468137,Male,49.0,96,49.0
11107901,Male,47.0,70,47.0
10686795,Male,39.0,75,39.0
12233823,Male,46.0,56,46.0
4327841,Male,32.0,117,32.0
11498179,Male,46.0,64,46.0
11290769,Male,34.0,67,34.0
11709621,Female,58.0,62,58.0
1077559,Male,44.0,127,44.0
10387724,Male,37.0,82,37.0
8926995,Male,41.0,100,41.0
1101723,Male,31.0,127,31.0
869421,Female,39.0,129,39.0
4340231,Female,32.0,117,32.0
5309731,Male,28.0,113,28.0
10673747,Male,33.0,76,33.0
551355,Male,40.0,130,40.0
10095813,Male,31.0,88,31.0
9290183,Male,33.0,98,33.0
4664499,Male,35.0,115,35.0
11136517,Male,29.0,70,29.0
825111,Male,49.0,129,49.0
9177805,Male,45.0,98,45.0
10108945,Male,42.0,88,42.0
12114907,Male,45.0,57,45.0
8644391,Male,43.0,102,43.0
8172059,Male,42.0,104,42.0
9221863,Female,44.0,98,44.0
8134763,Female,30.0,104,30.0
10728179,Male,35.0,75,35.0
8181525,Male,31.0,104,31.0
8977465,Male,41.0,99,41.0
4171055,Male,38.0,117,38.0
10121204,Male,32.0,87,32.0
11346531,Female,39.0,66,39.0
845229,Male,72.0,129,72.0
268289,Male,39.0,130,39.0
10029579,Male,38.0,89,38.0
828364,Male,47.0,129,47.0
27867,Male,38.0,131,38.0
10129007,Male,33.0,87,33.0
25012,Male,48.0,131,48.0
11451181,Male,40.0,64,40.0
10606589,Male,35.0,77,35.0
10704295,Male,50.0,75,50.0
12066075,Male,32.0,58,32.0
5299539,Male,37.0,113,37.0
12389167,Female,54.0,54,54.0
9826621,Male,28.0,93,28.0
4874051,Male,75.0,114,75.0
8898393,Male,34.0,100,34.0
5283775,Male,37.0,113,37.0
10314339,Male,32.0,83,32.0
7913045,Male,29.0,105,29.0
4355858,Female,46.0,117,46.0
11042017,Male,28.0,71,28.0
4187435,Female,31.0,117,31.0
10676477,Male,35.0,76,35.0
9976659,Male,44.0,90,44.0
11533263,Male,35.0,64,35.0
8343811,Male,42.0,103,42.0
1059135,Male,36.0,127,36.0
10592477,Male,31.0,77,31.0
8053591,Male,39.0,105,39.0
11880211,Male,27.0,60,27.0
7884767,Female,39.0,105,39.0
10582173,Male,50.0,77,50.0
11702448,Male,32.0,62,32.0
11899223,Female,28.0,60,28.0
9824073,Male,28.0,93,28.0
11100831,Male,31.0,70,31.0
10290665,Female,29.0,84,29.0
10406851,Male,30.0,81,30.0
12342673,Male,123.0,55,55.0
1053101,Male,123.0,127,
12310053,Male,123.0,55,55.0
10412087,Male,123.0,81,
11413493,Male,123.0,65,65.0
1095255,Female,123.0,127,
10829329,Male,123.0,73,73.0
11479707,Male,123.0,64,64.0
10781729,Female,123.0,74,74.0
10917431,Male,123.0,72,72.0
12434905,Female,123.0,53,53.0
11800187,Male,123.0,61,61.0
8503677,Male,123.0,102,
1082739,Female,123.0,127,
11626839,Male,123.0,62,62.0
874020,Female,123.0,129,
7870625,Male,123.0,105,
10488093,Male,48.0,79,48.0
876645,Male,46.0,129,46.0
11220181,Male,38.0,68,38.0
4698255,Male,36.0,115,36.0
11788007,Male,34.0,61,34.0
10642121,Male,30.0,76,30.0
4335667,Male,31.0,117,31.0
11435333,Male,44.0,65,44.0
94857,Male,50.0,131,50.0
8833545,Male,28.0,100,28.0
12088195,Male,52.0,58,52.0
10420081,Male,45.0,81,45.0
4368931,Male,86.0,117,
11365949,Male,30.0,66,30.0
8379157,Male,31.0,103,31.0
9449223,Female,31.0,96,31.0
11422215,Male,32.0,65,32.0
10234100,Male,31.0,85,31.0
10456803,Male,36.0,80,36.0
8338141,Male,37.0,103,37.0
11191201,Male,27.0,69,27.0
10900337,Male,43.0,72,43.0
11339363,Female,30.0,66,30.0
11422873,Male,33.0,65,33.0
11899615,Male,33.0,60,33.0
8784349,Male,34.0,101,34.0
12209015,Female,30.0,56,30.0
12317473,Male,25.0,55,25.0
12499165,Male,33.0,53,33.0
825559,Male,40.0,129,40.0
10549693,Male,37.0,78,37.0
12065991,Male,32.0,58,32.0
11757193,Male,30.0,61,30.0
10333869,Male,33.0,83,33.0
11247845,Male,36.0,68,36.0
565649,Male,58.0,130,58.0
11997262,Male,36.0,59,36.0
488817,Male,37.0,130,37.0
11369659,Male,32.0,66,32.0
825587,Male,39.0,129,39.0
11689517,Male,34.0,62,34.0
4667159,Male,30.0,115,30.0
11001361,Male,30.0,71,30.0
7918354,Male,37.0,105,37.0
10942813,Female,44.0,72,44.0
4796696,Male,41.0,115,41.0
12217219,Male,31.0,56,31.0
9892631,Male,40.0,91,40.0
11573933,Male,34.0,63,34.0
11244919,Male,28.0,68,28.0
11781469,Female,35.0,61,35.0
12274899,Male,39.0,56,39.0
5153841,Male,35.0,113,35.0
11199895,Male,24.0,69,24.0
10959781,Female,32.0,72,32.0
11964447,Female,29.0,59,29.0
11259857,Male,52.0,68,52.0
85617,Male,48.0,131,48.0
840553,Male,40.0,129,40.0
11489625,Male,35.0,64,35.0
10632909,Male,25.0,76,25.0
11784316,Male,36.0,61,36.0
1119069,Male,35.0,127,35.0
9644619,Male,28.0,95,28.0
10343445,Male,43.0,82,43.0
12500117,Male,35.0,53,35.0
11342933,Male,27.0,66,27.0
10844755,Male,23.0,73,23.0
11679406,Male,28.0,62,28.0
5000569,Male,47.0,114,47.0
4769717,Male,34.0,115,34.0
11857839,Male,26.0,60,26.0
4326203,Male,48.0,117,48.0
11497801,Male,39.0,64,39.0
878213,Male,31.0,129,31.0
11484963,Male,36.0,64,36.0
12098877,Male,46.0,58,46.0
10984211,Male,35.0,71,35.0
11642841,Male,31.0,62,31.0
11834445,Male,29.0,60,29.0
446047,Male,41.0,130,41.0
11544281,Male,36.0,63,36.0
12510113,Male,31.0,53,31.0
4796421,Male,52.0,115,52.0
12497345,Male,26.0,53,26.0
11831463,Male,32.0,60,32.0
12315093,Male,38.0,55,38.0
11677267,Male,29.0,62,29.0
1074773,Male,43.0,127,43.0
10602557,Male,44.0,77,44.0
11352340,Male,33.0,66,33.0
12166310,Male,45.0,57,45.0
11548523,Male,29.0,63,29.0
8180851,Male,23.0,104,23.0
5107095,Male,39.0,113,39.0
11648973,Male,25.0,62,25.0
11700619,Male,31.0,62,31.0
11745279,Male,43.0,61,43.0
10807279,Male,29.0,74,29.0
4790401,Male,41.0,115,41.0
9192359,Male,33.0,98,33.0
11746343,Female,43.0,61,43.0
5097533,Female,30.0,113,30.0
11932151,Male,44.0,59,44.0
10906217,Male,38.0,72,38.0
10078859,Female,43.0,88,43.0
10654567,Male,34.0,76,34.0
11788749,Male,31.0,61,31.0
10791963,Male,42.0,74,42.0
10200841,Male,30.0,86,30.0
10628177,Male,29.0,76,29.0
10509037,Male,30.0,79,30.0
10831401,Male,32.0,73,32.0
8649621,Male,33.0,102,33.0
9016735,Male,36.0,99,36.0
11760875,Male,31.0,61,31.0
4965723,Male,47.0,114,47.0
879151,Male,43.0,129,43.0
8888047,Male,35.0,100,35.0
10273193,Male,35.0,84,35.0
9573613,Male,31.0,95,31.0
9873759,Male,33.0,92,33.0
1134903,Male,33.0,127,33.0
8920695,Male,25.0,100,25.0
9082745,Male,32.0,99,32.0
829829,Female,53.0,129,53.0
10712621,Male,27.0,75,27.0
10848971,Male,48.0,73,48.0
10385641,Male,36.0,82,36.0
8531789,Male,33.0,102,33.0
9118025,Male,34.0,99,34.0
4810701,Male,38.0,115,38.0
8834469,Male,36.0,100,36.0
10349913,Male,30.0,82,30.0
9845563,Male,36.0,92,36.0
10606211,Male,33.0,77,33.0
9381575,Female,52.0,97,52.0
829101,Male,42.0,129,42.0
11037355,Male,33.0,71,33.0
10819571,Female,29.0,73,29.0
10601479,Male,36.0,77,36.0
9556617,Female,34.0,95,34.0
8631147,Male,29.0,102,29.0
5302577,Female,38.0,113,38.0
10121979,Male,32.0,87,32.0
11698967,Female,37.0,62,37.0
8846327,Male,39.0,100,39.0
10473393,Male,37.0,80,37.0
9063145,Female,45.0,99,45.0
11025640,Male,30.0,71,30.0
4787446,Male,39.0,115,39.0
7965279,Male,26.0,105,26.0
9679047,Female,53.0,94,53.0
9473835,Male,26.0,96,26.0
9487107,Male,39.0,96,39.0
9618385,Female,56.0,95,56.0
9339589,Male,43.0,97,43.0
10885651,Male,39.0,73,39.0
10948539,Male,32.0,72,32.0
9741053,Male,41.0,94,41.0
4951093,Female,37.0,114,37.0
5108733,Male,65.0,113,65.0
10910739,Male,32.0,72,32.0
375406,Male,42.0,130,42.0
9420845,Male,28.0,97,28.0
9880521,Male,37.0,92,37.0
8620255,Male,63.0,102,63.0
318885,Male,41.0,130,41.0
8603175,Female,36.0,102,36.0
8693856,Male,39.0,101,39.0
9590399,Male,29.0,95,29.0
11123021,Male,32.0,70,32.0
5127437,Male,42.0,113,42.0
10536729,Male,32.0,78,32.0
5106801,Male,33.0,113,33.0
10719499,Male,26.0,75,26.0
10295397,Male,37.0,83,37.0
9427047,Male,30.0,96,30.0
11743039,Male,26.0,61,26.0
5260801,Female,48.0,113,48.0
9142273,Male,36.0,98,36.0
5134213,Female,35.0,113,35.0
11635337,Male,39.0,62,39.0
832445,Female,41.0,129,41.0
10363773,Male,32.0,82,32.0
818377,Male,44.0,129,44.0
8924069,Male,40.0,100,40.0
342381,Male,36.0,130,36.0
691705,Male,58.0,130,58.0
11058327,Male,35.0,70,35.0
4201253,Male,30.0,117,30.0
4333217,Male,49.0,117,49.0
9414951,Male,34.0,97,34.0
8635445,Male,40.0,102,40.0
5026973,Male,31.0,114,31.0
5185481,Female,32.0,113,32.0
10337831,Male,48.0,83,48.0
4671082,Male,38.0,115,38.0
11284931,Male,49.0,67,49.0
8034089,Female,42.0,105,42.0
8984101,Male,35.0,99,35.0
5287499,Male,46.0,113,46.0
9116443,Male,26.0,99,26.0
10334633,Male,31.0,83,31.0
5197572,Female,35.0,113,35.0
10270295,Female,56.0,84,56.0
10519621,Male,41.0,79,41.0
9947623,Male,35.0,90,35.0
10127607,Male,39.0,87,39.0
11913069,Male,31.0,59,31.0
9820055,Male,32.0,93,32.0
9573627,Male,29.0,95,29.0
10939047,Male,28.0,72,28.0
9159283,Male,33.0,98,33.0
9917033,Male,33.0,91,33.0
4372137,Male,42.0,117,42.0
8257515,Male,42.0,104,42.0
9234841,Male,42.0,98,42.0
9002329,Male,32.0,99,32.0
11857489,Male,123.0,60,60.0
1079407,Male,123.0,127,
11561389,Male,123.0,63,63.0
10881871,Male,123.0,73,73.0
11582081,Male,123.0,63,63.0
1086353,Female,123.0,127,
12196247,Male,123.0,56,56.0
11196059,Female,123.0,69,69.0
11709957,Male,123.0,62,62.0
11305721,Male,123.0,67,67.0
12465257,Male,123.0,53,53.0
11433107,Female,123.0,65,65.0
11860429,Female,123.0,60,60.0
10349101,Male,123.0,82,
11826199,Male,123.0,60,60.0
8751981,Male,123.0,101,
9328949,Male,123.0,97,
12265337,Male,123.0,56,56.0
8228255,Female,123.0,104,
85855,Male,123.0,131,
842709,Male,123.0,129,
9643711,Male,123.0,95,
12202127,Male,123.0,56,56.0
12066068,Male,31.0,58,31.0
10515561,Male,23.0,79,23.0
10907267,Male,13.0,72,72.0
549605,Male,36.0,130,36.0
11715739,Male,33.0,62,33.0
12276369,Male,36.0,56,36.0
10164819,Male,36.0,87,36.0
11591223,Male,27.0,63,27.0
4920839,Male,32.0,114,32.0
1123899,Male,36.0,127,36.0
12442773,Male,27.0,53,27.0
10687145,Male,28.0,75,28.0
12204885,Male,39.0,56,39.0
10689889,Male,31.0,75,31.0
10041633,Male,33.0,89,33.0
10717595,Male,31.0,75,31.0
11366243,Male,27.0,66,27.0
10075572,Male,39.0,88,39.0
12291811,Female,70.0,55,70.0
12043955,Male,44.0,58,44.0
64029,Female,70.0,131,70.0
10454969,Male,36.0,80,36.0
11075099,Male,36.0,70,36.0
848659,Male,47.0,129,47.0
11664952,Male,29.0,62,29.0
5096385,Male,49.0,113,49.0
88711,Male,40.0,131,40.0
11059923,Male,30.0,70,30.0
11531261,Male,35.0,64,35.0
11138043,Male,21.0,70,21.0
11646033,Male,31.0,62,31.0
11963525,Male,26.0,59,26.0
12176703,Male,35.0,57,35.0
11887001,Male,26.0,60,26.0
11604005,Male,30.0,63,30.0
11119801,Male,24.0,70,24.0
89271,Male,40.0,131,40.0
10558177,Male,36.0,78,36.0
11247299,Male,30.0,68,30.0
10212377,Male,31.0,86,31.0
11788943,Male,66.0,61,66.0
11814397,Female,29.0,60,29.0
4780363,Male,35.0,115,35.0
1073247,Male,42.0,127,42.0
828520,Female,40.0,129,40.0
10199315,Male,46.0,86,46.0
10218817,Male,34.0,85,34.0
1125285,Male,37.0,127,37.0
12492459,Female,39.0,53,39.0
10860353,Male,31.0,73,31.0
36888,Male,40.0,131,40.0
11443215,Male,27.0,65,27.0
12262341,Male,29.0,56,29.0
9585121,Male,50.0,95,50.0
11121971,Male,40.0,70,40.0
11615135,Male,33.0,63,33.0
12297201,Male,24.0,55,24.0
10653573,Female,43.0,76,43.0
9511047,Male,30.0,96,30.0
1037757,Male,40.0,127,40.0
11375553,Female,34.0,66,34.0
11702453,Female,32.0,62,32.0
12316493,Male,42.0,55,42.0
11735661,Male,32.0,61,32.0
10598618,Male,34.0,77,34.0
4826283,Male,35.0,114,35.0
11536721,Male,30.0,64,30.0
12437859,Male,31.0,53,31.0
12288773,Female,44.0,55,44.0
8899149,Male,28.0,100,28.0
11861521,Male,35.0,60,35.0
11702971,Female,46.0,62,46.0
4960333,Male,45.0,114,45.0
11903115,Male,29.0,60,29.0
11154969,Male,30.0,69,30.0
821667,Male,34.0,129,34.0
11723677,Female,27.0,61,27.0
11980269,Male,32.0,59,32.0
5180819,Male,34.0,113,34.0
8425207,Male,28.0,103,28.0
11022557,Male,28.0,71,28.0
10327667,Male,25.0,83,25.0
10556427,Male,28.0,78,28.0
9654043,Male,37.0,95,37.0
8182486,Male,27.0,104,27.0
10775033,Male,28.0,74,28.0
10970085,Male,30.0,71,30.0
8886087,Male,31.0,100,31.0
11776894,Male,46.0,61,46.0
9936185,Female,45.0,91,45.0
11221525,Male,36.0,68,36.0
11201586,Male,36.0,69,36.0
4369519,Male,31.0,117,31.0
4640825,Male,33.0,115,33.0
4880295,Male,36.0,114,36.0
12297425,Male,35.0,55,35.0
11926607,Male,32.0,59,32.0
11871461,Female,28.0,60,28.0
11519301,Male,35.0,64,35.0
526869,Male,46.0,130,46.0
10249337,Female,41.0,85,41.0
8427643,Female,30.0,103,30.0
10016433,Male,38.0,89,38.0
9707803,Male,40.0,94,40.0
11064193,Male,44.0,70,44.0
9484503,Female,38.0,96,38.0
10781463,Male,37.0,74,37.0
1082165,Male,38.0,127,38.0
8465275,Male,30.0,103,30.0
1073149,Male,51.0,127,51.0
9664641,Male,34.0,95,34.0
5188813,Male,41.0,113,41.0
4995165,Male,41.0,114,41.0
9194381,Male,30.0,98,30.0
8477791,Male,38.0,103,38.0
91413,Male,48.0,131,48.0
828331,Male,45.0,129,45.0
10762199,Male,30.0,74,30.0
9031729,Male,30.0,99,30.0
8060465,Male,41.0,105,41.0
8267763,Male,13.0,104,
4266031,Male,77.0,117,77.0
11362169,Male,32.0,66,32.0
10747919,Female,38.0,74,38.0
11334071,Male,34.0,66,34.0
8918595,Male,34.0,100,34.0
10161137,Female,32.0,87,32.0
10855045,Male,35.0,73,35.0
247709,Male,45.0,130,45.0
8918049,Female,32.0,100,32.0
10392207,Male,34.0,81,34.0
30667,Male,50.0,131,50.0
9580599,Male,41.0,95,41.0
10491635,Male,25.0,79,25.0
184331,Female,41.0,130,41.0
8136135,Male,29.0,104,29.0
854707,Male,44.0,129,44.0
9448831,Male,38.0,96,38.0
12024495,Female,31.0,58,31.0
1032521,Male,42.0,127,42.0
10863349,Male,35.0,73,35.0
8285571,Female,58.0,104,58.0
836731,Male,36.0,129,36.0
11453995,Male,47.0,64,47.0
8881145,Male,31.0,100,31.0
12205025,Male,47.0,56,47.0
5289571,Male,38.0,113,38.0
10239747,Female,29.0,85,29.0
9777481,Male,47.0,93,47.0
9821147,Female,48.0,93,48.0
5137741,Male,32.0,113,32.0
4703503,Female,40.0,115,40.0
854147,Male,47.0,129,47.0
11654097,Female,29.0,62,29.0
10878342,Male,34.0,73,34.0
31675,Male,44.0,131,44.0
9282749,Female,46.0,98,46.0
9337335,Female,39.0,97,39.0
9096969,Male,31.0,99,31.0
9204321,Male,35.0,98,35.0
5032741,Male,35.0,114,35.0
9499259,Male,33.0,96,33.0
9757993,Female,48.0,94,48.0
8308951,Male,45.0,104,45.0
10897775,Male,32.0,72,32.0
9660928,Male,31.0,95,31.0
8960035,Male,34.0,99,34.0
464499,Male,48.0,130,48.0
1115121,Male,38.0,127,38.0
9874921,Male,41.0,92,41.0
5277898,Male,31.0,113,31.0
9177889,Female,30.0,98,30.0
5185915,Male,30.0,113,30.0
8306199,Female,33.0,104,33.0
181979,Male,45.0,130,45.0
10665669,Male,31.0,76,31.0
10130477,Female,30.0,87,30.0
10856909,Male,48.0,73,48.0
399651,Male,38.0,130,38.0
9396765,Male,30.0,97,30.0
8994802,Male,37.0,99,37.0
1110879,Male,37.0,127,37.0
4861577,Male,37.0,114,37.0
8390375,Female,29.0,103,29.0
10162341,Female,44.0,87,44.0
8733627,Male,35.0,101,35.0
10072629,Male,33.0,88,33.0
8792548,Male,37.0,101,37.0
10235645,Male,33.0,85,33.0
4351515,Male,27.0,117,27.0
4290419,Female,33.0,117,33.0
10488891,Male,40.0,79,40.0
9566529,Male,39.0,95,39.0
8270017,Male,44.0,104,44.0
11270637,Male,55.0,68,55.0
4880631,Male,30.0,114,30.0
4335737,Male,37.0,117,37.0
4263357,Male,28.0,117,28.0
10231753,Male,28.0,85,28.0
10325819,Male,56.0,83,56.0
9433907,Male,30.0,96,30.0
9448929,Male,29.0,96,29.0
11120361,Male,29.0,70,29.0
7913703,Male,41.0,105,41.0
12052537,Male,123.0,58,58.0
12163067,Male,123.0,57,57.0
10750775,Male,123.0,74,74.0
8261351,Female,123.0,104,
10487435,Male,123.0,79,79.0
1085427,Male,123.0,127,
12108649,Male,123.0,57,57.0
12351395,Male,123.0,55,55.0
12239409,Male,123.0,56,56.0
11856957,Male,123.0,60,60.0
10048409,Female,123.0,89,
8384201,Male,123.0,103,
11763745,Male,123.0,61,61.0
11305707,Male,123.0,67,67.0
10754023,Male,123.0,74,74.0
11464173,Male,123.0,64,64.0
8381429,Female,123.0,103,
9695749,Male,123.0,94,
1134497,Male,123.0,127,
11915197,Male,123.0,59,59.0
853041,Male,123.0,129,
7887481,Male,123.0,105,
11571469,Male,123.0,63,63.0
11558778,Male,35.0,63,35.0
11662427,Male,36.0,62,36.0
8003765,Male,37.0,105,37.0
9111641,Female,32.0,99,32.0
10485312,Male,32.0,79,32.0
9146613,Male,29.0,98,29.0
10173863,Male,34.0,86,34.0
1098349,Male,27.0,127,27.0
5199355,Male,46.0,113,46.0
10620218,Female,32.0,76,32.0
9294873,Male,29.0,97,29.0
5084527,Male,62.0,113,62.0
8659175,Male,29.0,102,29.0
10931417,Male,32.0,72,32.0
8050903,Male,40.0,105,40.0
11875913,Male,29.0,60,29.0
12403965,Male,29.0,54,29.0
11067679,Male,29.0,70,29.0
10774127,Male,34.0,74,34.0
822269,Male,40.0,129,40.0
4198957,Male,35.0,117,35.0
861483,Male,55.0,129,55.0
4954103,Female,36.0,114,36.0
11211053,Male,50.0,69,50.0
8157303,Male,24.0,104,24.0
4735437,Male,54.0,115,54.0
11120165,Male,27.0,70,27.0
11936407,Male,24.0,59,24.0
11344837,Male,27.0,66,27.0
11618173,Male,30.0,63,30.0
11248727,Female,49.0,68,49.0
9945957,Female,34.0,90,34.0
10831625,Male,32.0,73,32.0
11367881,Male,30.0,66,30.0
11194729,Male,39.0,69,39.0
11756157,Male,29.0,61,29.0
10926349,Male,33.0,72,33.0
10587213,Male,33.0,77,33.0
11666641,Male,28.0,62,28.0
11697455,Female,33.0,62,33.0
1031779,Male,37.0,127,37.0
855925,Male,35.0,129,35.0
12408529,Male,25.0,54,25.0
11142495,Male,41.0,69,41.0
9918069,Male,27.0,91,27.0
8594971,Male,35.0,102,35.0
8984605,Female,32.0,99,32.0
12331683,Male,27.0,55,27.0
10462039,Male,33.0,80,33.0
11526263,Male,32.0,64,32.0
10092369,Male,35.0,88,35.0
11435137,Female,46.0,65,46.0
11546381,Female,40.0,63,40.0
229985,Male,41.0,130,41.0
11501511,Male,48.0,64,48.0
427231,Male,34.0,130,34.0
413763,Male,42.0,130,42.0
9718513,Male,29.0,94,29.0
10849461,Female,33.0,73,33.0
9760303,Male,36.0,94,36.0
10734759,Male,27.0,75,27.0
9171897,Male,30.0,98,30.0
11356121,Male,33.0,66,33.0
10269889,Female,52.0,84,52.0
12369195,Male,29.0,54,29.0
10524003,Male,33.0,78,33.0
11807789,Male,31.0,60,31.0
11229505,Male,32.0,68,32.0
8237075,Male,58.0,104,58.0
11884072,Male,33.0,60,33.0
11954341,Male,23.0,59,23.0
10723965,Male,40.0,75,40.0
11941853,Female,28.0,59,28.0
9257969,Male,31.0,98,31.0
9059715,Male,36.0,99,36.0
814457,Male,35.0,129,35.0
10217969,Male,37.0,85,37.0
11481253,Male,39.0,64,39.0
8770783,Male,29.0,101,29.0
5056919,Male,45.0,114,45.0
11416895,Female,36.0,65,36.0
8550934,Female,34.0,102,34.0
12129425,Male,28.0,57,28.0
4376603,Male,41.0,117,41.0
11644549,Male,30.0,62,30.0
11715221,Male,43.0,62,43.0
4159309,Female,40.0,117,40.0
11171643,Male,49.0,69,49.0
11789236,Male,30.0,61,30.0
11774945,Male,32.0,61,32.0
10666845,Male,31.0,76,31.0
8164051,Male,56.0,104,56.0
11468415,Male,35.0,64,35.0
12065963,Male,27.0,58,27.0
4277175,Male,34.0,117,34.0
11155921,Male,35.0,69,35.0
10060043,Male,27.0,88,27.0
12113465,Male,32.0,57,32.0
8398901,Male,33.0,103,33.0
5028765,Male,31.0,114,31.0
5219473,Female,33.0,113,33.0
10586415,Female,39.0,77,39.0
8219883,Male,55.0,104,55.0
9912035,Male,33.0,91,33.0
12515433,Male,29.0,53,29.0
12111267,Female,28.0,57,28.0
11096323,Male,29.0,70,29.0
12513683,Female,43.0,53,43.0
10314185,Female,35.0,83,35.0
12273527,Male,24.0,56,24.0
11905929,Male,28.0,60,28.0
10447731,Male,28.0,80,28.0
11773042,Female,27.0,61,27.0
11600687,Male,26.0,63,26.0
10786377,Male,27.0,74,27.0
11582165,Male,35.0,63,35.0
10524891,Male,38.0,78,38.0
4978502,Male,43.0,114,43.0
4912369,Male,36.0,114,36.0
10198139,Female,31.0,86,31.0
10460471,Female,50.0,80,50.0
12191375,Male,30.0,57,30.0
11645137,Male,36.0,62,36.0
11844973,Male,30.0,60,30.0
10933209,Male,45.0,72,45.0
11868493,Male,29.0,60,29.0
10418177,Female,58.0,81,58.0
9639203,Male,46.0,95,46.0
8556121,Male,34.0,102,34.0
11284968,Female,30.0,67,30.0
9839319,Male,48.0,93,48.0
11955977,Female,25.0,59,25.0
12126835,Male,27.0,57,27.0
5247473,Male,38.0,113,38.0
538377,Male,34.0,130,34.0
9716077,Male,45.0,94,45.0
5267423,Male,30.0,113,30.0
8815401,Male,44.0,101,44.0
8878401,Male,28.0,100,28.0
9801379,Female,35.0,93,35.0
5171467,Female,34.0,113,34.0
12243721,Male,28.0,56,28.0
12479999,Male,32.0,53,32.0
10554075,Male,24.0,78,24.0
1043175,Male,37.0,127,37.0
9190643,Male,28.0,98,28.0
9164771,Male,54.0,98,54.0
10538857,Male,29.0,78,29.0
8167607,Male,31.0,104,31.0
141673,Male,35.0,130,35.0
9831815,Male,31.0,93,31.0
12420653,Male,35.0,54,35.0
10561005,Female,27.0,78,27.0
8469041,Male,31.0,103,31.0
12079403,Male,34.0,58,34.0
4738461,Male,34.0,115,34.0
10004477,Female,38.0,89,38.0
455651,Male,42.0,130,42.0
11721031,Female,26.0,61,26.0
10549777,Male,30.0,78,30.0
8119237,Male,48.0,104,48.0
9184595,Male,47.0,98,47.0
8896783,Male,38.0,100,38.0
1099147,Male,35.0,127,35.0
5143747,Male,34.0,113,34.0
4271295,Male,34.0,117,34.0
752899,Male,49.0,129,49.0
9084329,Male,32.0,99,32.0
11168689,Male,26.0,69,26.0
9801771,Female,30.0,93,30.0
4743039,Male,28.0,115,28.0
9114441,Male,35.0,99,35.0
5033903,Male,31.0,114,31.0
4343087,Male,32.0,117,32.0
10005345,Female,31.0,89,31.0
10164189,Male,31.0,87,31.0
9470601,Female,55.0,96,55.0
8938727,Male,25.0,100,25.0
10141327,Male,30.0,87,30.0
11683791,Male,46.0,62,46.0
868329,Female,49.0,129,49.0
9811193,Male,47.0,93,47.0
8938223,Male,40.0,100,40.0
774669,Male,43.0,129,43.0
8554917,Male,37.0,102,37.0
11685121,Male,34.0,62,34.0
4172861,Male,38.0,117,38.0
10308165,Male,28.0,83,28.0
4766783,Male,35.0,115,35.0
1047501,Male,40.0,127,40.0
9210467,Male,33.0,98,33.0
10998001,Male,36.0,71,36.0
1034341,Male,36.0,127,36.0
9705171,Female,31.0,94,31.0
1110053,Male,37.0,127,37.0
10434753,Female,42.0,81,42.0
8295231,Male,26.0,104,26.0
11952857,Male,58.0,59,58.0
9691213,Male,32.0,94,32.0
9794295,Female,41.0,93,41.0
5007233,Male,36.0,114,36.0
439481,Male,34.0,130,34.0
5301877,Male,31.0,113,31.0
9715223,Male,41.0,94,41.0
5083351,Female,41.0,113,41.0
10112053,Male,35.0,88,35.0
263571,Male,39.0,130,39.0
12505801,Female,26.0,53,26.0
10867857,Male,29.0,73,29.0
10200183,Male,34.0,86,34.0
1031947,Male,45.0,127,45.0
8064119,Female,123.0,105,
11271351,Male,39.0,68,39.0
10898111,Male,28.0,72,28.0
9927071,Male,43.0,91,43.0
10663821,Male,35.0,76,35.0
9875271,Male,34.0,92,34.0
4726799,Male,28.0,115,28.0
11648427,Female,29.0,62,29.0
4880309,Male,35.0,114,35.0
11560780,Female,30.0,63,30.0
604905,Male,43.0,130,43.0
8071301,Female,48.0,105,48.0
4907735,Male,43.0,114,43.0
9302237,Male,30.0,97,30.0
10880121,Male,51.0,73,51.0
11804555,Male,30.0,61,30.0
8089991,Male,49.0,105,49.0
5174407,Male,40.0,113,40.0
10395707,Male,28.0,81,28.0
8246231,Female,48.0,104,48.0
11660145,Male,29.0,62,29.0
8432571,Male,31.0,103,31.0
11050235,Male,40.0,70,40.0
4751119,Male,32.0,115,32.0
4742283,Male,53.0,115,53.0
11491809,Male,26.0,64,26.0
8924783,Male,39.0,100,39.0
5239549,Female,44.0,113,44.0
10453751,Female,36.0,80,36.0
12336233,Male,29.0,55,29.0
4279877,Male,39.0,117,39.0
8297093,Female,31.0,104,31.0
4320589,Male,35.0,117,35.0
10512047,Male,33.0,79,33.0
7874752,Male,39.0,105,39.0
11428865,Male,33.0,65,33.0
8332765,Male,29.0,103,29.0
10987487,Female,55.0,71,55.0
9001629,Male,36.0,99,36.0
9507211,Male,36.0,96,36.0
11416419,Male,38.0,65,38.0
12152375,Male,123.0,57,57.0
11267235,Male,123.0,68,68.0
12102139,Female,123.0,58,58.0
11748667,Female,123.0,61,61.0
9784103,Male,123.0,93,
10972857,Male,123.0,71,71.0
1124165,Male,123.0,127,
7993629,Male,123.0,105,
8990373,Male,34.0,99,34.0
11202695,Male,32.0,69,32.0
4664247,Male,38.0,115,38.0
10598595,Male,44.0,77,44.0
12355917,Male,28.0,54,28.0
11332391,Male,28.0,66,28.0
11390295,Male,32.0,65,32.0
814807,Male,38.0,129,38.0
8775375,Male,32.0,101,32.0
12107753,Male,31.0,57,31.0
12236219,Male,24.0,56,24.0
11346965,Female,31.0,66,31.0
9659125,Male,42.0,95,42.0
10404443,Male,28.0,81,28.0
9710099,Male,42.0,94,42.0
11952899,Male,37.0,59,37.0
4893260,Male,45.0,114,45.0
12400409,Female,28.0,54,28.0
10635961,Male,37.0,76,37.0
11476717,Male,34.0,64,34.0
11351543,Female,26.0,66,26.0
10200631,Male,27.0,86,27.0
11808489,Male,27.0,60,27.0
10558107,Male,40.0,78,40.0
12460525,Male,28.0,53,28.0
95795,Male,38.0,131,38.0
12448317,Male,34.0,53,34.0
12244057,Male,29.0,56,29.0
10349339,Male,30.0,82,30.0
11071963,Male,29.0,70,29.0
8667001,Male,23.0,102,23.0
11445441,Male,28.0,65,28.0
12239969,Male,29.0,56,29.0
11965261,Male,33.0,59,33.0
11067385,Male,34.0,70,34.0
8292893,Female,53.0,104,53.0
10456015,Male,34.0,80,34.0
5166217,Male,35.0,113,35.0
11686241,Male,41.0,62,41.0
11817589,Male,26.0,60,26.0
10589285,Male,27.0,77,27.0
4881975,Male,48.0,114,48.0
10466589,Male,35.0,80,35.0
5303011,Male,42.0,113,42.0
10847109,Male,24.0,73,24.0
12049359,Male,29.0,58,29.0
11913979,Male,37.0,59,37.0
10350907,Male,41.0,82,41.0
5127129,Male,37.0,113,37.0
11555705,Male,28.0,63,28.0
9615137,Male,30.0,95,30.0
1067899,Male,39.0,127,39.0
9054213,Male,31.0,99,31.0
4874625,Male,31.0,114,31.0
5188589,Male,48.0,113,48.0
11441437,Male,32.0,65,32.0
11826913,Male,29.0,60,29.0
722379,Male,49.0,130,49.0
629391,Male,40.0,130,40.0
10655253,Male,30.0,76,30.0
10054233,Female,33.0,88,33.0
10588879,Male,30.0,77,30.0
5211031,Male,39.0,113,39.0
10704547,Female,35.0,75,35.0
11054869,Male,26.0,70,26.0
9235289,Female,36.0,98,36.0
11321009,Male,29.0,67,29.0
8436323,Male,25.0,103,25.0
12404973,Male,28.0,54,28.0
9158779,Male,29.0,98,29.0
11164923,Male,30.0,69,30.0
9882929,Male,30.0,92,30.0
5135193,Male,37.0,113,37.0
11870117,Male,41.0,60,41.0
12040525,Male,29.0,58,29.0
10137575,Male,33.0,87,33.0
11170733,Female,34.0,69,34.0
10083549,Male,26.0,88,26.0
4835971,Male,33.0,114,33.0
11332979,Male,51.0,66,51.0
10813016,Male,27.0,74,27.0
12442507,Male,27.0,53,27.0
12033511,Female,27.0,58,27.0
11053959,Male,42.0,70,42.0
11737579,Male,35.0,61,35.0
10646363,Male,71.0,76,71.0
10525627,Male,53.0,78,53.0
10709489,Male,28.0,75,28.0
9702637,Male,41.0,94,41.0
4648749,Male,49.0,115,49.0
11635449,Male,36.0,62,36.0
10623347,Male,29.0,76,29.0
11177677,Male,37.0,69,37.0
9526891,Male,39.0,96,39.0
11019561,Male,27.0,71,27.0
5094243,Female,29.0,113,29.0
9177091,Male,32.0,98,32.0
11384331,Male,28.0,65,28.0
11290111,Male,33.0,67,33.0
11405317,Male,27.0,65,27.0
11218767,Male,32.0,69,32.0
12004951,Male,32.0,59,32.0
8012795,Male,29.0,105,29.0
4359663,Male,40.0,117,40.0
12319769,Male,45.0,55,45.0
9761955,Male,48.0,94,48.0
12114445,Male,30.0,57,30.0
10575747,Male,31.0,77,31.0
10620995,Female,31.0,76,31.0
11539129,Female,51.0,63,51.0
106519,Male,39.0,130,39.0
8212043,Male,55.0,104,55.0
11362953,Male,29.0,66,29.0
10173723,Female,44.0,86,44.0
11832471,Male,31.0,60,31.0
11664373,Female,29.0,62,29.0
10364893,Male,33.0,82,33.0
10580031,Male,32.0,77,32.0
8449007,Female,34.0,103,34.0
5064829,Male,33.0,114,33.0
11816287,Male,29.0,60,29.0
7975331,Female,32.0,105,32.0
11610193,Male,37.0,63,37.0
9822225,Male,39.0,93,39.0
8945181,Male,30.0,100,30.0
5110049,Female,46.0,113,46.0
10075065,Male,31.0,88,31.0
4776093,Male,41.0,115,41.0
29561,Male,44.0,131,44.0
8815793,Female,33.0,101,33.0
4365725,Male,38.0,117,38.0
9924579,Male,58.0,91,58.0
8795820,Female,29.0,101,29.0
8928619,Male,32.0,100,32.0
10719415,Male,41.0,75,41.0
10235687,Female,44.0,85,44.0
4855907,Male,37.0,114,37.0
8396997,Male,30.0,103,30.0
4181877,Male,70.0,117,70.0
11200917,Male,29.0,69,29.0
12378821,Male,31.0,54,31.0
1061445,Male,37.0,127,37.0
9566599,Male,51.0,95,51.0
8584947,Male,46.0,102,46.0
11823315,Male,37.0,60,37.0
4731265,Male,35.0,115,35.0
9217705,Male,32.0,98,32.0
9065155,Male,38.0,99,38.0
10553347,Male,38.0,78,38.0
839839,Male,40.0,129,40.0
10730825,Male,28.0,75,28.0
1037071,Male,30.0,127,30.0
8784755,Male,26.0,101,26.0
10139059,Male,27.0,87,27.0
9639967,Male,27.0,95,27.0
9389329,Male,31.0,97,31.0
192577,Male,46.0,130,46.0
5237995,Male,36.0,113,36.0
9385747,Male,30.0,97,30.0
7974057,Male,45.0,105,45.0
10894107,Male,37.0,72,37.0
8210111,Male,45.0,104,45.0
5153239,Female,46.0,113,46.0
4935455,Female,48.0,114,48.0
4266689,Male,30.0,117,30.0
8545873,Female,34.0,102,34.0
10107363,Female,46.0,88,46.0
10226027,Male,42.0,85,42.0
10105529,Male,34.0,88,34.0
309449,Female,47.0,130,47.0
9851331,Male,28.0,92,28.0
4957197,Male,32.0,114,32.0
4822223,Female,47.0,114,47.0
829087,Male,38.0,129,38.0
8705049,Female,43.0,101,43.0
1053913,Male,39.0,127,39.0
11134347,Female,27.0,70,27.0
12266345,Male,28.0,56,28.0
4355155,Female,42.0,117,42.0
10913483,Female,37.0,72,37.0
1081577,Male,30.0,127,30.0
10174829,Male,38.0,86,38.0
10032743,Male,32.0,89,32.0
80367,Male,56.0,131,56.0
8472065,Female,32.0,103,32.0
680911,Male,35.0,130,35.0
10058517,Male,35.0,88,35.0
8841080,Female,38.0,100,38.0
10872141,Male,28.0,73,28.0
9211615,Male,34.0,98,34.0
4258261,Male,51.0,117,51.0
4765747,Male,54.0,115,54.0
8556219,Female,68.0,102,68.0
11372613,Female,39.0,66,39.0
5019357,Male,43.0,114,43.0
10578827,Male,42.0,77,42.0
10371445,Male,32.0,82,32.0
10817681,Male,29.0,74,29.0
8030407,Male,37.0,105,37.0
4906559,Male,43.0,114,43.0
9337517,Male,33.0,97,33.0
8968029,Male,33.0,99,33.0
9531067,Male,33.0,96,33.0
4240047,Female,34.0,117,34.0
10087357,Female,30.0,88,30.0
7862379,Female,43.0,105,43.0
9090949,Male,45.0,99,45.0
8264529,Male,26.0,104,26.0
4306897,Male,32.0,117,32.0
10870307,Female,29.0,73,29.0
11921749,Male,47.0,59,47.0
11774063,Female,33.0,61,33.0
11067399,Male,123.0,70,70.0
11362407,Male,123.0,66,66.0
11477753,Female,123.0,64,64.0
11801587,Male,123.0,61,61.0
8622929,Female,123.0,102,
10129525,Male,123.0,87,
10742053,Male,123.0,75,75.0
10551835,Male,123.0,78,78.0
12385737,Male,123.0,54,54.0
12147345,Male,123.0,57,57.0
9414391,Male,123.0,97,
10470033,Male,123.0,80,80.0
12017369,Male,123.0,58,58.0
12501293,Male,123.0,53,53.0
1029203,Male,123.0,127,
8503257,Male,123.0,102,
8636617,Male,123.0,102,
8040305,Male,123.0,105,
11787013,Male,37.0,61,37.0
11740813,Male,40.0,61,40.0
12156585,Male,28.0,57,28.0
1082697,Male,33.0,127,33.0
11756381,Male,38.0,61,38.0
12188267,Male,49.0,57,49.0
12149403,Male,27.0,57,27.0
11111289,Male,25.0,70,25.0
11987115,Male,42.0,59,42.0
12275795,Male,43.0,56,43.0
11766825,Male,35.0,61,35.0
11448325,Male,26.0,64,26.0
10189795,Male,31.0,86,31.0
11540109,Male,32.0,63,32.0
10640259,Male,29.0,76,29.0
12055813,Male,36.0,58,36.0
5117280,Male,55.0,113,55.0
9645461,Male,63.0,95,63.0
207977,Male,42.0,130,42.0
12202337,Male,30.0,56,30.0
9104081,Male,36.0,99,36.0
8290023,UNKNOWN,24.0,104,24.0
8330111,Male,29.0,103,29.0
23205,Male,41.0,131,41.0
11526907,Male,29.0,64,29.0
11779033,Male,27.0,61,27.0
1032703,Male,34.0,127,34.0
11222169,Female,28.0,68,28.0
4345789,Male,39.0,117,39.0
11534383,Male,44.0,64,44.0
549241,Male,42.0,130,42.0
11764837,Male,30.0,61,30.0
9848531,Male,38.0,92,38.0
5281745,Male,42.0,113,42.0
12405183,Male,28.0,54,28.0
10476053,Male,40.0,80,40.0
10663247,Male,27.0,76,27.0
10297413,Male,40.0,83,40.0
5168429,Male,39.0,113,39.0
11788091,Female,52.0,61,52.0
8906877,Male,49.0,100,49.0
9974209,Male,25.0,90,25.0
12317417,Male,31.0,55,31.0
11704147,Female,31.0,62,31.0
11481099,Male,34.0,64,34.0
11217479,Female,33.0,69,33.0
11191733,Male,33.0,69,33.0
12238513,Male,43.0,56,43.0
11565743,Male,36.0,63,36.0
9892463,Male,32.0,91,32.0
9919889,Female,31.0,91,31.0
11198845,Male,31.0,69,31.0
8812671,Male,36.0,101,36.0
11277413,Male,33.0,67,33.0
9193765,Male,30.0,98,30.0
11654727,Male,31.0,62,31.0
11412807,Male,29.0,65,29.0
11083667,Female,30.0,70,30.0
10365341,Male,37.0,82,37.0
10370241,Male,28.0,82,28.0
11402993,Male,25.0,65,25.0
8366211,Male,33.0,103,33.0
11481029,Male,33.0,64,33.0
10495793,Female,30.0,79,30.0
11716861,Male,35.0,62,35.0
12369228,Male,32.0,54,32.0
11628491,Female,48.0,62,48.0
12047721,Male,62.0,58,62.0
11963595,Male,27.0,59,27.0
11676361,Male,29.0,62,29.0
12046167,Male,25.0,58,25.0
5020421,Male,19.0,114,19.0
11808727,Male,27.0,60,27.0
9773099,Male,35.0,94,35.0
8589287,Female,35.0,102,35.0
12514691,Male,31.0,53,31.0
12397637,Male,37.0,54,37.0
11278435,Male,30.0,67,30.0
10609067,Male,37.0,77,37.0
9929941,Male,28.0,91,28.0
10862677,Male,33.0,73,33.0
11506915,Male,27.0,64,27.0
9007775,Male,33.0,99,33.0
10239271,Male,32.0,85,32.0
8242143,Female,34.0,104,34.0
12293365,Male,32.0,55,32.0
4368455,Male,35.0,117,35.0
12096175,Male,34.0,58,34.0
9870819,Female,31.0,92,31.0
11323053,Male,28.0,67,28.0
11601695,Male,26.0,63,26.0
10674153,Male,27.0,76,27.0
12265225,Male,25.0,56,25.0
10726947,Male,27.0,75,27.0
11644633,Female,34.0,62,34.0
11747715,Male,29.0,61,29.0
11464887,Male,34.0,64,34.0
11350983,Male,49.0,66,49.0
10676169,Male,35.0,76,35.0
10041717,Male,39.0,89,39.0
12122889,Male,30.0,57,30.0
10662967,Male,44.0,76,44.0
11362281,Male,38.0,66,38.0
12513403,Male,44.0,53,44.0
8700727,Male,31.0,101,31.0
4656841,Male,36.0,115,36.0
10276682,Male,37.0,84,37.0
4916331,Male,27.0,114,27.0
10358187,Female,30.0,82,30.0
10198251,Male,33.0,86,33.0
5081979,Male,28.0,113,28.0
8755019,Male,32.0,101,32.0
4715795,Male,41.0,115,41.0
7893347,Male,52.0,105,52.0
10518235,Male,31.0,79,31.0
4652165,Female,39.0,115,39.0
4333245,Male,37.0,117,37.0
5107291,Male,44.0,113,44.0
10289461,Male,36.0,84,36.0
9000705,Male,46.0,99,46.0
1093491,Male,48.0,127,48.0
9849399,Male,43.0,92,43.0
222747,Male,43.0,130,43.0
11137175,Male,27.0,70,27.0
12237631,Male,45.0,56,45.0
9746961,Male,24.0,94,24.0
4200049,Male,38.0,117,38.0
12242797,Male,27.0,56,27.0
11770647,Male,31.0,61,31.0
5234425,Male,44.0,113,44.0
804951,Female,38.0,129,38.0
9059113,Male,29.0,99,29.0
1080611,Male,45.0,127,45.0
4345705,Male,56.0,117,56.0
8819265,Male,31.0,101,31.0
8768487,Male,32.0,101,32.0
8385629,Male,44.0,103,44.0
9542561,Male,29.0,95,29.0
9992451,Male,28.0,89,28.0
8957949,Male,41.0,100,41.0
9948771,Female,37.0,90,37.0
10593513,Male,38.0,77,38.0
10667489,Male,26.0,76,26.0
11819493,Male,26.0,60,26.0
9690293,Male,32.0,94,32.0
11945577,Male,30.0,59,30.0
9063649,Female,35.0,99,35.0
5154387,Male,38.0,113,38.0
10343431,Male,30.0,82,30.0
9998177,Male,27.0,89,27.0
581469,Male,45.0,130,45.0
7978355,Male,41.0,105,41.0
10406543,Male,25.0,81,25.0
8434321,Male,32.0,103,32.0
9037315,Male,46.0,99,46.0
10556329,Male,32.0,78,32.0
4725441,Male,45.0,115,45.0
861917,Female,48.0,129,48.0
9924719,Male,33.0,91,33.0
1133391,Male,37.0,127,37.0
9773631,Male,49.0,94,49.0
10391619,Female,39.0,81,39.0
9897433,Male,24.0,91,24.0
1037407,Female,40.0,127,40.0
9305275,Male,31.0,97,31.0
9192379,Male,25.0,98,25.0
10159735,Male,34.0,87,34.0
10439835,Male,40.0,80,40.0
11878349,Female,26.0,60,26.0
8645959,Male,40.0,102,40.0
11099319,Female,50.0,70,50.0
852103,Male,35.0,129,35.0
9406677,Male,26.0,97,26.0
4157979,Male,39.0,117,39.0
9689743,Male,40.0,94,40.0
8544823,Female,36.0,102,36.0
5072865,Male,33.0,113,33.0
5073145,Male,46.0,113,46.0
7935039,Male,33.0,105,33.0
9248141,Male,32.0,98,32.0
10604405,Male,33.0,77,33.0
4968397,Female,40.0,114,40.0
4838166,Male,35.0,114,35.0
1097719,Female,52.0,127,52.0
793205,Male,38.0,129,38.0
9988788,Male,37.0,90,37.0
4277105,Male,43.0,117,43.0
238511,Male,44.0,130,44.0
11516323,Female,53.0,64,53.0
4826773,Male,38.0,114,38.0
10969161,Male,29.0,71,29.0
9754199,Male,35.0,94,35.0
9007498,Male,41.0,99,41.0
12017649,Male,26.0,58,26.0
4365389,Male,35.0,117,35.0
9887566,Male,35.0,92,35.0
10743691,Male,29.0,75,29.0
11136755,Male,25.0,70,25.0
9544493,Male,33.0,95,33.0
9477517,Male,39.0,96,39.0
7992607,Male,29.0,105,29.0
11441059,Female,30.0,65,30.0
10619833,Female,32.0,76,32.0
4956175,Female,41.0,114,41.0
9874389,Female,40.0,92,40.0
4819353,Male,12.0,114,
10668721,Male,31.0,76,31.0
8142029,Female,25.0,104,25.0
9770940,Male,59.0,94,59.0
12048113,Male,33.0,58,33.0
9506833,Male,53.0,96,53.0
4759741,Male,33.0,115,33.0
10927259,Male,32.0,72,32.0
1037099,Male,43.0,127,43.0
9131297,Male,47.0,99,47.0
10059553,Male,34.0,88,34.0
9388337,Male,36.0,97,36.0
9683667,Male,44.0,94,44.0
4193819,Male,42.0,117,42.0
12257301,Female,123.0,56,56.0
12310375,Male,123.0,55,55.0
12116083,Male,123.0,57,57.0
12127521,Male,123.0,57,57.0
1081983,Male,123.0,127,
12288871,Male,123.0,55,55.0
10246579,Male,123.0,85,
12029605,Male,123.0,58,58.0
10403981,Male,123.0,81,
8492084,Female,123.0,102,
8666581,Male,123.0,102,
772991,Male,45.0,129,45.0
10502611,Male,38.0,79,38.0
11217857,Male,27.0,69,27.0
10406767,Male,30.0,81,30.0
10550421,Male,40.0,78,40.0
4931115,Male,40.0,114,40.0
11475247,Male,28.0,64,28.0
10860815,Male,30.0,73,30.0
10117555,Male,31.0,88,31.0
11164447,Male,28.0,69,28.0
8717977,Female,46.0,101,46.0
11985085,Male,24.0,59,24.0
10702923,Male,40.0,75,40.0
8682448,Female,30.0,101,30.0
10588571,Male,37.0,77,37.0
9121119,Male,40.0,99,40.0
11177411,Male,36.0,69,36.0
10229289,Male,26.0,85,26.0
12382251,Male,34.0,54,34.0
10771411,Male,35.0,74,35.0
10161795,Male,43.0,87,43.0
5203807,Female,40.0,113,40.0
12461253,Male,26.0,53,26.0
11841333,Male,33.0,60,33.0
10480029,Male,40.0,79,40.0
11325111,Male,38.0,67,38.0
12362007,Male,27.0,54,27.0
38213,Male,35.0,131,35.0
10654931,Male,27.0,76,27.0
11637157,Male,35.0,62,35.0
11595829,Male,34.0,63,34.0
813911,Male,43.0,129,43.0
11973997,Male,30.0,59,30.0
11800663,Male,34.0,61,34.0
11908757,Male,33.0,59,33.0
10716909,Male,26.0,75,26.0
10980655,Male,33.0,71,33.0
9461277,Female,35.0,96,35.0
12192173,Male,26.0,57,26.0
11747673,Male,27.0,61,27.0
870471,Male,39.0,129,39.0
46753,Male,35.0,131,35.0
11364456,Female,46.0,66,46.0
4676455,Male,22.0,115,22.0
8285845,Male,36.0,104,36.0
9081527,Male,33.0,99,33.0
12316171,Male,34.0,55,34.0
12029703,Male,36.0,58,36.0
765233,Male,42.0,129,42.0
11425519,Female,54.0,65,54.0
4897641,Male,40.0,114,40.0
5244519,Male,44.0,113,44.0
8992615,Female,37.0,99,37.0
11812367,Male,26.0,60,26.0
11555327,Male,22.0,63,22.0
12233543,Female,35.0,56,35.0
5302367,Male,35.0,113,35.0
11603843,Female,29.0,63,29.0
10845415,Male,31.0,73,31.0
10603103,Male,31.0,77,31.0
10738721,Male,24.0,75,24.0
11733967,Male,32.0,61,32.0
8440075,Male,39.0,103,39.0
10140123,Male,37.0,87,37.0
4696377,Male,44.0,115,44.0
10396407,Male,28.0,81,28.0
10557603,Male,31.0,78,31.0
11611607,Male,36.0,63,36.0
9143043,Male,35.0,98,35.0
5030781,Male,37.0,114,37.0
11550259,Male,33.0,63,33.0
806673,Male,37.0,129,37.0
11591825,Male,30.0,63,30.0
11175997,Male,48.0,69,48.0
12213943,Male,36.0,56,36.0
10238711,Male,29.0,85,29.0
9726765,Female,31.0,94,31.0
10307409,Male,44.0,83,44.0
12213663,Male,27.0,56,27.0
10757915,Male,36.0,74,36.0
1117291,Male,53.0,127,53.0
12513963,Male,35.0,53,35.0
4325061,Male,61.0,117,61.0
11106963,Male,26.0,70,26.0
10187999,Male,38.0,86,38.0
10605791,Male,35.0,77,35.0
10506013,Male,56.0,79,56.0
11622555,Male,33.0,63,33.0
9887367,Male,38.0,92,38.0
12231303,Female,48.0,56,48.0
12131609,Male,25.0,57,25.0
10781673,Male,31.0,74,31.0
11134193,Female,38.0,70,38.0
11843755,Male,28.0,60,28.0
8333171,Male,31.0,103,31.0
11942203,Female,39.0,59,39.0
11862425,Male,33.0,60,33.0
8733921,Male,42.0,101,42.0
10254461,Male,29.0,85,29.0
9578863,Male,35.0,95,35.0
12042107,Male,38.0,58,38.0
11192363,Male,44.0,69,44.0
10519355,Male,33.0,79,33.0
5002431,Male,54.0,114,54.0
9362367,Male,40.0,97,40.0
10661177,Male,27.0,76,27.0
11114952,Male,35.0,70,35.0
11150510,Female,32.0,69,32.0
9853585,Male,29.0,92,29.0
10896991,Male,37.0,72,37.0
10257611,Male,33.0,84,33.0
12256349,Male,47.0,56,47.0
4188975,Female,35.0,117,35.0
4164465,Male,36.0,117,36.0
10199343,Female,53.0,86,53.0
5152763,Male,33.0,113,33.0
4194113,Male,35.0,117,35.0
10464531,Male,37.0,80,37.0
11173967,Male,46.0,69,46.0
9238601,Male,36.0,98,36.0
4810407,Male,39.0,115,39.0
10030839,Male,31.0,89,31.0
8317309,Female,28.0,104,28.0
10891321,Female,30.0,72,30.0
4773167,Male,39.0,115,39.0
9683933,Male,48.0,94,48.0
4319592,Male,30.0,117,30.0
10928365,Male,29.0,72,29.0
4319231,Male,40.0,117,40.0
9819803,Male,45.0,93,45.0
10203459,Male,36.0,86,36.0
10524885,Male,48.0,78,48.0
9284142,Male,31.0,98,31.0
12479201,Male,35.0,53,35.0
472185,Male,39.0,130,39.0
8908996,Male,33.0,100,33.0
10506195,Male,27.0,79,27.0
11525549,Male,27.0,64,27.0
4171601,Male,30.0,117,30.0
10686949,Male,41.0,75,41.0
413449,Male,38.0,130,38.0
4643359,Male,37.0,115,37.0
380975,Male,57.0,130,57.0
10326757,Male,40.0,83,40.0
10691723,Male,43.0,75,43.0
99813,Male,42.0,131,42.0
9529009,Male,25.0,96,25.0
9913183,Male,29.0,91,29.0
11327463,Male,31.0,67,31.0
4375441,Male,40.0,117,40.0
10872183,Male,28.0,73,28.0
10906245,Female,34.0,72,34.0
11017307,Male,41.0,71,41.0
10260369,Male,32.0,84,32.0
10519271,Male,28.0,79,28.0
11067133,Male,31.0,70,31.0
9424387,Male,32.0,96,32.0
7881853,Male,39.0,105,39.0
11151553,Male,30.0,69,30.0
11865357,Male,27.0,60,27.0
9005003,Male,31.0,99,31.0
5135669,Female,32.0,113,32.0
12277853,Male,32.0,56,32.0
5008451,Male,35.0,114,35.0
9914592,Male,36.0,91,36.0
8417619,Male,41.0,103,41.0
10341821,Male,47.0,82,47.0
9544325,Male,35.0,95,35.0
10634337,Male,43.0,76,43.0
4160177,Male,52.0,117,52.0
10150105,Female,29.0,87,29.0
5079504,Male,34.0,113,34.0
10062087,Male,32.0,88,32.0
10080441,Male,41.0,88,41.0
823963,Male,46.0,129,46.0
9411101,Male,31.0,97,31.0
8719557,Male,30.0,101,30.0
9513301,Male,30.0,96,30.0
8327165,Male,26.0,103,26.0
436849,Male,49.0,130,49.0
10848761,Male,40.0,73,40.0
8779323,Male,31.0,101,31.0
5008083,Male,39.0,114,39.0
9807777,Female,51.0,93,51.0
10231291,Male,37.0,85,37.0
120393,Male,39.0,130,39.0
12112933,Male,32.0,57,32.0
8487073,Male,47.0,103,47.0
12297971,Male,17.0,55,17.0
10537737,Male,30.0,78,30.0
5041631,Male,44.0,114,44.0
9991009,Male,40.0,90,40.0
12099297,Male,25.0,58,25.0
11248223,Male,40.0,68,40.0
10309070,Female,42.0,83,42.0
7950075,Male,37.0,105,37.0
8064722,Male,23.0,105,23.0
9575699,Male,37.0,95,37.0
10210445,Male,31.0,86,31.0
9188343,Female,36.0,98,36.0
4309277,Male,41.0,117,41.0
9264436,Male,40.0,98,40.0
10595655,Male,31.0,77,31.0
9837303,Female,43.0,93,43.0
5027295,Male,27.0,114,27.0
9693495,Male,24.0,94,24.0
9321137,Female,31.0,97,31.0
10811269,Male,41.0,74,41.0
10017623,Male,32.0,89,32.0
9522177,Male,33.0,96,33.0
10287403,Female,35.0,84,35.0
12079067,Male,31.0,58,31.0
8416429,Male,47.0,103,47.0
12210233,Male,30.0,56,30.0
9079733,Male,32.0,99,32.0
4261593,Male,34.0,117,34.0
8842197,Male,47.0,100,47.0
9152773,Male,34.0,98,34.0
9317287,Male,48.0,97,48.0
4841375,Male,44.0,114,44.0
11690609,Male,123.0,62,62.0
881001,Male,123.0,129,
1121659,Male,123.0,127,
10498299,Male,123.0,79,79.0
12055841,Male,123.0,58,58.0
12221665,Male,123.0,56,56.0
10206021,Male,123.0,86,
10196683,Male,123.0,86,
10678115,Male,123.0,76,76.0
9055389,Male,123.0,99,
11038307,Male,123.0,71,71.0
10097549,Male,123.0,88,
9101953,Male,123.0,99,
11047925,Male,123.0,70,70.0
1047767,Male,123.0,127,
880173,Male,123.0,129,
8895117,Female,123.0,100,
8556541,Male,123.0,102,
7988799,Male,49.0,105,49.0
8262681,Female,43.0,104,43.0
635677,Male,34.0,130,34.0
11836601,Male,29.0,60,29.0
11059503,Male,48.0,70,48.0
1043973,Male,39.0,127,39.0
12338781,Male,33.0,55,33.0
10360133,Male,28.0,82,28.0
1069537,Male,52.0,127,52.0
11445637,Female,56.0,65,56.0
10143301,Male,31.0,87,31.0
9930187,Female,36.0,91,36.0
12368769,Male,29.0,54,29.0
12021905,Male,28.0,58,28.0
10984281,Male,45.0,71,45.0
11597985,Male,51.0,63,51.0
4179763,Male,36.0,117,36.0
10606127,Male,29.0,77,29.0
11456095,Male,26.0,64,26.0
8039969,Male,30.0,105,30.0
83027,Male,38.0,131,38.0
9900527,Male,33.0,91,33.0
11131197,Male,38.0,70,38.0
10877025,Female,37.0,73,37.0
9770677,Male,32.0,94,32.0
11997405,Male,33.0,59,33.0
5081965,Male,49.0,113,49.0
11239025,Male,45.0,68,45.0
10786727,Male,32.0,74,32.0
10321465,Male,32.0,83,32.0
11281529,Male,32.0,67,32.0
4774511,Male,35.0,115,35.0
9475459,Male,34.0,96,34.0
12258351,Female,27.0,56,27.0
9014019,Male,30.0,99,30.0
10755115,Male,27.0,74,27.0
10202661,Female,34.0,86,34.0
10717609,Male,34.0,75,34.0
11976881,Male,29.0,59,29.0
11955433,Female,28.0,59,28.0
11421011,Male,37.0,65,37.0
8940587,Male,48.0,100,48.0
10460275,Male,30.0,80,30.0
9451407,Male,29.0,96,29.0
12202813,Male,28.0,56,28.0
10084781,Male,30.0,88,30.0
10997203,Female,38.0,71,38.0
10779657,Male,32.0,74,32.0
10562545,Male,30.0,78,30.0
11663617,Male,47.0,62,47.0
8267875,Male,42.0,104,42.0
11780195,Female,49.0,61,49.0
11352033,Male,49.0,66,49.0
11501144,Female,41.0,64,41.0
11498235,Female,52.0,64,52.0
10945277,Male,30.0,72,30.0
11616549,Male,46.0,63,46.0
10617635,Male,32.0,77,32.0
9452415,Male,27.0,96,27.0
857437,Male,32.0,129,32.0
9108071,Male,31.0,99,31.0
9307557,Female,36.0,97,36.0
12082049,Male,29.0,58,29.0
11623549,Male,30.0,63,30.0
11845615,Female,26.0,60,26.0
9601865,Male,39.0,95,39.0
11971309,Male,40.0,59,40.0
11354721,Male,45.0,66,45.0
415317,Male,34.0,130,34.0
10127089,Male,41.0,87,41.0
10520993,Male,49.0,79,49.0
5018867,Female,41.0,114,41.0
10054650,Male,37.0,88,37.0
11711189,Male,26.0,62,26.0
1081507,Male,40.0,127,40.0
12325747,Male,29.0,55,29.0
4752419,Male,31.0,115,31.0
10443825,Male,44.0,80,44.0
11419737,Male,27.0,65,27.0
10793741,Male,24.0,74,24.0
11768169,Male,28.0,61,28.0
9854313,Male,30.0,92,30.0
11937541,Male,36.0,59,36.0
9766323,Male,35.0,94,35.0
11709999,Male,27.0,62,27.0
11035255,Male,38.0,71,38.0
10284029,Male,30.0,84,30.0
11082813,Male,29.0,70,29.0
12467354,Male,25.0,53,25.0
11110911,Male,28.0,70,28.0
12240991,Female,42.0,56,42.0
10790003,Male,40.0,74,40.0
10198713,Female,34.0,86,34.0
11960921,Male,27.0,59,27.0
5015185,Male,29.0,114,29.0
11867863,Female,28.0,60,28.0
10875389,Male,36.0,73,36.0
11839975,Male,32.0,60,32.0
12222234,Male,32.0,56,32.0
4692485,Male,42.0,115,42.0
10380321,Male,30.0,82,30.0
11187519,Male,39.0,69,39.0
11523173,Male,31.0,64,31.0
9749663,Male,42.0,94,42.0
8949605,Male,41.0,100,41.0
8323693,Male,28.0,104,28.0
446187,Male,42.0,130,42.0
9133089,Male,30.0,99,30.0
4325167,Male,46.0,117,46.0
11650770,Male,29.0,62,29.0
4742269,Male,39.0,115,39.0
11914777,Male,29.0,59,29.0
193333,Male,51.0,130,51.0
739739,Male,45.0,129,45.0
11014899,Male,37.0,71,37.0
365043,Male,35.0,130,35.0
5001493,Male,43.0,114,43.0
9246601,Male,33.0,98,33.0
10568761,Male,28.0,78,28.0
8227555,Male,23.0,104,23.0
4157755,Male,46.0,117,46.0
11992617,Male,30.0,59,30.0
9322103,Male,32.0,97,32.0
47145,Male,38.0,131,38.0
33621,Male,40.0,131,40.0
7990605,Male,39.0,105,39.0
821457,Male,34.0,129,34.0
9441887,Male,31.0,96,31.0
10999639,Male,28.0,71,28.0
10645943,Male,37.0,76,37.0
11742311,Male,28.0,61,28.0
852495,Male,32.0,129,32.0
9996567,Male,25.0,89,25.0
10265227,Male,51.0,84,51.0
10907085,Male,37.0,72,37.0
11875269,Male,32.0,60,32.0
9438177,Male,29.0,96,29.0
10021255,Male,32.0,89,32.0
432607,Male,36.0,130,36.0
9854295,Male,28.0,92,28.0
10311931,Male,50.0,83,50.0
9786147,Female,31.0,93,31.0
11316935,Male,28.0,67,28.0
8929067,Male,59.0,100,59.0
5022101,Male,34.0,114,34.0
7898303,Female,28.0,105,28.0
4635393,Male,42.0,115,42.0
8838571,Male,59.0,100,59.0
9894787,Male,52.0,91,52.0
10205363,Male,30.0,86,30.0
10874563,Male,27.0,73,27.0
8512721,Male,34.0,102,34.0
9537507,Male,44.0,96,44.0
9943507,Male,53.0,91,53.0
501711,Male,35.0,130,35.0
9690765,Male,31.0,94,31.0
4932669,Male,36.0,114,36.0
11083387,Female,31.0,70,31.0
9089829,Male,33.0,99,33.0
10806943,Male,31.0,74,31.0
9838927,Female,38.0,93,38.0
1030071,Male,39.0,127,39.0
5005847,Male,32.0,114,32.0
8943235,Female,31.0,100,31.0
8835113,Male,48.0,100,48.0
301472,Male,51.0,130,51.0
5035471,Female,33.0,114,33.0
5025923,Male,35.0,114,35.0
4903311,Male,35.0,114,35.0
824881,Female,53.0,129,53.0
9499133,Male,39.0,96,39.0
223293,Male,43.0,130,43.0
5145048,Female,39.0,113,39.0
9801365,Male,30.0,93,30.0
536879,Male,34.0,130,34.0
11227391,Male,33.0,68,33.0
4639901,Male,47.0,115,47.0
7992775,Female,29.0,105,29.0
856765,Male,42.0,129,42.0
10887499,Female,24.0,72,24.0
12438321,Male,34.0,53,34.0
10108413,Female,37.0,88,37.0
5039937,Female,42.0,114,42.0
10098557,Female,46.0,88,46.0
8962093,Male,29.0,99,29.0
9375611,Male,43.0,97,43.0
10185665,Female,42.0,86,42.0
8733123,Male,28.0,101,28.0
11067427,Male,29.0,70,29.0
11035731,Male,32.0,71,32.0
12099843,Male,28.0,58,28.0
10473001,Male,32.0,80,32.0
7976507,Female,30.0,105,30.0
4321611,Male,38.0,117,38.0
12209953,Male,23.0,56,23.0
10681811,Male,36.0,75,36.0
11865399,Female,28.0,60,28.0
862729,Male,38.0,129,38.0
9695273,Male,59.0,94,59.0
8875083,Male,43.0,100,43.0
9410191,Male,39.0,97,39.0
4722207,Male,38.0,115,38.0
11389455,Male,26.0,65,26.0
9385327,Female,27.0,97,27.0
8758533,Male,45.0,101,45.0
10035291,Male,35.0,89,35.0
10167773,Male,31.0,86,31.0
10512271,Male,39.0,79,39.0
9334815,Male,35.0,97,35.0
10384535,Male,31.0,82,31.0
10998225,Male,38.0,71,38.0
5303151,Male,31.0,113,31.0
8353877,Female,38.0,103,38.0
5228531,Male,33.0,113,33.0
10146479,Male,32.0,87,32.0
10123296,Male,39.0,87,39.0
12153745,Male,30.0,57,30.0
10976203,Female,44.0,71,44.0
11115111,Male,32.0,70,32.0
11226047,Male,31.0,68,31.0
9920519,Male,38.0,91,38.0
10721202,Male,43.0,75,43.0
10239229,Female,30.0,85,30.0
11669567,Male,123.0,62,62.0
11529133,Male,123.0,64,64.0
9371411,Female,123.0,97,
4650905,Male,123.0,115,
12398407,Male,123.0,54,54.0
11768323,Male,123.0,61,61.0
12356043,Female,123.0,54,54.0
11594009,Male,123.0,63,63.0
10391297,Male,123.0,81,
11001669,Male,123.0,71,71.0
10626651,Male,123.0,76,76.0
11765075,Male,123.0,61,61.0
12454323,Male,123.0,53,53.0
11528811,Male,123.0,64,64.0
11916135,Male,123.0,59,59.0
11572211,Male,123.0,63,63.0
11964351,Female,123.0,59,59.0
9817423,Female,123.0,93,
12274647,Male,123.0,56,56.0
8819769,Female,123.0,101,
5200111,Male,123.0,113,
10204117,Male,123.0,86,
11674565,Male,123.0,62,62.0
1050875,Male,123.0,127,
1072071,Male,123.0,127,
11656155,Male,26.0,62,26.0
12175093,Male,28.0,57,28.0
10305239,Female,45.0,83,45.0
10317783,Male,30.0,83,30.0
11839961,Male,36.0,60,36.0
4889913,Male,33.0,114,33.0
11724853,Male,34.0,61,34.0
11986261,Male,53.0,59,53.0
12152287,Male,37.0,57,37.0
11608485,Male,32.0,63,32.0
10669547,Male,34.0,76,34.0
10287977,Male,41.0,84,41.0
11454807,Male,28.0,64,28.0
12291475,Male,29.0,55,29.0
4290951,Female,34.0,117,34.0
11504381,Male,33.0,64,33.0
12321057,Male,38.0,55,38.0
10026933,Male,48.0,89,48.0
12511177,Male,44.0,53,44.0
1036497,Male,37.0,127,37.0
10842013,Male,28.0,73,28.0
11592945,Male,37.0,63,37.0
9783557,Male,29.0,93,29.0
10551919,Male,29.0,78,29.0
7942585,Female,35.0,105,35.0
9982875,Male,28.0,90,28.0
11116371,Male,36.0,70,36.0
9714663,Male,36.0,94,36.0
10280137,Male,43.0,84,43.0
10776927,Male,29.0,74,29.0
8048383,Male,32.0,105,32.0
12311887,Male,32.0,55,32.0
5066537,Male,34.0,114,34.0
10807756,Male,28.0,74,28.0
11345369,Female,35.0,66,35.0
9832781,Female,28.0,93,28.0
11197095,Male,35.0,69,35.0
11319525,Female,31.0,67,31.0
8818565,Female,41.0,101,41.0
9669130,Male,34.0,95,34.0
9447977,Male,38.0,96,38.0
11819199,Female,37.0,60,37.0
10897901,Male,29.0,72,29.0
1127791,Male,27.0,127,27.0
11193431,Male,32.0,69,32.0
9448649,Male,36.0,96,36.0
4988865,Male,64.0,114,64.0
8612135,Male,40.0,102,40.0
12388313,Male,40.0,54,40.0
10602751,Male,28.0,77,28.0
9157519,Male,30.0,98,30.0
11305567,Female,32.0,67,32.0
10715229,Male,33.0,75,33.0
12073887,Male,29.0,58,29.0
11713597,Male,27.0,62,27.0
8260987,Male,37.0,104,37.0
9825627,Male,30.0,93,30.0
12394809,Male,33.0,54,33.0
10706297,Male,27.0,75,27.0
4956021,Male,35.0,114,35.0
1073065,Male,37.0,127,37.0
11825891,Male,34.0,60,34.0
12237575,Male,27.0,56,27.0
11021563,Male,24.0,71,24.0
841239,Male,43.0,129,43.0
5148815,Male,50.0,113,50.0
5130181,Male,40.0,113,40.0
11281921,Female,37.0,67,37.0
10192371,Male,33.0,86,33.0
237573,Male,43.0,130,43.0
10609767,Male,30.0,77,30.0
9079805,Male,34.0,99,34.0
1070405,Female,41.0,127,41.0
7873999,Male,35.0,105,35.0
12280205,Female,32.0,56,32.0
12313147,Male,32.0,55,32.0
12382741,Male,31.0,54,31.0
11591797,Male,29.0,63,29.0
11205817,Male,40.0,69,40.0
11271967,Male,30.0,68,30.0
4978813,Male,54.0,114,54.0
10387111,Male,30.0,82,30.0
1063966,Male,40.0,127,40.0
10871959,Male,25.0,73,25.0
10749823,Male,41.0,74,41.0
4848599,Male,34.0,114,34.0
11312567,Male,39.0,67,39.0
11916303,Male,34.0,59,34.0
11558491,Male,46.0,63,46.0
10777459,Male,34.0,74,34.0
8621711,Male,42.0,102,42.0
9796409,Male,44.0,93,44.0
10972703,Male,26.0,71,26.0
10711155,Male,29.0,75,29.0
10890313,Male,27.0,72,27.0
12314855,Male,32.0,55,32.0
12492492,Male,24.0,53,24.0
11250897,Male,29.0,68,29.0
12289207,Male,34.0,55,34.0
10796345,Male,41.0,74,41.0
10878763,Male,31.0,73,31.0
12330171,Male,26.0,55,26.0
4292673,Male,34.0,117,34.0
9730008,Female,33.0,94,33.0
9810563,Male,30.0,93,30.0
9463881,Female,54.0,96,54.0
10288663,Male,32.0,84,32.0
10941945,Male,33.0,72,33.0
12506515,Male,28.0,53,28.0
10771257,Male,45.0,74,45.0
8273811,Female,49.0,104,49.0
11822419,Female,27.0,60,27.0
5015563,Male,36.0,114,36.0
9129673,Male,31.0,99,31.0
11564623,Female,40.0,63,40.0
9038911,Male,31.0,99,31.0
11047183,Male,30.0,70,30.0
11315885,Male,39.0,67,39.0
11243365,Female,31.0,68,31.0
11469717,Male,29.0,64,29.0
12414778,Male,25.0,54,25.0
8786015,Male,38.0,101,38.0
12172503,Male,48.0,57,48.0
10727311,Male,27.0,75,27.0
11052181,Male,34.0,70,34.0
8119853,Male,40.0,104,40.0
11069779,Male,34.0,70,34.0
9237221,Male,41.0,98,41.0
11005379,Male,33.0,71,33.0
9327367,Male,30.0,97,30.0
4794195,Male,31.0,115,31.0
4685737,Male,43.0,115,43.0
10228309,Male,37.0,85,37.0
7995295,Male,37.0,105,37.0
5065431,Male,43.0,114,43.0
8634101,Male,35.0,102,35.0
8805296,Female,34.0,101,34.0
10276063,Female,30.0,84,30.0
533239,Male,37.0,130,37.0
9110759,Male,33.0,99,33.0
10246845,Male,37.0,85,37.0
10308579,Male,36.0,83,36.0
9827573,Male,31.0,93,31.0
8336139,Male,60.0,103,60.0
10444819,Male,34.0,80,34.0
9260847,Male,33.0,98,33.0
12008619,Male,35.0,59,35.0
4295879,Male,39.0,117,39.0
4769975,Male,31.0,115,31.0
4253333,Female,35.0,117,35.0
5165594,Male,44.0,113,44.0
9055809,Male,28.0,99,28.0
10248973,Male,37.0,85,37.0
10787805,Male,28.0,74,28.0
12012441,Male,29.0,58,29.0
179837,Male,44.0,130,44.0
12029241,Male,31.0,58,31.0
8892919,Male,32.0,100,32.0
186963,Male,39.0,130,39.0
9841111,Male,40.0,93,40.0
4297055,Male,32.0,117,32.0
10431759,Male,43.0,81,43.0
8327123,Male,38.0,103,38.0
10583601,Male,37.0,77,37.0
8473381,Male,29.0,103,29.0
4257197,Female,29.0,117,29.0
4883389,Male,40.0,114,40.0
5290467,Male,35.0,113,35.0
1044127,Male,37.0,127,37.0
857199,Male,47.0,129,47.0
10039967,Male,44.0,89,44.0
10165169,Female,32.0,87,32.0
11695495,Male,30.0,62,30.0
4679185,Female,38.0,115,38.0
9008669,Female,31.0,99,31.0
8783439,Female,30.0,101,30.0
5236791,Male,35.0,113,35.0
1080891,Male,35.0,127,35.0
9387819,Female,37.0,97,37.0
10217767,Male,29.0,85,29.0
10112487,Male,29.0,88,29.0
5288339,Male,46.0,113,46.0
10973277,Male,33.0,71,33.0
11072985,Male,32.0,70,32.0
9997183,Female,31.0,89,31.0
4915841,Male,43.0,114,43.0
8257011,Male,31.0,104,31.0
11933397,Male,30.0,59,30.0
12294443,Male,47.0,55,47.0
4862501,Male,56.0,114,56.0
9824829,Male,35.0,93,35.0
9477013,Male,36.0,96,36.0
10615137,Male,33.0,77,33.0
8990093,Male,31.0,99,31.0
9817843,Male,30.0,93,30.0
1067395,Male,36.0,127,36.0
9860650,Female,37.0,92,37.0
8809815,Male,33.0,101,33.0
1069929,Male,38.0,127,38.0
9849231,Male,38.0,92,38.0
1032507,Male,39.0,127,39.0
8927373,Male,43.0,100,43.0
8411165,Male,35.0,103,35.0
868945,Female,35.0,129,35.0
10437777,Male,27.0,80,27.0
1107931,Male,47.0,127,47.0
12238849,Male,26.0,56,26.0
10442201,Male,27.0,80,27.0
4931969,Male,39.0,114,39.0
9521701,Male,24.0,96,24.0
8219631,Male,33.0,104,33.0
4805241,Male,35.0,115,35.0
8202691,Female,51.0,104,51.0
866383,Male,57.0,129,57.0
4648256,Male,41.0,115,41.0
11279695,Male,46.0,67,46.0
4222757,Male,44.0,117,44.0
9163217,Male,33.0,98,33.0
4825779,Female,33.0,114,33.0
5183092,Male,54.0,113,54.0
10277379,Male,33.0,84,33.0
9401651,Male,27.0,97,27.0
4792697,Male,32.0,115,32.0
12199495,Female,31.0,56,31.0
8420755,Male,35.0,103,35.0
9423253,Male,29.0,96,29.0
9372781,Female,36.0,97,36.0
8835939,Female,43.0,100,43.0
9143729,Female,50.0,98,50.0
11078221,Male,35.0,70,35.0
4225095,Male,29.0,117,29.0
8569183,Male,39.0,102,39.0
820897,Male,41.0,129,41.0
9550163,Male,34.0,95,34.0
10147305,Male,32.0,87,32.0
10613645,Male,29.0,77,29.0
11392619,Female,39.0,65,39.0
9762389,Male,29.0,94,29.0
12038029,Female,17.0,58,17.0
12232605,Male,32.0,56,32.0
4187505,Male,42.0,117,42.0
11380971,Male,45.0,66,45.0
10156237,Male,38.0,87,38.0
12397931,Male,123.0,54,54.0
12107795,Male,123.0,57,57.0
9975791,Male,123.0,90,
11427339,Male,123.0,65,65.0
11720989,Male,123.0,61,61.0
1053563,Male,123.0,127,
12302045,Male,123.0,55,55.0
10712569,Male,123.0,75,75.0
11374839,Male,123.0,66,66.0
7886851,Male,123.0,105,
12498437,Female,123.0,53,53.0
12059859,Male,123.0,58,58.0
12062365,Male,123.0,58,58.0
9350187,Male,123.0,97,
1054501,Male,123.0,127,
12058025,Male,123.0,58,58.0
1069565,Male,123.0,127,
1106189,Male,123.0,127,
874895,Male,123.0,129,
864619,Female,123.0,129,
11187897,Male,47.0,69,47.0
11511017,Male,31.0,64,31.0
730401,Male,42.0,129,42.0
9550387,Male,37.0,95,37.0
12371233,Male,24.0,54,24.0
10102645,Male,28.0,88,28.0
11716705,Male,29.0,62,29.0
5155815,Female,28.0,113,28.0
12405211,Male,26.0,54,26.0
10268905,Female,38.0,84,38.0
327621,Male,44.0,130,44.0
8265901,Female,29.0,104,29.0
10122343,Male,29.0,87,29.0
12041771,Male,28.0,58,28.0
12066663,Male,39.0,58,39.0
12144111,Male,37.0,57,37.0
12485165,Male,27.0,53,27.0
11309655,Male,31.0,67,31.0
10433983,Male,56.0,81,56.0
878969,Male,38.0,129,38.0
11643261,Male,32.0,62,32.0
12196107,Male,27.0,56,27.0
11442221,Male,45.0,65,45.0
815913,Male,40.0,129,40.0
10550169,Male,28.0,78,28.0
649327,Male,41.0,130,41.0
12431601,Male,31.0,53,31.0
12153864,Male,36.0,57,36.0
12106927,Male,34.0,57,34.0
11500180,Male,37.0,64,37.0
11257197,Male,38.0,68,38.0
12470633,Male,50.0,53,50.0
8781717,Male,35.0,101,35.0
11491095,Male,123.0,64,64.0
1063727,Male,40.0,127,40.0
846951,Male,47.0,129,47.0
5004167,Female,45.0,114,45.0
558397,Male,35.0,130,35.0
451451,Male,33.0,130,33.0
11101797,Male,31.0,70,31.0
8356327,Male,30.0,103,30.0
11207665,Male,30.0,69,30.0
4712813,Male,59.0,115,59.0
10276293,Male,28.0,84,28.0
10657493,Male,29.0,76,29.0
625541,Male,36.0,130,36.0
12345137,Male,31.0,55,31.0
4269475,Male,35.0,117,35.0
11487315,Male,30.0,64,30.0
10895507,Male,34.0,72,34.0
11711581,Male,35.0,62,35.0
9601963,Male,41.0,95,41.0
9336607,Male,40.0,97,40.0
11603655,Male,26.0,63,26.0
11465993,Male,41.0,64,41.0
11072033,Male,46.0,70,46.0
8209257,Male,41.0,104,41.0
12425315,Male,32.0,54,32.0
5032307,Male,31.0,114,31.0
11993633,Male,27.0,59,27.0
11558659,Male,32.0,63,32.0
4319511,Male,32.0,117,32.0
9687811,Male,28.0,94,28.0
11985383,Male,28.0,59,28.0
12288759,Male,27.0,55,27.0
11666837,Male,41.0,62,41.0
10308837,Male,38.0,83,38.0
11965149,Male,30.0,59,30.0
11808825,Male,27.0,60,27.0
12173077,Male,41.0,57,41.0
10749417,Male,49.0,74,49.0
11803351,Male,26.0,61,26.0
11469045,Male,31.0,64,31.0
11277791,Male,39.0,67,39.0
12490835,Male,32.0,53,32.0
11190291,Female,28.0,69,28.0
10817611,Female,42.0,74,42.0
11702383,Male,27.0,62,27.0
11611985,Male,53.0,63,53.0
10992709,Male,28.0,71,28.0
4643079,Male,41.0,115,41.0
12051389,Male,29.0,58,29.0
10220091,Female,44.0,85,44.0
12126238,Female,35.0,57,35.0
11072663,Male,41.0,70,41.0
842317,Male,43.0,129,43.0
12353411,Male,30.0,54,30.0
9846585,Male,29.0,92,29.0
12469107,Male,30.0,53,30.0
12213747,Male,32.0,56,32.0
10302397,Male,48.0,83,48.0
5035751,Male,35.0,114,35.0
5091205,Male,29.0,113,29.0
11934223,Male,30.0,59,30.0
12424405,Male,32.0,54,32.0
12165629,Male,29.0,57,29.0
9150841,Male,29.0,98,29.0
12381509,Male,45.0,54,45.0
11899293,Male,32.0,60,32.0
9204755,Male,37.0,98,37.0
11187356,Male,34.0,69,34.0
10461031,Male,36.0,80,36.0
8468453,Female,31.0,103,31.0
4770927,Male,34.0,115,34.0
10669449,Male,43.0,76,43.0
10524689,Male,31.0,78,31.0
10722037,Female,33.0,75,33.0
9317245,Female,42.0,97,42.0
11413157,Male,29.0,65,29.0
10305673,Male,51.0,83,51.0
10368281,Female,30.0,82,30.0
11681467,Male,43.0,62,43.0
10111339,Male,32.0,88,32.0
8059009,Male,31.0,105,31.0
10293367,Male,28.0,84,28.0
10314744,Female,33.0,83,33.0
9986179,Female,40.0,90,40.0
11245661,Female,26.0,68,26.0
11358795,Male,41.0,66,41.0
11890277,Male,27.0,60,27.0
12408478,Male,120.0,54,54.0
11575529,Male,51.0,63,51.0
10891405,Male,26.0,72,26.0
8909327,Female,32.0,100,32.0
9752785,Male,29.0,94,29.0
11531331,Male,28.0,64,28.0
11654993,Male,45.0,62,45.0
11154423,Male,26.0,69,26.0
11494777,Male,40.0,64,40.0
11677701,Male,35.0,62,35.0
9873115,Male,38.0,92,38.0
5038215,Male,44.0,114,44.0
12189107,Male,26.0,57,26.0
11703685,Male,32.0,62,32.0
9106951,Male,29.0,99,29.0
10819431,Male,32.0,73,32.0
10703861,Male,34.0,75,34.0
12466461,Male,30.0,53,30.0
4731122,Male,68.0,115,68.0
1034131,Male,36.0,127,36.0
261513,Male,37.0,130,37.0
9446928,Male,31.0,96,31.0
11410662,Male,30.0,65,30.0
10097412,Male,30.0,88,30.0
9021845,Male,36.0,99,36.0
8071427,Male,32.0,105,32.0
159145,Male,34.0,130,34.0
9354443,Female,34.0,97,34.0
9837247,Male,28.0,93,28.0
1092777,Male,42.0,127,42.0
11536889,Male,28.0,64,28.0
4296159,Female,32.0,117,32.0
8101135,Male,40.0,105,40.0
12147723,Male,36.0,57,36.0
5107179,Male,46.0,113,46.0
7869239,Male,34.0,105,34.0
11201961,Male,29.0,69,29.0
10180723,Male,28.0,86,28.0
12242769,Male,32.0,56,32.0
834211,Male,39.0,129,39.0
9778223,Male,26.0,93,26.0
11015417,Male,33.0,71,33.0
10350179,Male,44.0,82,44.0
10967985,Female,59.0,71,59.0
9095555,Male,27.0,99,27.0
1085651,Male,49.0,127,49.0
5025321,Male,33.0,114,33.0
141491,Male,50.0,130,50.0
11126367,Male,49.0,70,49.0
879501,Male,42.0,129,42.0
11081581,Female,38.0,70,38.0
8799427,Male,29.0,101,29.0
10514091,Male,33.0,79,33.0
10294753,Male,34.0,83,34.0
9327493,Male,33.0,97,33.0
10209885,Male,31.0,86,31.0
5222347,Male,30.0,113,30.0
10151281,Male,49.0,87,49.0
8136555,Male,39.0,104,39.0
4958014,Male,32.0,114,32.0
11249063,Male,29.0,68,29.0
10219279,Male,34.0,85,34.0
10179491,Male,42.0,86,42.0
4193651,Male,42.0,117,42.0
8005725,Male,33.0,105,33.0
11317820,Male,28.0,67,28.0
11498389,Male,43.0,64,43.0
9869811,Male,38.0,92,38.0
5121585,Male,35.0,113,35.0
9986515,Male,45.0,90,45.0
10582691,Male,31.0,77,31.0
11603291,Male,38.0,63,38.0
9741543,Male,32.0,94,32.0
10391829,Male,29.0,81,29.0
8488417,Male,35.0,103,35.0
852537,Male,32.0,129,32.0
9956415,Male,37.0,90,37.0
9968931,Male,30.0,90,30.0
12368335,Male,28.0,54,28.0
12077737,Female,43.0,58,43.0
8528049,Female,44.0,102,44.0
8780513,Female,41.0,101,41.0
11629653,Male,32.0,62,32.0
593971,Female,59.0,130,59.0
4784465,Male,31.0,115,31.0
4828327,Male,35.0,114,35.0
11925753,Male,45.0,59,45.0
255451,Male,42.0,130,42.0
9000859,Male,52.0,99,52.0
243481,Male,42.0,130,42.0
9182957,Male,36.0,98,36.0
8629285,Female,30.0,102,30.0
11354693,Male,29.0,66,29.0
8640048,Male,34.0,102,34.0
11448437,Male,37.0,64,37.0
9979977,Male,38.0,90,38.0
10176593,Male,37.0,86,37.0
9220281,Male,31.0,98,31.0
8780849,Female,29.0,101,29.0
11018203,Male,32.0,71,32.0
11594247,Male,26.0,63,26.0
10904649,Male,31.0,72,31.0
11672311,Male,38.0,62,38.0
8437695,Male,36.0,103,36.0
7982303,Male,45.0,105,45.0
9665173,Female,31.0,95,31.0
5095587,Male,37.0,113,37.0
10200463,Male,34.0,86,34.0
4656547,Male,37.0,115,37.0
9238019,Male,32.0,98,32.0
8543283,Male,59.0,102,59.0
10022955,Female,33.0,89,33.0
11767245,Female,33.0,61,33.0
10998826,Male,31.0,71,31.0
9236773,Female,29.0,98,29.0
9688805,Female,51.0,94,51.0
4936463,Male,33.0,114,33.0
5227719,Male,37.0,113,37.0
9946769,Male,30.0,90,30.0
12425959,Male,33.0,54,33.0
12301219,Male,28.0,55,28.0
4867233,Male,39.0,114,39.0
1087877,Male,45.0,127,45.0
9282539,Male,45.0,98,45.0
12211633,Male,123.0,56,56.0
11997265,Male,123.0,59,59.0
12147583,Female,123.0,57,57.0
10685633,Male,123.0,75,75.0
11366831,Male,123.0,66,66.0
12466517,Male,123.0,53,53.0
11568319,Male,123.0,63,63.0
11379739,Male,123.0,66,66.0
11779369,Male,123.0,61,61.0
8103599,Female,123.0,105,
11633979,Male,123.0,62,62.0
11021591,Male,123.0,71,71.0
9631559,Male,123.0,95,
11531989,Male,123.0,64,64.0
10145499,Male,123.0,87,
12190003,Female,123.0,57,57.0
881279,Male,123.0,129,
8774089,Male,123.0,101,
1061417,Male,123.0,127,
10914505,Male,123.0,72,72.0
9577071,Female,123.0,95,
4356849,Male,123.0,117,
11141521,Male,123.0,69,69.0
10779573,Male,36.0,74,36.0
11293037,Male,50.0,67,50.0
11311839,Male,28.0,67,28.0
12052775,Male,24.0,58,24.0
9941631,Male,28.0,91,28.0
12162647,Male,29.0,57,29.0
11595199,Female,34.0,63,34.0
11869851,Male,28.0,60,28.0
11823245,Female,25.0,60,25.0
12446833,Female,45.0,53,45.0
4837511,Male,37.0,114,37.0
12196583,Male,42.0,56,42.0
8598247,Male,24.0,102,24.0
10559829,Male,27.0,78,27.0
11727219,Male,30.0,61,30.0
9883587,Female,30.0,92,30.0
10598259,Male,38.0,77,38.0
9866744,Male,32.0,92,32.0
11295403,Male,36.0,67,36.0
12448401,Male,46.0,53,46.0
10490529,Male,29.0,79,29.0
9489375,Male,30.0,96,30.0
11965457,Male,28.0,59,28.0
678993,Male,39.0,130,39.0
9475186,Male,30.0,96,30.0
5089609,Male,35.0,113,35.0
8223467,Male,37.0,104,37.0
11989271,Male,30.0,59,30.0
11538443,Male,26.0,63,26.0
11547991,Female,27.0,63,27.0
10573213,Male,23.0,77,23.0
11706033,Male,48.0,62,48.0
12410853,Male,28.0,54,28.0
8508087,Male,34.0,102,34.0
4347105,Male,33.0,117,33.0
9845521,Male,30.0,92,30.0
8585661,Male,24.0,102,24.0
10802071,Male,41.0,74,41.0
11770493,Male,37.0,61,37.0
11504787,Male,44.0,64,44.0
4176235,Male,38.0,117,38.0
11449221,Male,32.0,64,32.0
11406913,Male,31.0,65,31.0
11466301,Male,49.0,64,49.0
10696525,Male,32.0,75,32.0
158893,Male,51.0,130,51.0
8048201,Male,48.0,105,48.0
11431525,Female,32.0,65,32.0
838467,Male,35.0,129,35.0
12203653,Male,26.0,56,26.0
12495656,Male,35.0,53,35.0
11201636,Male,27.0,69,27.0
10114713,Female,29.0,88,29.0
11717909,Male,25.0,62,25.0
12332691,Male,29.0,55,29.0
11455857,Male,29.0,64,29.0
11192021,Male,28.0,69,28.0
11994031,Female,38.0,59,38.0
11596693,Male,31.0,63,31.0
5056219,Male,29.0,114,29.0
11264743,Male,36.0,68,36.0
11185867,Male,26.0,69,26.0
9422147,Male,29.0,96,29.0
10543296,Female,30.0,78,30.0
12231681,Female,44.0,56,44.0
10403225,Male,29.0,81,29.0
5190073,Male,59.0,113,59.0
8589567,Male,36.0,102,36.0
11388599,Male,32.0,65,32.0
10836007,Male,36.0,73,36.0
11998924,Male,31.0,59,31.0
10859723,Male,28.0,73,28.0
11264771,Male,29.0,68,29.0
817943,Male,33.0,129,33.0
10910725,Male,36.0,72,36.0
5023501,Male,52.0,114,52.0
11390729,Male,34.0,65,34.0
7883939,Male,46.0,105,46.0
9295979,Male,29.0,97,29.0
11989537,Male,35.0,59,35.0
11810953,Female,42.0,60,42.0
11400431,Male,29.0,65,29.0
10631887,Female,30.0,76,30.0
8937551,Male,48.0,100,48.0
12026861,Female,36.0,58,36.0
11813457,Female,31.0,60,31.0
12127633,Female,26.0,57,26.0
11592875,Male,28.0,63,28.0
8760913,Male,29.0,101,29.0
4844637,Male,28.0,114,28.0
10798515,Male,33.0,74,33.0
10490095,Male,36.0,79,36.0
12324655,Male,27.0,55,27.0
10890746,Male,36.0,72,36.0
10361617,Male,32.0,82,32.0
11689867,Male,36.0,62,36.0
11925347,Female,51.0,59,51.0
11454401,Male,36.0,64,36.0
10610537,Male,31.0,77,31.0
11555761,Female,27.0,63,27.0
9277667,Male,42.0,98,42.0
4733519,Male,37.0,115,37.0
9751581,Male,26.0,94,26.0
8945829,Male,40.0,100,40.0
10202507,Female,60.0,86,60.0
10964051,Male,28.0,72,28.0
8010821,Male,34.0,105,34.0
8543206,Female,31.0,102,31.0
9420313,Male,29.0,97,29.0
10475269,Male,35.0,80,35.0
11171363,Male,28.0,69,28.0
10681881,Male,30.0,75,30.0
10391871,Male,44.0,81,44.0
4944597,Male,32.0,114,32.0
8107281,Male,37.0,105,37.0
11387173,Female,46.0,65,46.0
820183,Male,39.0,129,39.0
4661909,Male,35.0,115,35.0
10597153,Male,33.0,77,33.0
9877105,Female,65.0,92,65.0
10541209,Male,30.0,78,30.0
9061311,Male,29.0,99,29.0
8050581,Female,49.0,105,49.0
5208245,Male,36.0,113,36.0
1104705,Male,39.0,127,39.0
11776513,Male,40.0,61,40.0
9705381,Male,39.0,94,39.0
1049780,Male,32.0,127,32.0
87843,Male,39.0,131,39.0
8367261,Male,28.0,103,28.0
9927253,Male,30.0,91,30.0
493591,Male,47.0,130,47.0
8149575,Male,33.0,104,33.0
4295291,Male,41.0,117,41.0
1056307,Male,48.0,127,48.0
11084465,Male,16.0,70,16.0
1088922,Male,50.0,127,50.0
9270849,Male,31.0,98,31.0
4874359,Male,34.0,114,34.0
10919629,Female,64.0,72,64.0
10728305,Female,55.0,75,55.0
10603072,Female,38.0,77,38.0
844767,Male,53.0,129,53.0
561561,Male,43.0,130,43.0
10351971,Male,38.0,82,38.0
10614975,Male,36.0,77,36.0
4376169,Male,32.0,117,32.0
827897,Male,46.0,129,46.0
12508699,Male,47.0,53,47.0
10519397,Male,31.0,79,31.0
1057259,Male,49.0,127,49.0
8286721,Male,31.0,104,31.0
1124249,Male,44.0,127,44.0
11500257,Female,53.0,64,53.0
9057195,Male,29.0,99,29.0
12444523,Male,29.0,53,29.0
11034541,Male,41.0,71,41.0
1086757,Female,35.0,127,35.0
7859677,Male,41.0,105,41.0
4243267,Male,39.0,117,39.0
11123469,Male,41.0,70,41.0
9423981,Male,26.0,96,26.0
12173553,Male,25.0,57,25.0
4802581,Male,35.0,115,35.0
9625497,Male,34.0,95,34.0
277165,Male,38.0,130,38.0
8192583,Male,42.0,104,42.0
332964,Male,48.0,130,48.0
8827676,Female,63.0,100,63.0
10410001,Male,44.0,81,44.0
9728425,Male,32.0,94,32.0
4668685,Female,33.0,115,33.0
840497,Male,39.0,129,39.0
8760493,Male,32.0,101,32.0
4713317,Male,37.0,115,37.0
10614729,Male,32.0,77,32.0
10588515,Female,37.0,77,37.0
9166003,Female,34.0,98,34.0
9964717,Male,24.0,90,24.0
4680067,Male,46.0,115,46.0
11743265,Male,28.0,61,28.0
11767021,Male,26.0,61,26.0
10771302,Male,46.0,74,46.0
10968391,Male,31.0,71,31.0
864745,Male,40.0,129,40.0
9962197,Male,30.0,90,30.0
10095267,Female,39.0,88,39.0
8406321,Female,30.0,103,30.0
9609593,Male,31.0,95,31.0
8030323,Male,54.0,105,54.0
4710755,Male,38.0,115,38.0
9930335,Male,48.0,91,48.0
9879359,Female,49.0,92,49.0
11758187,Male,29.0,61,29.0
11849845,Male,35.0,60,35.0
4676469,Male,43.0,115,43.0
11117127,Male,35.0,70,35.0
8717415,Male,32.0,101,32.0
9103899,Male,37.0,99,37.0
4903647,Female,37.0,114,37.0
9149077,Male,32.0,98,32.0
10998295,Male,32.0,71,32.0
9673990,Male,31.0,94,31.0
5212557,Male,40.0,113,40.0
11042007,Male,32.0,71,32.0
5065109,Female,34.0,114,34.0
10584441,Male,28.0,77,28.0
8892583,Male,31.0,100,31.0
10091585,Male,31.0,88,31.0
9774037,Male,28.0,94,28.0
7889638,Male,67.0,105,67.0
8585633,Male,40.0,102,40.0
9397535,Male,34.0,97,34.0
4870439,Male,54.0,114,54.0
10776073,Male,29.0,74,29.0
7923111,Male,40.0,105,40.0
10553585,Male,29.0,78,29.0
12108957,Male,123.0,57,57.0
12327497,Male,123.0,55,55.0
10956939,Female,123.0,72,72.0
11556279,Male,123.0,63,63.0
11291105,Male,123.0,67,67.0
11664975,Male,123.0,62,62.0
12070797,Female,123.0,58,58.0
10641365,Male,123.0,76,76.0
11997237,Male,123.0,59,59.0
12177921,Male,123.0,57,57.0
10653475,Male,123.0,76,76.0
8096109,Male,123.0,105,
11975285,Male,123.0,59,59.0
9367505,Male,123.0,97,
11773377,Male,46.0,61,46.0
10343669,Female,33.0,82,33.0
9104179,Male,29.0,99,29.0
11148627,Male,28.0,69,28.0
9911237,Male,35.0,91,35.0
12070205,Male,44.0,58,44.0
11057697,Male,36.0,70,36.0
854231,Female,45.0,129,45.0
11201827,Male,30.0,69,30.0
449561,Male,38.0,130,38.0
12364317,Male,30.0,54,30.0
12475855,Male,25.0,53,25.0
9657459,Male,34.0,95,34.0
11898705,Female,35.0,60,35.0
11933128,Male,51.0,59,51.0
12351381,Male,47.0,55,47.0
11315675,Female,48.0,67,48.0
11349611,Male,40.0,66,40.0
12043283,Male,39.0,58,39.0
11130581,Male,30.0,70,30.0
8980181,Male,42.0,99,42.0
11232809,Male,42.0,68,42.0
10794595,Male,37.0,74,37.0
11320127,Male,34.0,67,34.0
10184923,Male,50.0,86,50.0
10881409,Male,45.0,73,45.0
11560031,Male,28.0,63,28.0
873887,Male,36.0,129,36.0
9923515,Male,37.0,91,37.0
10759287,Male,37.0,74,37.0
11950253,Male,27.0,59,27.0
10761228,Female,29.0,74,29.0
9074821,Male,33.0,99,33.0
10325805,Male,32.0,83,32.0
4230989,Male,45.0,117,45.0
7982975,Female,47.0,105,47.0
5290201,Male,42.0,113,42.0
4773601,Male,39.0,115,39.0
12135375,Male,27.0,57,27.0
9743391,Male,34.0,94,34.0
11943621,Female,41.0,59,41.0
9840509,Male,30.0,93,30.0
11616591,Male,28.0,63,28.0
10405213,Male,40.0,81,40.0
10876047,Male,29.0,73,29.0
10794707,Female,45.0,74,45.0
11386795,Male,29.0,65,29.0
11028087,Male,35.0,71,35.0
11992435,Male,23.0,59,23.0
10078999,Male,27.0,88,27.0
11444573,Male,31.0,65,31.0
11072719,Male,37.0,70,37.0
11667847,Male,35.0,62,35.0
9541819,Male,35.0,95,35.0
12375209,Male,35.0,54,35.0
10053589,Female,43.0,88,43.0
11002103,Female,30.0,71,30.0
10620519,Male,31.0,76,31.0
4164279,Male,47.0,117,47.0
10042669,Male,35.0,89,35.0
12220985,Male,42.0,56,42.0
10711967,Male,32.0,75,32.0
11536987,Male,31.0,64,31.0
10297119,Male,37.0,83,37.0
1085609,Male,40.0,127,40.0
11066153,Female,28.0,70,28.0
11187309,Male,28.0,69,28.0
8501255,Male,38.0,102,38.0
11082477,Male,40.0,70,40.0
828289,Male,42.0,129,42.0
4791633,Female,30.0,115,30.0
11675433,Male,28.0,62,28.0
10942701,Male,40.0,72,40.0
12410433,Male,26.0,54,26.0
4736613,Female,42.0,115,42.0
5020757,Male,44.0,114,44.0
5163431,Male,34.0,113,34.0
11208365,Male,26.0,69,26.0
10093643,Male,32.0,88,32.0
1088255,Female,34.0,127,34.0
4761407,Male,33.0,115,33.0
12488939,Female,59.0,53,59.0
10985275,Male,35.0,71,35.0
10342656,Female,42.0,82,42.0
10924081,Male,42.0,72,42.0
579299,Male,37.0,130,37.0
11769639,Male,27.0,61,27.0
8912211,Male,29.0,100,29.0
12319181,Male,53.0,55,53.0
9021565,Male,42.0,99,42.0
12264497,Male,33.0,56,33.0
5016431,Female,36.0,114,36.0
11285225,Male,31.0,67,31.0
8108849,Male,33.0,105,33.0
10815385,Male,30.0,74,30.0
12086361,Female,33.0,58,33.0
10634183,Male,33.0,76,33.0
12211983,Male,54.0,56,54.0
10730741,Male,40.0,75,40.0
12138105,Male,28.0,57,28.0
4898439,Male,41.0,114,41.0
10432695,Male,38.0,81,38.0
11246753,Male,29.0,68,29.0
9079385,Male,42.0,99,42.0
249837,Male,48.0,130,48.0
4855417,Male,54.0,114,54.0
9370795,Male,28.0,97,28.0
11553423,Male,37.0,63,37.0
10443783,Male,36.0,80,36.0
11624627,Female,32.0,63,32.0
9781275,Female,42.0,93,42.0
9197461,Male,30.0,98,30.0
10080763,Female,31.0,88,31.0
12367229,Male,27.0,54,27.0
10394153,Male,29.0,81,29.0
1071035,Male,41.0,127,41.0
9615655,Male,26.0,95,26.0
10055899,Male,30.0,88,30.0
10359321,Male,27.0,82,27.0
194579,Male,42.0,130,42.0
9724505,Female,47.0,94,47.0
1122961,Male,33.0,127,33.0
9024463,Male,43.0,99,43.0
9496179,Male,29.0,96,29.0
8970521,Male,34.0,99,34.0
10117611,Female,32.0,88,32.0
12295857,Male,33.0,55,33.0
4697147,Male,31.0,115,31.0
9425675,Male,40.0,96,40.0
9789969,Male,30.0,93,30.0
9317119,Male,32.0,97,32.0
4340978,Male,39.0,117,39.0
843983,Male,35.0,129,35.0
9162755,Female,27.0,98,27.0
48447,Male,59.0,131,59.0
8742573,Male,36.0,101,36.0
4687165,Male,35.0,115,35.0
290255,Male,40.0,130,40.0
9201829,Male,26.0,98,26.0
10947475,Male,28.0,72,28.0
7922033,Male,34.0,105,34.0
4797737,Male,55.0,115,55.0
11092081,Male,33.0,70,33.0
10458161,Male,27.0,80,27.0
5123097,Male,34.0,113,34.0
10605819,Male,36.0,77,36.0
290983,Male,43.0,130,43.0
5146617,Male,59.0,113,59.0
8794835,Male,34.0,101,34.0
9918811,Female,44.0,91,44.0
4668461,Female,38.0,115,38.0
8332107,Male,43.0,103,43.0
4303929,Male,33.0,117,33.0
9743335,Male,57.0,94,57.0
8636635,Male,36.0,102,36.0
876043,Male,43.0,129,43.0
12007513,Male,37.0,59,37.0
11522133,Male,30.0,64,30.0
9911615,Male,31.0,91,31.0
9459457,Female,33.0,96,33.0
8022231,Male,48.0,105,48.0
8250781,Male,28.0,104,28.0
8988035,Female,38.0,99,38.0
248843,Male,37.0,130,37.0
10364921,Male,117.0,82,
8980335,Female,33.0,99,33.0
8878555,Male,35.0,100,35.0
824705,Male,54.0,129,54.0
8328761,Male,28.0,103,28.0
5265015,Male,32.0,113,32.0
9796983,Male,35.0,93,35.0
11116413,Male,36.0,70,36.0
5120521,Male,39.0,113,39.0
836870,Male,40.0,129,40.0
10976833,Male,31.0,71,31.0
8561161,Male,32.0,102,32.0
12478179,Male,37.0,53,37.0
4666977,Male,41.0,115,41.0
4657429,Female,36.0,115,36.0
8134890,Female,31.0,104,31.0
10688041,Male,34.0,75,34.0
10227077,Male,44.0,85,44.0
5050787,Male,44.0,114,44.0
8038947,Male,36.0,105,36.0
537173,Male,43.0,130,43.0
10840011,Male,33.0,73,33.0
8825005,Male,31.0,101,31.0
4836013,Male,27.0,114,27.0
9161033,Male,41.0,98,41.0
4954719,Male,42.0,114,42.0
4208239,Male,36.0,117,36.0
7903525,Male,35.0,105,35.0
10216507,Male,33.0,86,33.0
10352363,Male,35.0,82,35.0
11640825,Female,51.0,62,51.0
11737047,Male,32.0,61,32.0
8751365,Male,35.0,101,35.0
12471389,Male,123.0,53,53.0
12265071,Male,123.0,56,56.0
10581725,Male,123.0,77,77.0
10910151,Female,123.0,72,72.0
12153687,Male,123.0,57,57.0
8012501,Male,123.0,105,
9661463,Male,123.0,95,
10397024,Female,123.0,81,
11768239,Male,123.0,61,61.0
11602507,Female,123.0,63,63.0
12495007,Female,123.0,53,53.0
868343,Female,123.0,129,
11554291,Male,49.0,63,49.0
11888457,Male,31.0,60,31.0
9932895,Male,62.0,91,62.0
11606371,Male,38.0,63,38.0
579593,Male,34.0,130,34.0
10548881,Male,47.0,78,47.0
11946627,Male,27.0,59,27.0
1126223,Male,41.0,127,41.0
11484095,Male,36.0,64,36.0
7956109,Male,25.0,105,25.0
10463215,Female,34.0,80,34.0
11110351,Male,31.0,70,31.0
12239815,Male,27.0,56,27.0
10145023,Male,41.0,87,41.0
11424707,Male,32.0,65,32.0
9196509,Male,47.0,98,47.0
10955805,Female,30.0,72,30.0
12374901,Male,39.0,54,39.0
5044585,Female,35.0,114,35.0
11442585,Female,51.0,65,51.0
12426841,Male,34.0,54,34.0
9096390,Male,35.0,99,35.0
11688999,Male,120.0,62,62.0
4940481,Male,36.0,114,36.0
10982825,Male,25.0,71,25.0
12020351,Male,29.0,58,29.0
11309879,Male,21.0,67,21.0
11408845,Male,30.0,65,30.0
10442523,Male,30.0,80,30.0
10159275,Female,43.0,87,43.0
9854398,Male,29.0,92,29.0
12199271,Male,33.0,56,33.0
452795,Male,40.0,130,40.0
10655351,Male,35.0,76,35.0
12158881,Male,32.0,57,32.0
12311831,Male,32.0,55,32.0
11629023,Male,30.0,62,30.0
11786943,Male,26.0,61,26.0
10088505,Male,42.0,88,42.0
867349,Female,43.0,129,43.0
11195947,Male,36.0,69,36.0
11731951,Male,35.0,61,35.0
10863503,Female,39.0,73,39.0
8055481,Male,31.0,105,31.0
11232165,Male,31.0,68,31.0
5036801,Male,51.0,114,51.0
12467919,Male,28.0,53,28.0
10153913,Male,33.0,87,33.0
11585595,Male,38.0,63,38.0
12473951,Male,25.0,53,25.0
12173399,Male,29.0,57,29.0
11699317,Male,27.0,62,27.0
11263875,Male,33.0,68,33.0
12349365,Male,28.0,55,28.0
10032533,Female,34.0,89,34.0
11837203,Male,27.0,60,27.0
12511905,Male,27.0,53,27.0
12054777,Male,27.0,58,27.0
5258650,Male,42.0,113,42.0
11260095,Male,39.0,68,39.0
11204389,Male,34.0,69,34.0
4855235,Male,34.0,114,34.0
12114263,Male,40.0,57,40.0
11335779,Male,26.0,66,26.0
11242329,Male,32.0,68,32.0
11571455,Female,31.0,63,31.0
10674265,Male,35.0,76,35.0
11252297,Male,36.0,68,36.0
10759735,Male,33.0,74,33.0
9989497,Female,32.0,90,32.0
10660097,Male,36.0,76,36.0
4294409,Male,49.0,117,49.0
8039409,Female,30.0,105,30.0
4642351,Male,32.0,115,32.0
12196527,Male,26.0,56,26.0
11723397,Male,26.0,61,26.0
10719359,Male,32.0,75,32.0
11620777,Male,28.0,63,28.0
12026945,Male,31.0,58,31.0
11018749,Male,50.0,71,50.0
11456683,Male,27.0,64,27.0
11215603,Male,27.0,69,27.0
11447177,Male,43.0,65,43.0
11346153,Male,27.0,66,27.0
10318609,Male,35.0,83,35.0
11252591,Male,34.0,68,34.0
10185875,Female,38.0,86,38.0
8633863,Male,35.0,102,35.0
11373761,Male,35.0,66,35.0
9779637,Male,29.0,93,29.0
11402825,Male,32.0,65,32.0
10940223,Male,27.0,72,27.0
12140933,Male,37.0,57,37.0
9310483,Female,29.0,97,29.0
9435041,Female,37.0,96,37.0
10492993,Male,41.0,79,41.0
8466199,Male,31.0,103,31.0
4880897,Male,31.0,114,31.0
9771559,Male,29.0,94,29.0
1124543,Female,52.0,127,52.0
9444113,Male,29.0,96,29.0
11217969,Male,28.0,69,28.0
9698731,Male,33.0,94,33.0
9474451,Male,32.0,96,32.0
9938635,Male,31.0,91,31.0
9133915,Male,37.0,99,37.0
156205,Male,50.0,130,50.0
8419915,Male,29.0,103,29.0
9958361,Female,35.0,90,35.0
9988825,Female,28.0,90,28.0
4999099,Male,46.0,114,46.0
9281853,Female,36.0,98,36.0
10848817,Male,56.0,73,56.0
8265005,Male,41.0,104,41.0
10158743,Male,52.0,87,52.0
9502857,Male,34.0,96,34.0
845677,Female,37.0,129,37.0
10036817,Male,31.0,89,31.0
652925,Male,37.0,130,37.0
8446977,Male,50.0,103,50.0
8455475,Female,32.0,103,32.0
10269665,Male,32.0,84,32.0
8023701,Female,38.0,105,38.0
4309767,Male,37.0,117,37.0
8741357,Female,27.0,101,27.0
10329179,Male,29.0,83,29.0
8772379,Male,29.0,101,29.0
11692391,Female,62.0,62,62.0
10307161,Male,31.0,83,31.0
9599121,Male,41.0,95,41.0
9009399,Male,32.0,99,32.0
8482621,Male,32.0,103,32.0
9573893,Male,58.0,95,58.0
833903,Male,36.0,129,36.0
8809381,Male,26.0,101,26.0
11467615,Male,26.0,64,26.0
4350199,Male,32.0,117,32.0
12343471,Male,27.0,55,27.0
54215,Male,38.0,131,38.0
9166773,Male,44.0,98,44.0
4811793,Male,33.0,115,33.0
10497907,Female,41.0,79,41.0
10488877,Female,48.0,79,48.0
9163035,Male,35.0,98,35.0
11921455,Male,26.0,59,26.0
4713056,Female,39.0,115,39.0
10025589,Male,30.0,89,30.0
673841,Male,46.0,130,46.0
4784591,Male,32.0,115,32.0
11420227,Male,29.0,65,29.0
10089195,Male,28.0,88,28.0
9698465,Male,32.0,94,32.0
11448101,Female,42.0,64,42.0
4776821,Male,34.0,115,34.0
197328,Male,34.0,130,34.0
738325,Male,38.0,129,38.0
4713429,Male,37.0,115,37.0
4987871,Male,38.0,114,38.0
870681,Male,60.0,129,60.0
11855487,Male,36.0,60,36.0
10353385,Male,47.0,82,47.0
12512731,Male,30.0,53,30.0
5270741,Male,30.0,113,30.0
5060349,Male,60.0,114,60.0
9869531,Male,52.0,92,52.0
863586,Male,38.0,129,38.0
8989505,Female,31.0,99,31.0
9573095,Male,39.0,95,39.0
8895621,Male,30.0,100,30.0
9676037,Female,58.0,94,58.0
8406699,Male,40.0,103,40.0
4306057,Male,39.0,117,39.0
4354259,Male,42.0,117,42.0
11931269,Male,31.0,59,31.0
9603139,Male,44.0,95,44.0
824327,Male,37.0,129,37.0
1034551,Male,40.0,127,40.0
4664065,Female,43.0,115,43.0
4654461,Male,47.0,115,47.0
10388371,Female,37.0,82,37.0
12087985,Male,46.0,58,46.0
10185259,Male,34.0,86,34.0
5297761,Male,35.0,113,35.0
8893661,Male,31.0,100,31.0
10413179,Male,27.0,81,27.0
10256449,Male,28.0,84,28.0
9604903,Male,31.0,95,31.0
9646203,Male,34.0,95,34.0
12508769,Male,34.0,53,34.0
9406999,Female,35.0,97,35.0
11659151,Male,38.0,62,38.0
9067470,Female,43.0,99,43.0
11082827,Male,40.0,70,40.0
4967697,Male,29.0,114,29.0
9932699,Male,33.0,91,33.0
10222121,Male,33.0,85,33.0
8420923,Male,24.0,103,24.0
9137149,Male,30.0,98,30.0
9083712,Male,41.0,99,41.0
828499,Male,42.0,129,42.0
12051893,Male,36.0,58,36.0
10896277,Male,123.0,72,72.0
850129,Male,123.0,129,
12009739,Male,123.0,59,59.0
10153829,Male,123.0,87,
10816015,Male,123.0,74,74.0
10356857,Female,123.0,82,
11467267,Female,123.0,64,64.0
10987585,Male,123.0,71,71.0
10204439,Male,123.0,86,
11957155,Male,123.0,59,59.0
11877145,Male,123.0,60,60.0
10178105,Female,123.0,86,
11535699,Female,123.0,64,64.0
10878413,Male,123.0,73,73.0
9982735,Male,123.0,90,
11406759,Male,123.0,65,65.0
9940802,Male,123.0,91,
12454463,Male,123.0,53,53.0
8033683,Male,123.0,105,
8652875,Female,123.0,102,
10084753,Male,123.0,88,
8542989,Male,123.0,102,
11277133,Male,123.0,67,67.0
9603349,Male,123.0,95,
12295073,Male,26.0,55,26.0
10299625,Male,34.0,83,34.0
10799621,Male,34.0,74,34.0
8430835,Male,37.0,103,37.0
9629025,Male,38.0,95,38.0
12066439,Male,30.0,58,30.0
847791,Male,47.0,129,47.0
228823,Male,39.0,130,39.0
10887107,Male,27.0,72,27.0
11903955,Female,37.0,60,37.0
10957429,Female,39.0,72,39.0
9951597,Female,43.0,90,43.0
5227285,Male,50.0,113,50.0
12398939,Male,23.0,54,23.0
4241307,Female,39.0,117,39.0
8274623,Male,32.0,104,32.0
11020233,Male,60.0,71,60.0
5284601,Male,38.0,113,38.0
8449581,Male,36.0,103,36.0
10833109,Male,36.0,73,36.0
10644067,Female,30.0,76,30.0
1113665,Male,44.0,127,44.0
11950421,Male,34.0,59,34.0
10973907,Male,31.0,71,31.0
11164727,Male,27.0,69,27.0
11440499,Male,27.0,65,27.0
12257343,Male,24.0,56,24.0
11312105,Male,41.0,67,41.0
12118015,Male,28.0,57,28.0
4733323,Male,23.0,115,23.0
10543519,Male,123.0,78,78.0
10634659,Male,33.0,76,33.0
10302047,Male,31.0,83,31.0
8957025,Male,29.0,100,29.0
10301809,Male,40.0,83,40.0
8075837,Female,46.0,105,46.0
11544071,Female,28.0,63,28.0
11505529,Male,34.0,64,34.0
11315929,Male,51.0,67,51.0
363111,Male,35.0,130,35.0
11218585,Male,34.0,69,34.0
12300729,Male,32.0,55,32.0
8495067,Male,26.0,102,26.0
9868649,Male,34.0,92,34.0
10234385,Male,33.0,85,33.0
9689547,Male,26.0,94,26.0
8268099,Male,31.0,104,31.0
12503715,Male,32.0,53,32.0
10710035,Male,34.0,75,34.0
11134361,Male,46.0,70,46.0
12472285,Male,30.0,53,30.0
10460807,Female,39.0,80,39.0
11138673,Male,31.0,70,31.0
10294851,Male,35.0,83,35.0
10822791,Female,46.0,73,46.0
810747,Male,40.0,129,40.0
4314695,Male,36.0,117,36.0
11111177,Male,26.0,70,26.0
12149655,Female,21.0,57,21.0
4812255,Male,50.0,115,50.0
8902151,Male,34.0,100,34.0
9528420,Male,33.0,96,33.0
10439331,Male,30.0,80,30.0
823725,Male,37.0,129,37.0
10097927,Male,31.0,88,31.0
9896271,Male,31.0,91,31.0
10989783,Male,31.0,71,31.0
11125737,Male,44.0,70,44.0
11642155,Male,45.0,62,45.0
10312813,Female,29.0,83,29.0
10504235,Male,36.0,79,36.0
12507255,Female,32.0,53,32.0
5192677,Male,25.0,113,25.0
12016165,Male,31.0,58,31.0
11627105,Female,30.0,62,30.0
11335212,Male,27.0,66,27.0
11636989,Male,43.0,62,43.0
8943025,Male,59.0,100,59.0
8431731,Male,27.0,103,27.0
11041849,Male,40.0,71,40.0
10566773,Male,40.0,78,40.0
4666865,Male,47.0,115,47.0
5214545,Female,54.0,113,54.0
11849173,Male,28.0,60,28.0
11349737,Male,29.0,66,29.0
11680235,Male,27.0,62,27.0
10033191,Male,33.0,89,33.0
11315689,Female,31.0,67,31.0
11860023,Male,51.0,60,51.0
10473659,Male,40.0,80,40.0
9038071,Male,35.0,99,35.0
10957399,Female,28.0,72,28.0
4777675,Female,34.0,115,34.0
8722707,Male,42.0,101,42.0
11844357,Male,35.0,60,35.0
11170537,Female,29.0,69,29.0
8382255,Female,44.0,103,44.0
10618181,Male,29.0,77,29.0
12085353,Male,32.0,58,32.0
11157265,Male,28.0,69,28.0
4781833,Male,45.0,115,45.0
12113549,Male,30.0,57,30.0
12053783,Male,28.0,58,28.0
4746357,Male,34.0,115,34.0
10810233,Male,31.0,74,31.0
11914035,Male,35.0,59,35.0
12350821,Male,28.0,55,28.0
8912981,Male,31.0,100,31.0
10838517,Male,33.0,73,33.0
11880057,Male,27.0,60,27.0
4307639,Male,43.0,117,43.0
10431057,Male,42.0,81,42.0
11543287,Male,36.0,63,36.0
9105061,Male,40.0,99,40.0
8158647,Female,47.0,104,47.0
10295635,Male,34.0,83,34.0
9708097,Male,32.0,94,32.0
4687711,Female,45.0,115,45.0
9383955,Male,53.0,97,53.0
12510043,Male,29.0,53,29.0
544004,Male,34.0,130,34.0
11324915,Female,37.0,67,37.0
1072589,Male,43.0,127,43.0
8763559,Male,35.0,101,35.0
9192589,Male,33.0,98,33.0
10436545,Female,30.0,81,30.0
8636677,Male,28.0,102,28.0
9730623,Male,47.0,94,47.0
51751,Male,48.0,131,48.0
11793817,Female,33.0,61,33.0
10464909,Female,34.0,80,34.0
9760345,Male,32.0,94,32.0
8224615,Male,45.0,104,45.0
1110963,Male,39.0,127,39.0
9829379,Female,33.0,93,33.0
11906293,Male,35.0,60,35.0
14309,Female,37.0,131,37.0
9447221,Male,42.0,96,42.0
815151,Male,45.0,129,45.0
857367,Male,49.0,129,49.0
5098115,Male,35.0,113,35.0
841925,Male,50.0,129,50.0
9065791,Male,57.0,99,57.0
10323131,Male,30.0,83,30.0
9516437,Male,45.0,96,45.0
11807285,Male,36.0,60,36.0
1111859,Male,35.0,127,35.0
11267837,Male,31.0,68,31.0
10855817,Male,29.0,73,29.0
4850335,Male,38.0,114,38.0
814443,Male,37.0,129,37.0
11948667,Male,26.0,59,26.0
9883979,Male,29.0,92,29.0
11228679,Male,28.0,68,28.0
8754417,Male,30.0,101,30.0
10038973,Male,31.0,89,31.0
10567515,Male,44.0,78,44.0
4338593,Male,37.0,117,37.0
10725239,Male,30.0,75,30.0
12299665,Male,30.0,55,30.0
9597273,Female,40.0,95,40.0
8272271,Male,32.0,104,32.0
10222135,Female,38.0,85,38.0
9262547,Female,29.0,98,29.0
11922995,Male,27.0,59,27.0
10932453,Male,31.0,72,31.0
5071283,Male,37.0,113,37.0
10592253,Male,33.0,77,33.0
4370374,Male,40.0,117,40.0
4248335,Female,32.0,117,32.0
10311371,Male,37.0,83,37.0
4789561,Male,33.0,115,33.0
8966643,Male,36.0,99,36.0
27083,Female,34.0,131,34.0
4352145,Male,41.0,117,41.0
10268629,Female,43.0,84,43.0
4876081,Male,31.0,114,31.0
438333,Male,51.0,130,51.0
12318089,Female,38.0,55,38.0
1116549,Male,41.0,127,41.0
9277779,Male,44.0,98,44.0
8182587,Male,37.0,104,37.0
9593227,Female,32.0,95,32.0
5175471,Male,38.0,113,38.0
5151979,Male,42.0,113,42.0
180075,Male,58.0,130,58.0
4377135,Male,33.0,117,33.0
842779,Male,43.0,129,43.0
8288945,Male,44.0,104,44.0
9099335,Male,37.0,99,37.0
9727431,Male,50.0,94,50.0
4672283,Male,35.0,115,35.0
9153417,Male,37.0,98,37.0
1108653,Male,42.0,127,42.0
7936579,Male,29.0,105,29.0
9682253,Male,31.0,94,31.0
9396072,Male,29.0,97,29.0
9162636,Female,29.0,98,29.0
10167227,Male,33.0,86,33.0
330575,Male,46.0,130,46.0
8897945,Male,39.0,100,39.0
11312637,Male,33.0,67,33.0
10563510,Male,39.0,78,39.0
12064157,Male,28.0,58,28.0
8267021,Male,32.0,104,32.0
11300933,Male,27.0,67,27.0
10701145,Male,42.0,75,42.0
8264277,Male,32.0,104,32.0
10069871,Male,29.0,88,29.0
8223397,Male,42.0,104,42.0
10982223,Male,37.0,71,37.0
8708777,Male,33.0,101,33.0
5068161,Male,29.0,114,29.0
9745967,Male,42.0,94,42.0
8014867,Male,29.0,105,29.0
9882733,Male,25.0,92,25.0
8582973,Male,32.0,102,32.0
9528071,Male,32.0,96,32.0
8393181,Male,44.0,103,44.0
4234629,Female,28.0,117,28.0
10365411,Male,30.0,82,30.0
8915109,Male,41.0,100,41.0
4349793,Male,42.0,117,42.0
8643434,Male,22.0,102,22.0
8033991,Male,59.0,105,59.0
10730335,Male,123.0,75,75.0
11595815,Male,123.0,63,63.0
11894724,Male,123.0,60,60.0
10895759,Male,123.0,72,72.0
11116973,Male,123.0,70,70.0
12166091,Male,123.0,57,57.0
12458677,Male,123.0,53,53.0
12299312,Male,123.0,55,55.0
12032811,Male,123.0,58,58.0
10902661,Male,123.0,72,72.0
8520169,Male,123.0,102,
11161238,Male,123.0,69,69.0
10390919,Male,123.0,81,
12468225,Male,123.0,53,53.0
12047833,Male,123.0,58,58.0
10257631,Male,36.0,84,36.0
9557611,Male,31.0,95,31.0
11859127,Female,36.0,60,36.0
10133837,Male,28.0,87,28.0
11279826,Male,24.0,67,24.0
10390051,Male,44.0,81,44.0
8397403,Male,43.0,103,43.0
11990153,Male,27.0,59,27.0
11477949,Male,26.0,64,26.0
11757137,Male,30.0,61,30.0
11697203,Male,32.0,62,32.0
11255097,Male,33.0,68,33.0
9501065,Male,42.0,96,42.0
11518563,Male,35.0,64,35.0
11407697,Male,28.0,65,28.0
880061,Male,49.0,129,49.0
12494055,Male,23.0,53,23.0
10103359,Male,30.0,88,30.0
11354707,Male,33.0,66,33.0
10463691,Male,27.0,80,27.0
11978617,Female,28.0,59,28.0
12141255,Male,34.0,57,34.0
5049429,Male,34.0,114,34.0
9214107,Male,36.0,98,36.0
11538303,Female,28.0,63,28.0
9854845,Male,31.0,92,31.0
10500749,Male,28.0,79,28.0
10892945,Male,42.0,72,42.0
11051327,Male,34.0,70,34.0
11995319,Male,35.0,59,35.0
10560991,Female,39.0,78,39.0
11186413,Male,28.0,69,28.0
10574389,Male,46.0,77,46.0
627823,Male,38.0,130,38.0
11875297,Male,35.0,60,35.0
8843303,Male,53.0,100,53.0
9846389,Male,44.0,92,44.0
10509709,Male,33.0,79,33.0
11956469,Female,44.0,59,44.0
5045607,Male,48.0,114,48.0
11645487,Male,58.0,62,58.0
8592843,Male,31.0,102,31.0
311689,Male,35.0,130,35.0
10429713,Male,28.0,81,28.0
11762149,Male,30.0,61,30.0
12213523,Male,30.0,56,30.0
4268383,Female,38.0,117,38.0
10455599,Male,33.0,80,33.0
4751817,Male,25.0,115,25.0
10723867,Male,26.0,75,26.0
11807873,Male,28.0,60,28.0
11576187,Male,32.0,63,32.0
4885965,Male,34.0,114,34.0
12456689,Male,23.0,53,23.0
9751637,Male,29.0,94,29.0
1043455,Female,34.0,127,34.0
10887331,Male,28.0,72,28.0
11115895,Female,39.0,70,39.0
8954673,Male,31.0,100,31.0
10934175,Male,27.0,72,27.0
4687599,Female,12.0,115,
11217899,Male,32.0,69,32.0
11766573,Male,26.0,61,26.0
1115289,Male,44.0,127,44.0
10762493,Male,37.0,74,37.0
12132687,Male,29.0,57,29.0
10065027,Male,26.0,88,26.0
11726169,Female,43.0,61,43.0
11372585,Male,27.0,66,27.0
11228609,Male,27.0,68,27.0
1130605,Male,47.0,127,47.0
4977609,Male,25.0,114,25.0
10727787,Male,33.0,75,33.0
10201597,Male,32.0,86,32.0
10331909,Male,37.0,83,37.0
1053269,Female,44.0,127,44.0
9574481,Male,42.0,95,42.0
9189999,Male,35.0,98,35.0
9218909,Male,32.0,98,32.0
12091051,Male,29.0,58,29.0
10268783,Female,48.0,84,48.0
12032433,Male,28.0,58,28.0
9604679,Female,31.0,95,31.0
9951991,Male,25.0,90,25.0
12132253,Male,50.0,57,50.0
10610719,Female,28.0,77,28.0
1077979,Male,33.0,127,33.0
9973845,Female,36.0,90,36.0
9520035,Male,44.0,96,44.0
9312905,Male,52.0,97,52.0
10063557,Female,47.0,88,47.0
4328569,Male,45.0,117,45.0
11915337,Male,30.0,59,30.0
9995433,Male,35.0,89,35.0
12385933,Female,36.0,54,36.0
10138541,Male,40.0,87,40.0
239057,Female,52.0,130,52.0
11043403,Female,41.0,71,41.0
12214545,Female,50.0,56,50.0
4985519,Male,35.0,114,35.0
11281459,Male,24.0,67,24.0
8228815,Male,52.0,104,52.0
8638105,Male,41.0,102,41.0
11197277,Male,27.0,69,27.0
12234411,Male,34.0,56,34.0
10157805,Male,26.0,87,26.0
8944915,Female,50.0,100,50.0
4927195,Male,31.0,114,31.0
9573207,Male,29.0,95,29.0
10543729,Male,42.0,78,42.0
9595691,Male,39.0,95,39.0
11002453,Male,39.0,71,39.0
10773427,Female,29.0,74,29.0
9337503,Male,32.0,97,32.0
9031379,Male,37.0,99,37.0
8556331,Male,36.0,102,36.0
10629563,Male,29.0,76,29.0
10171889,Male,37.0,86,37.0
10047415,Male,36.0,89,36.0
840077,Male,42.0,129,42.0
12305279,Female,39.0,55,39.0
10441963,Male,26.0,80,26.0
4628295,Female,48.0,115,48.0
8403199,Female,31.0,103,31.0
12373407,Male,40.0,54,40.0
11103057,Female,40.0,70,40.0
8502095,Male,29.0,102,29.0
9041109,Male,36.0,99,36.0
12434275,Male,29.0,53,29.0
10292135,Male,57.0,84,57.0
4162053,Male,35.0,117,35.0
10357459,Male,28.0,82,28.0
10570847,Female,40.0,77,40.0
5076967,Male,37.0,113,37.0
9188487,Male,27.0,98,27.0
12307365,Male,49.0,55,49.0
9562959,Male,44.0,95,44.0
9663143,Male,37.0,95,37.0
4317285,Male,35.0,117,35.0
10978989,Male,31.0,71,31.0
4697511,Male,35.0,115,35.0
10820677,Female,33.0,73,33.0
4859423,Female,44.0,114,44.0
11205607,Male,30.0,69,30.0
8266293,Female,42.0,104,42.0
4185895,Male,30.0,117,30.0
1121057,Male,41.0,127,41.0
8040599,Male,36.0,105,36.0
12300855,Male,28.0,55,28.0
8813609,Male,30.0,101,30.0
9964045,Male,47.0,90,47.0
568631,Male,36.0,130,36.0
8209887,Male,42.0,104,42.0
10566913,Male,43.0,78,43.0
9405011,Female,48.0,97,48.0
221515,Male,35.0,130,35.0
824621,Female,44.0,129,44.0
4290349,Male,41.0,117,41.0
9587011,Male,54.0,95,54.0
10893052,Male,27.0,72,27.0
9056075,Male,46.0,99,46.0
8671523,Female,39.0,102,39.0
11052937,Male,38.0,70,38.0
5057339,Male,34.0,114,34.0
10776899,Male,27.0,74,27.0
4626265,Female,42.0,115,42.0
12451789,Male,33.0,53,33.0
10938165,Male,33.0,72,33.0
12482519,Male,30.0,53,30.0
10004911,Male,50.0,89,50.0
9755249,Male,30.0,94,30.0
8896021,Female,40.0,100,40.0
8909705,Male,44.0,100,44.0
10841089,Male,33.0,73,33.0
12503477,Male,62.0,53,62.0
10485937,Female,38.0,79,38.0
871605,Male,47.0,129,47.0
8877869,Male,35.0,100,35.0
11089239,Male,30.0,70,30.0
12488623,Male,35.0,53,35.0
9265193,Male,29.0,98,29.0
9859983,Male,43.0,92,43.0
569807,Male,34.0,130,34.0
11112619,Male,33.0,70,33.0
8582399,Male,34.0,102,34.0
8759723,Male,33.0,101,33.0
10700571,Male,45.0,75,45.0
8915683,Male,48.0,100,48.0
11370037,Female,29.0,66,29.0
4688355,Male,42.0,115,42.0
10265773,Male,30.0,84,30.0
10179883,Male,30.0,86,30.0
5084317,Male,43.0,113,43.0
4198411,Male,41.0,117,41.0
8591653,Male,33.0,102,33.0
4958597,Female,39.0,114,39.0
10284631,Female,30.0,84,30.0
8523809,Male,53.0,102,53.0
5083477,Female,41.0,113,41.0
5255845,Male,41.0,113,41.0
4638459,Male,30.0,115,30.0
8978235,Female,32.0,99,32.0
4843335,Male,35.0,114,35.0
7868917,Male,42.0,105,42.0
9149595,Male,41.0,98,41.0
5025769,Male,43.0,114,43.0
9129477,Male,30.0,99,30.0
9261441,Male,42.0,98,42.0
10341135,Male,32.0,83,32.0
9316223,Male,32.0,97,32.0
8751757,Male,43.0,101,43.0
10898671,Male,41.0,72,41.0
10489227,Female,51.0,79,51.0
9410135,Male,30.0,97,30.0
4737691,Male,48.0,115,48.0
10109183,Male,24.0,88,24.0
4317747,Female,32.0,117,32.0
136493,Male,33.0,130,33.0
10386733,Female,41.0,82,41.0
12486971,Male,123.0,53,53.0
11951919,Male,123.0,59,59.0
10864315,Male,123.0,73,73.0
11547200,Male,123.0,63,63.0
10241903,Male,123.0,85,
10710959,Female,123.0,75,75.0
11449655,Female,123.0,64,64.0
12184321,Male,123.0,57,57.0
12241523,Male,123.0,56,56.0
10941329,Male,123.0,72,72.0
12170949,Male,123.0,57,57.0
9464735,Male,123.0,96,
11168059,Male,123.0,69,69.0
10495513,Female,123.0,79,79.0
8522675,Male,123.0,102,
12259709,Male,123.0,56,56.0
1054753,Male,123.0,127,
1054235,Male,123.0,127,
11275929,Male,123.0,67,67.0
8885975,Male,29.0,100,29.0
8257526,Male,31.0,104,31.0
4741653,Male,43.0,115,43.0
11813823,Male,34.0,60,34.0
10135545,Male,44.0,87,44.0
10729330,Male,28.0,75,28.0
11994843,Male,27.0,59,27.0
10689021,Male,30.0,75,30.0
11274851,Male,37.0,68,37.0
842681,Male,43.0,129,43.0
407099,Male,39.0,130,39.0
8966195,Male,51.0,99,51.0
754663,Male,51.0,129,51.0
163163,Male,47.0,130,47.0
4245437,Male,44.0,117,44.0
10887625,Female,32.0,72,32.0
824747,Male,49.0,129,49.0
28749,Male,36.0,131,36.0
11252871,Male,35.0,68,35.0
10582775,Female,47.0,77,47.0
12245219,Male,25.0,56,25.0
5119765,Male,34.0,113,34.0
12086445,Male,27.0,58,27.0
11619699,Male,28.0,63,28.0
12270181,Male,35.0,56,35.0
11410273,Male,29.0,65,29.0
12136131,Male,33.0,57,33.0
12381201,Male,27.0,54,27.0
5277363,UNKNOWN,35.0,113,35.0
8916481,Male,29.0,100,29.0
11376617,Male,27.0,66,27.0
9344853,Male,39.0,97,39.0
10027465,Female,48.0,89,48.0
11274263,Male,31.0,68,31.0
11943337,Male,28.0,59,28.0
11999407,Male,31.0,59,31.0
8232721,Male,41.0,104,41.0
815381,Male,44.0,129,44.0
10212797,Male,31.0,86,31.0
8651377,Male,44.0,102,44.0
7958419,Male,35.0,105,35.0
12057521,Male,53.0,58,53.0
1109983,Male,42.0,127,42.0
11117813,Female,46.0,70,46.0
11673613,Male,45.0,62,45.0
11772299,Male,29.0,61,29.0
813435,Male,36.0,129,36.0
11514027,Male,30.0,64,30.0
10737968,Male,30.0,75,30.0
9936745,Female,37.0,91,37.0
11729921,Female,35.0,61,35.0
11683091,Male,40.0,62,40.0
8936123,Female,38.0,100,38.0
9514127,Male,31.0,96,31.0
9702119,Male,39.0,94,39.0
12183976,Male,26.0,57,26.0
1102871,Male,36.0,127,36.0
7906129,Male,35.0,105,35.0
11944317,Male,32.0,59,32.0
12144517,Male,42.0,57,42.0
10842223,Male,28.0,73,28.0
857353,Male,40.0,129,40.0
11540837,Male,53.0,63,53.0
4297294,Male,32.0,117,32.0
12195001,Male,27.0,57,27.0
11431679,Male,28.0,65,28.0
12223127,Male,29.0,56,29.0
4257099,Male,28.0,117,28.0
9450371,Male,29.0,96,29.0
10852751,Female,41.0,73,41.0
4706121,Male,40.0,115,40.0
11752181,Male,25.0,61,25.0
12154695,Male,51.0,57,51.0
8293061,Male,30.0,104,30.0
11104920,Male,25.0,70,25.0
11236141,Male,34.0,68,34.0
4949497,Male,30.0,114,30.0
11144259,Female,26.0,69,26.0
10342647,Male,29.0,82,29.0
12273779,Male,33.0,56,33.0
7995169,Female,33.0,105,33.0
9898007,Male,38.0,91,38.0
11592371,Male,31.0,63,31.0
9550121,Male,36.0,95,36.0
9801295,Female,29.0,93,29.0
10868151,Male,41.0,73,41.0
10184839,Male,31.0,86,31.0
8007315,Male,34.0,105,34.0
12098961,Male,29.0,58,29.0
10849335,Male,45.0,73,45.0
10279101,Male,34.0,84,34.0
832601,Male,40.0,129,40.0
11682895,Female,35.0,62,35.0
812329,Male,42.0,129,42.0
8463049,Male,30.0,103,30.0
11700381,Male,46.0,62,46.0
877107,Male,31.0,129,31.0
10951493,Male,36.0,72,36.0
9505923,Male,35.0,96,35.0
10017189,Female,53.0,89,53.0
10861176,Female,68.0,73,68.0
8330721,Male,34.0,103,34.0
9816877,Male,29.0,93,29.0
10641351,Male,40.0,76,40.0
10355681,Male,33.0,82,33.0
9580389,Male,30.0,95,30.0
1133937,Male,20.0,127,20.0
1079771,Male,45.0,127,45.0
12157215,Male,26.0,57,26.0
10612847,Male,35.0,77,35.0
12109993,Male,29.0,57,29.0
5080859,Male,24.0,113,24.0
1062761,Male,37.0,127,37.0
1123325,Male,47.0,127,47.0
78883,Male,47.0,131,47.0
8512917,Male,35.0,102,35.0
11058313,Male,31.0,70,31.0
376313,Male,35.0,130,35.0
1074201,Male,42.0,127,42.0
11605755,Male,32.0,63,32.0
10789849,Male,27.0,74,27.0
10745357,Male,28.0,74,28.0
1070601,Male,48.0,127,48.0
5245219,Male,49.0,113,49.0
1061449,Male,28.0,127,28.0
12155731,Male,41.0,57,41.0
11599413,Male,27.0,63,27.0
1132103,Male,34.0,127,34.0
11389637,Male,34.0,65,34.0
9879205,Male,35.0,92,35.0
4627035,Male,40.0,115,40.0
1088017,Male,38.0,127,38.0
11500895,Female,39.0,64,39.0
9302640,Male,32.0,97,32.0
9977541,Male,37.0,90,37.0
9462715,Male,31.0,96,31.0
4946473,Male,34.0,114,34.0
5214307,Male,38.0,113,38.0
9874851,Male,28.0,92,28.0
8355109,Female,42.0,103,42.0
12492207,Female,36.0,53,36.0
32515,Male,38.0,131,38.0
5123307,Male,37.0,113,37.0
8034019,Male,43.0,105,43.0
4786033,Male,39.0,115,39.0
11188835,Male,25.0,69,25.0
606641,Male,37.0,130,37.0
9115435,Male,32.0,99,32.0
5102573,Male,30.0,113,30.0
8208291,Male,41.0,104,41.0
10915745,Female,29.0,72,29.0
9929787,Male,35.0,91,35.0
11950561,Male,30.0,59,30.0
5147079,Female,48.0,113,48.0
9031812,Male,38.0,99,38.0
9889719,Female,32.0,91,32.0
10322039,Female,45.0,83,45.0
5161723,Male,27.0,113,27.0
1086519,Male,36.0,127,36.0
11084717,Female,38.0,70,38.0
10031847,Male,47.0,89,47.0
8161347,Male,48.0,104,48.0
541289,Male,38.0,130,38.0
4753273,Female,45.0,115,45.0
9418661,Male,39.0,97,39.0
10903921,Male,32.0,72,32.0
10059189,Male,33.0,88,33.0
1095391,Male,39.0,127,39.0
9110955,Male,27.0,99,27.0
4998035,Male,49.0,114,49.0
4828621,Female,45.0,114,45.0
8655689,Male,34.0,102,34.0
11221091,Male,32.0,68,32.0
11766853,Male,35.0,61,35.0
9723287,Male,30.0,94,30.0
5107305,Male,34.0,113,34.0
5144559,Male,40.0,113,40.0
4839695,Male,28.0,114,28.0
10272899,Male,32.0,84,32.0
10071593,Male,30.0,88,30.0
10249281,Male,44.0,85,44.0
9266915,Male,25.0,98,25.0
9493743,Female,31.0,96,31.0
10497529,Male,30.0,79,30.0
8481907,Male,33.0,103,33.0
9225489,Male,31.0,98,31.0
9574019,Male,47.0,95,47.0
8332093,Male,29.0,103,29.0
11173617,Male,34.0,69,34.0
4714899,Male,38.0,115,38.0
9434721,Male,29.0,96,29.0
9531879,Male,31.0,96,31.0
8818243,Male,36.0,101,36.0
12286001,Male,39.0,56,39.0
10825619,Male,34.0,73,34.0
10930353,Male,26.0,72,26.0
5091289,Female,30.0,113,30.0
9162321,Male,27.0,98,27.0
11241643,Female,34.0,68,34.0
10068249,Female,29.0,88,29.0
9901481,Female,36.0,91,36.0
10361771,Male,41.0,82,41.0
12153001,Male,123.0,57,57.0
12366404,Male,123.0,54,54.0
12480279,Male,123.0,53,53.0
10969679,Male,123.0,71,71.0
12053713,Male,123.0,58,58.0
8999585,Male,123.0,99,
12360005,Male,123.0,54,54.0
10835685,Female,123.0,73,73.0
10495765,Male,123.0,79,79.0
10812753,Male,123.0,74,74.0
9153949,Male,123.0,98,
8852459,Male,31.0,100,31.0
5102335,Male,40.0,113,40.0
10651263,Male,27.0,76,27.0
12461869,Female,24.0,53,24.0
10646307,Male,29.0,76,29.0
12253689,Male,31.0,56,31.0
832041,Male,50.0,129,50.0
10047345,Male,32.0,89,32.0
10600905,Male,33.0,77,33.0
12137797,Male,34.0,57,34.0
10612357,Male,37.0,77,37.0
105749,Male,42.0,130,42.0
4644353,Male,42.0,115,42.0
827505,Male,50.0,129,50.0
9857427,Male,36.0,92,36.0
12514915,Male,30.0,53,30.0
8212099,Male,24.0,104,24.0
12388873,Male,25.0,54,25.0
11867625,Male,27.0,60,27.0
4792613,Male,44.0,115,44.0
10754639,Male,35.0,74,35.0
12177809,Male,31.0,57,31.0
10645201,Male,28.0,76,28.0
10445225,Male,39.0,80,39.0
11657177,Male,45.0,62,45.0
10003735,Female,44.0,89,44.0
11710307,Male,46.0,62,46.0
827309,Male,43.0,129,43.0
10509303,Male,36.0,79,36.0
7901999,Male,37.0,105,37.0
10629143,Male,31.0,76,31.0
12337045,Male,34.0,55,34.0
10065587,Male,41.0,88,41.0
12183731,Male,43.0,57,43.0
9819453,Male,29.0,93,29.0
11193189,Male,44.0,69,44.0
7991879,Male,31.0,105,31.0
12471534,Male,36.0,53,36.0
8854741,Male,37.0,100,37.0
11036991,Male,34.0,71,34.0
12086767,Male,34.0,58,34.0
9894087,Female,37.0,91,37.0
10219671,Male,34.0,85,34.0
12484087,Male,40.0,53,40.0
11789043,Male,27.0,61,27.0
11070787,Male,32.0,70,32.0
11192591,Male,33.0,69,33.0
4677309,Male,41.0,115,41.0
8421413,Male,28.0,103,28.0
12191823,Male,31.0,57,31.0
10155747,Male,36.0,87,36.0
8853495,Male,37.0,100,37.0
11582347,Male,45.0,63,45.0
10331097,Male,30.0,83,30.0
11747373,Male,30.0,61,30.0
11942637,Male,28.0,59,28.0
4925725,Male,34.0,114,34.0
11349667,Male,34.0,66,34.0
11303565,Male,34.0,67,34.0
12022045,Male,31.0,58,31.0
8101100,Male,28.0,105,28.0
11723831,Male,27.0,61,27.0
11341225,Male,30.0,66,30.0
11374334,Male,28.0,66,28.0
11889335,Male,30.0,60,30.0
10544065,Male,31.0,78,31.0
4318811,Male,43.0,117,43.0
11344487,Male,28.0,66,28.0
4761939,Male,34.0,115,34.0
5159819,Male,39.0,113,39.0
10727303,Male,36.0,75,36.0
11437727,Male,29.0,65,29.0
12076197,Male,35.0,58,35.0
15155,Male,42.0,131,42.0
11578945,Female,35.0,63,35.0
10851295,Male,44.0,73,44.0
10605287,Male,37.0,77,37.0
11156159,Male,31.0,69,31.0
8139705,Male,41.0,104,41.0
10771999,Male,27.0,74,27.0
11184705,Male,27.0,69,27.0
1115205,Male,36.0,127,36.0
1037365,Male,34.0,127,34.0
4729333,Male,46.0,115,46.0
9347485,Female,51.0,97,51.0
5208623,Female,42.0,113,42.0
11638011,Male,35.0,62,35.0
436219,Male,41.0,130,41.0
11255041,Male,38.0,68,38.0
12191305,Male,123.0,57,57.0
11341085,Female,38.0,66,38.0
9357411,Male,35.0,97,35.0
11342429,Male,35.0,66,35.0
11684603,Male,36.0,62,36.0
10463285,Male,30.0,80,30.0
9451323,Male,41.0,96,41.0
4158273,Male,12.0,117,
4189507,Male,37.0,117,37.0
5273401,Female,40.0,113,40.0
12390847,Male,29.0,54,29.0
11881457,Male,27.0,60,27.0
12308681,Male,29.0,55,29.0
10907365,Male,30.0,72,30.0
4686199,Male,37.0,115,37.0
11885517,Male,31.0,60,31.0
11939767,Male,46.0,59,46.0
10929751,Male,123.0,72,72.0
11616423,Male,38.0,63,38.0
11342807,Male,35.0,66,35.0
11177180,Male,27.0,69,27.0
11821173,Female,40.0,60,40.0
11263259,Male,33.0,68,33.0
11699135,Female,28.0,62,28.0
10963449,Male,28.0,72,28.0
11197515,Male,41.0,69,41.0
11964099,Male,36.0,59,36.0
10718603,Male,40.0,75,40.0
10321523,Male,31.0,83,31.0
9873913,Male,28.0,92,28.0
4809301,Male,58.0,115,58.0
487249,Male,45.0,130,45.0
11543175,Male,38.0,63,38.0
5148465,Female,31.0,113,31.0
5121193,Male,33.0,113,33.0
11705603,Male,47.0,62,47.0
848169,Male,37.0,129,37.0
10451959,Female,56.0,80,56.0
10538003,Male,32.0,78,32.0
8639295,Male,32.0,102,32.0
9640001,Male,27.0,95,27.0
9160683,Female,44.0,98,44.0
397705,Male,38.0,130,38.0
9039275,Female,45.0,99,45.0
11310775,Male,31.0,67,31.0
10397989,Male,36.0,81,36.0
819245,Female,49.0,129,49.0
860981,Male,45.0,129,45.0
10896207,Male,41.0,72,41.0
9643781,Female,37.0,95,37.0
8887935,Male,27.0,100,27.0
8300327,Male,33.0,104,33.0
10178035,Male,43.0,86,43.0
4268467,Male,31.0,117,31.0
5123881,Male,42.0,113,42.0
12309983,Male,31.0,55,31.0
11031349,Male,32.0,71,32.0
8998759,Male,49.0,99,49.0
10628765,Male,27.0,76,27.0
9261637,Male,35.0,98,35.0
5066075,Male,34.0,114,34.0
11519641,Male,42.0,64,42.0
10159667,Male,39.0,87,39.0
8073261,Male,55.0,105,55.0
5048659,Male,27.0,114,27.0
9281279,Male,38.0,98,38.0
8496592,Female,32.0,102,32.0
9144219,Male,45.0,98,45.0
10626259,Male,36.0,76,36.0
5307029,Male,36.0,113,36.0
5280597,Female,40.0,113,40.0
10784753,Male,40.0,74,40.0
814233,Male,39.0,129,39.0
4160345,Male,45.0,117,45.0
9312443,Male,25.0,97,25.0
8166165,Male,45.0,104,45.0
1097845,Male,35.0,127,35.0
4861759,Male,30.0,114,30.0
9259593,Female,31.0,98,31.0
10126599,Male,40.0,87,40.0
1090061,Female,75.0,127,75.0
10960649,Male,30.0,72,30.0
11524975,Male,32.0,64,32.0
11148683,Male,25.0,69,25.0
9009161,Male,27.0,99,27.0
10300085,Female,35.0,83,35.0
4798885,Male,35.0,115,35.0
5103651,Male,50.0,113,50.0
847903,Male,39.0,129,39.0
1036707,Male,44.0,127,44.0
8895719,Female,31.0,100,31.0
11270742,Male,33.0,68,33.0
9072693,Female,46.0,99,46.0
5026605,Male,40.0,114,40.0
4943953,Male,44.0,114,44.0
12034085,Male,34.0,58,34.0
4781889,Male,50.0,115,50.0
10028641,Male,34.0,89,34.0
7890617,Male,30.0,105,30.0
818013,Male,34.0,129,34.0
4866225,Male,30.0,114,30.0
69055,Male,43.0,131,43.0
10175109,Male,35.0,86,35.0
5221615,Female,51.0,113,51.0
4772663,Male,34.0,115,34.0
1115779,Male,50.0,127,50.0
10008131,Male,41.0,89,41.0
8469755,Male,31.0,103,31.0
5004783,Male,51.0,114,51.0
11866393,Female,28.0,60,28.0
11506719,Female,37.0,64,37.0
10183775,Female,55.0,86,55.0
9625483,Male,43.0,95,43.0
11380677,Male,43.0,66,43.0
11219971,Male,41.0,68,41.0
4302809,Female,53.0,117,53.0
240191,Male,47.0,130,47.0
11341057,Male,28.0,66,28.0
8285725,Male,41.0,104,41.0
5061483,Female,28.0,114,28.0
8502235,Male,38.0,102,38.0
10192413,Male,32.0,86,32.0
10284253,Male,37.0,84,37.0
8486037,Female,61.0,103,61.0
8926225,Male,31.0,100,31.0
9077000,Male,51.0,99,51.0
10599085,Male,35.0,77,35.0
10988523,Male,29.0,71,29.0
10193841,Male,30.0,86,30.0
12031383,Male,26.0,58,26.0
9518817,Male,40.0,96,40.0
12454071,Male,23.0,53,23.0
10607261,Female,56.0,77,56.0
10929443,Male,28.0,72,28.0
9661337,Male,38.0,95,38.0
9198469,Male,27.0,98,27.0
4331355,Male,33.0,117,33.0
9144527,Male,35.0,98,35.0
4694627,Male,40.0,115,40.0
12500957,Male,26.0,53,26.0
11970931,Female,37.0,59,37.0
8083243,Male,41.0,105,41.0
9900177,Female,33.0,91,33.0
11478915,Male,123.0,64,64.0
12239591,Male,123.0,56,56.0
12053881,Male,123.0,58,58.0
11889535,Male,123.0,60,60.0
12311824,Female,123.0,55,55.0
10475367,Male,123.0,80,80.0
11114425,Female,123.0,70,70.0
11371955,Male,123.0,66,66.0
11781693,Male,123.0,61,61.0
11428767,Male,123.0,65,65.0
11601009,Female,123.0,63,63.0
12099801,Male,123.0,58,58.0
1046507,Male,123.0,127,
8947323,Female,123.0,100,
1096627,Male,123.0,127,
8601985,Male,123.0,102,
9920995,Male,31.0,91,31.0
12151027,Male,34.0,57,34.0
11398877,Male,29.0,65,29.0
11704007,Female,29.0,62,29.0
10765909,Male,32.0,74,32.0
11604117,Male,32.0,63,32.0
10484145,Male,35.0,79,35.0
11399507,Male,31.0,65,31.0
12337885,Female,28.0,55,28.0
120085,Male,39.0,130,39.0
10172519,Male,45.0,86,45.0
8754431,Male,36.0,101,36.0
12410755,Male,35.0,54,35.0
11066727,Male,51.0,70,51.0
12478655,Male,41.0,53,41.0
10902087,Male,31.0,72,31.0
11569257,Male,31.0,63,31.0
10933643,Male,35.0,72,35.0
11860583,Male,33.0,60,33.0
5122789,Female,40.0,113,40.0
12074461,Male,40.0,58,40.0
11515371,Male,30.0,64,30.0
11759489,Male,27.0,61,27.0
10673145,Male,30.0,76,30.0
10679865,Male,31.0,75,31.0
11751467,Male,42.0,61,42.0
10337215,Male,29.0,83,29.0
11466287,Male,29.0,64,29.0
11629835,Male,42.0,62,42.0
10359965,Male,54.0,82,54.0
253421,Male,47.0,130,47.0
11178783,Male,32.0,69,32.0
8937635,Male,50.0,100,50.0
568001,Male,38.0,130,38.0
11343073,Male,29.0,66,29.0
10158617,Male,33.0,87,33.0
11875143,Male,35.0,60,35.0
8872045,Male,39.0,100,39.0
9976813,Male,35.0,90,35.0
11346069,Male,35.0,66,35.0
12082595,Male,29.0,58,29.0
10566059,Male,28.0,78,28.0
11270945,Male,34.0,68,34.0
205625,Male,47.0,130,47.0
8747585,Male,29.0,101,29.0
11013639,Male,35.0,71,35.0
11160947,Female,29.0,69,29.0
11850769,Female,26.0,60,26.0
8506421,Male,36.0,102,36.0
11939291,Male,53.0,59,53.0
596337,Female,45.0,130,45.0
10729355,Male,30.0,75,30.0
7934479,Female,42.0,105,42.0
5314589,Male,34.0,113,34.0
10753015,Male,51.0,74,51.0
11376781,Male,29.0,66,29.0
1049811,Female,41.0,127,41.0
11272471,Male,58.0,68,58.0
12103847,Male,40.0,58,40.0
11475415,Male,35.0,64,35.0
10520069,Female,28.0,79,28.0
11437111,Male,26.0,65,26.0
10443055,Male,35.0,80,35.0
10877531,Male,36.0,73,36.0
8534673,Male,30.0,102,30.0
11024181,Male,50.0,71,50.0
10363367,Male,40.0,82,40.0
12498339,Female,34.0,53,34.0
11688685,Female,34.0,62,34.0
11009159,Male,33.0,71,33.0
11338019,Male,27.0,66,27.0
12418791,Male,44.0,54,44.0
10905909,Male,42.0,72,42.0
11403847,Male,28.0,65,28.0
10579541,Male,25.0,77,25.0
1116577,Female,38.0,127,38.0
12467987,Male,31.0,53,31.0
8899821,Male,29.0,100,29.0
10456411,Male,19.0,80,19.0
539273,Male,35.0,130,35.0
11512742,Male,29.0,64,29.0
8959629,Male,41.0,99,41.0
308021,Male,39.0,130,39.0
12078983,Male,29.0,58,29.0
11346909,Male,34.0,66,34.0
8530809,Male,35.0,102,35.0
11008501,Male,30.0,71,30.0
11667103,Male,34.0,62,34.0
11241587,Female,44.0,68,44.0
11514713,Male,28.0,64,28.0
12104575,Male,26.0,58,26.0
10952165,Male,29.0,72,29.0
11945899,Male,27.0,59,27.0
4326245,Male,33.0,117,33.0
10165841,Male,32.0,87,32.0
866173,Female,48.0,129,48.0
8962923,Male,31.0,99,31.0
4635505,Male,31.0,115,31.0
4255645,Male,35.0,117,35.0
12474917,Male,30.0,53,30.0
9986879,Male,32.0,90,32.0
12165321,Male,33.0,57,33.0
12079683,Male,35.0,58,35.0
11106753,Male,31.0,70,31.0
11322003,Female,55.0,67,55.0
11493951,Male,26.0,64,26.0
7917189,Male,31.0,105,31.0
10804171,Male,28.0,74,28.0
5068105,Female,31.0,114,31.0
12151755,Male,27.0,57,27.0
12332201,Male,32.0,55,32.0
8248401,Male,43.0,104,43.0
10596439,Male,29.0,77,29.0
5187903,Male,45.0,113,45.0
12089903,Female,32.0,58,32.0
10919181,Male,29.0,72,29.0
62867,Male,38.0,131,38.0
11739063,Male,36.0,61,36.0
10135055,Female,27.0,87,27.0
9209977,Male,30.0,98,30.0
11609507,Male,31.0,63,31.0
11859691,Male,33.0,60,33.0
9451687,Male,34.0,96,34.0
9074051,Male,41.0,99,41.0
4293793,Male,28.0,117,28.0
11770437,Male,43.0,61,43.0
8748565,Male,39.0,101,39.0
11085249,Female,51.0,70,51.0
310807,Male,38.0,130,38.0
10367623,Male,45.0,82,45.0
4747393,Male,43.0,115,43.0
8451807,Male,30.0,103,30.0
10351789,Male,28.0,82,28.0
8829205,Male,27.0,100,27.0
10230269,Male,28.0,85,28.0
8456959,Male,34.0,103,34.0
9831835,Male,47.0,93,47.0
8552523,Male,29.0,102,29.0
9273075,Male,25.0,98,25.0
811943,Male,45.0,129,45.0
10127145,Male,32.0,87,32.0
8635655,Male,38.0,102,38.0
514465,Male,57.0,130,57.0
11809889,Female,25.0,60,25.0
11421137,Male,29.0,65,29.0
4249682,Female,44.0,117,44.0
10286801,Male,35.0,84,35.0
11096253,Female,28.0,70,28.0
10323327,Male,42.0,83,42.0
10286745,Male,36.0,84,36.0
4865623,Female,40.0,114,40.0
9239167,Male,22.0,98,22.0
11974094,Female,42.0,59,42.0
4297419,Male,28.0,117,28.0
4303607,Male,32.0,117,32.0
4319693,Female,76.0,117,76.0
10872715,Male,29.0,73,29.0
4268948,Male,40.0,117,40.0
4681509,Male,37.0,115,37.0
11306253,Male,28.0,67,28.0
11465083,Male,29.0,64,29.0
9500491,Male,41.0,96,41.0
8444233,Male,19.0,103,19.0
396291,Male,37.0,130,37.0
4678317,Male,33.0,115,33.0
8349131,Male,41.0,103,41.0
5015381,Male,26.0,114,26.0
347515,Male,46.0,130,46.0
813687,Male,47.0,129,47.0
11694837,Male,30.0,62,30.0
9137569,Male,36.0,98,36.0
11037173,Male,29.0,71,29.0
10851379,Male,52.0,73,52.0
5171453,Male,35.0,113,35.0
11724363,Male,27.0,61,27.0
9047647,Male,43.0,99,43.0
9768204,Female,29.0,94,29.0
10162299,Male,35.0,87,35.0
8652525,Male,48.0,102,48.0
12007793,Male,32.0,59,32.0
4378241,Male,42.0,117,42.0
8220289,Male,32.0,104,32.0
8508353,Male,36.0,102,36.0
1061879,Male,36.0,127,36.0
11163523,Male,28.0,69,28.0
1115835,Male,42.0,127,42.0
10313177,Female,37.0,83,37.0
11094223,Female,40.0,70,40.0
10147977,Male,33.0,87,33.0
10594465,Male,32.0,77,32.0
12128417,Male,27.0,57,27.0
11543959,Male,33.0,63,33.0
10656191,Male,32.0,76,32.0
9042355,Male,37.0,99,37.0
11347721,Male,40.0,66,40.0
9677311,Female,36.0,94,36.0
4321485,Male,29.0,117,29.0
4817491,Male,29.0,114,29.0
202713,Male,51.0,130,51.0
1046843,Male,41.0,127,41.0
831523,Male,30.0,129,30.0
11758915,Female,25.0,61,25.0
9299395,Male,33.0,97,33.0
5209491,Male,29.0,113,29.0
4729501,Male,46.0,115,46.0
11395839,Male,30.0,65,30.0
4326259,Male,45.0,117,45.0
11901155,Male,31.0,60,31.0
8112489,Male,27.0,105,27.0
11092515,Female,36.0,70,36.0
10727983,Male,39.0,75,39.0
92001,Male,43.0,131,43.0
8981651,Male,35.0,99,35.0
8596833,Female,43.0,102,43.0
7871577,Male,31.0,105,31.0
11420925,Female,27.0,65,27.0
11311391,Male,33.0,67,33.0
9854159,Male,36.0,92,36.0
8249437,Male,59.0,104,59.0
8705327,Male,28.0,101,28.0
7946981,Male,35.0,105,35.0
11581129,Male,30.0,63,30.0
4695593,Male,31.0,115,31.0
10446051,Male,32.0,80,32.0
4707045,Female,36.0,115,36.0
11614981,Male,32.0,63,32.0
9018709,Male,29.0,99,29.0
4716313,Male,37.0,115,37.0
5112863,Male,32.0,113,32.0
5245429,Male,31.0,113,31.0
12169941,Male,30.0,57,30.0
5118855,Female,43.0,113,43.0
10637487,Male,46.0,76,46.0
11740505,Male,30.0,61,30.0
10386803,Male,38.0,82,38.0
9089549,Male,31.0,99,31.0
12380347,Male,123.0,54,54.0
12303263,Male,123.0,55,55.0
8032353,Male,123.0,105,
11283461,Male,123.0,67,67.0
11297727,Male,123.0,67,67.0
10458343,Female,123.0,80,80.0
10364123,Male,123.0,82,
10349983,Male,123.0,82,
10544877,Male,123.0,78,78.0
8169259,Female,123.0,104,
8059037,Female,123.0,105,
11014241,Female,123.0,71,71.0
10103303,Female,123.0,88,
10130939,Male,123.0,87,
11548747,Female,123.0,63,63.0
4182409,Female,123.0,117,
8556807,Female,123.0,102,
8278319,Female,123.0,104,
11669049,Male,50.0,62,50.0
10787287,Male,32.0,74,32.0
12384043,Male,28.0,54,28.0
11163174,Male,29.0,69,29.0
11140031,Male,34.0,70,34.0
10677569,Male,28.0,76,28.0
10549497,Male,31.0,78,31.0
11305511,Male,48.0,67,48.0
12071493,Female,31.0,58,31.0
264159,Male,36.0,130,36.0
12185117,Male,47.0,57,47.0
546707,Male,53.0,130,53.0
10349871,Female,32.0,82,32.0
1068445,Male,37.0,127,37.0
11434605,Male,28.0,65,28.0
10631929,Male,32.0,76,32.0
4935287,Male,41.0,114,41.0
10148260,Male,40.0,87,40.0
10554033,Male,28.0,78,28.0
11255601,Male,27.0,68,27.0
10979339,Male,29.0,71,29.0
10599701,Male,28.0,77,28.0
11003237,Male,118.0,71,71.0
9787477,Male,29.0,93,29.0
11927321,Male,32.0,59,32.0
9584897,Male,35.0,95,35.0
11213797,Male,46.0,69,46.0
10066035,Male,35.0,88,35.0
29841,Male,49.0,131,49.0
12504079,Male,28.0,53,28.0
11462717,Male,30.0,64,30.0
1127539,Male,35.0,127,35.0
12124973,Male,29.0,57,29.0
9700145,Male,32.0,94,32.0
4270382,Male,12.0,117,
12486075,Male,29.0,53,29.0
837501,Male,37.0,129,37.0
796761,Male,42.0,129,42.0
11208379,Male,31.0,69,31.0
10861515,Male,32.0,73,32.0
10871476,Male,28.0,73,28.0
10522827,Male,34.0,79,34.0
10188241,Male,29.0,86,29.0
5250553,Male,31.0,113,31.0
10026968,Male,32.0,89,32.0
10504361,Male,26.0,79,26.0
11313225,Male,26.0,67,26.0
5151405,Male,28.0,113,28.0
5198296,Male,44.0,113,44.0
11002831,Male,33.0,71,33.0
9583273,Male,33.0,95,33.0
9429413,Male,34.0,96,34.0
11175087,Female,52.0,69,52.0
11296887,Male,32.0,67,32.0
10122763,Male,36.0,87,36.0
11475989,Female,49.0,64,49.0
12059467,Male,27.0,58,27.0
12504358,Male,29.0,53,29.0
9293067,Female,43.0,98,43.0
10937199,Male,25.0,72,25.0
8489859,Female,30.0,102,30.0
10208653,Male,55.0,86,55.0
9936045,Female,46.0,91,46.0
12309451,Male,36.0,55,36.0
11708907,Male,31.0,62,31.0
11306365,Male,26.0,67,26.0
11931717,Male,36.0,59,36.0
8150681,Male,47.0,104,47.0
12042247,Male,29.0,58,29.0
12298405,Male,25.0,55,25.0
10233937,Male,32.0,85,32.0
10678815,Male,123.0,75,75.0
11582459,Male,26.0,63,26.0
4974375,Male,30.0,114,30.0
11008823,Male,28.0,71,28.0
12446175,Male,25.0,53,25.0
10435761,Male,29.0,81,29.0
10958227,Male,29.0,72,29.0
10476697,Male,38.0,80,38.0
11948016,Male,26.0,59,26.0
365852,Male,34.0,130,34.0
12085479,Male,28.0,58,28.0
12153127,Female,31.0,57,31.0
10144421,Male,28.0,87,28.0
10282167,Male,29.0,84,29.0
10859695,Male,42.0,73,42.0
11867186,Male,34.0,60,34.0
10799691,Male,35.0,74,35.0
11012435,Male,59.0,71,59.0
10663345,Female,38.0,76,38.0
10000977,Male,53.0,89,53.0
8503075,Male,31.0,102,31.0
8815331,Male,30.0,101,30.0
11353797,Male,29.0,66,29.0
10954545,Female,31.0,72,31.0
11711833,Male,50.0,62,50.0
12318817,Male,30.0,55,30.0
10481793,Female,44.0,79,44.0
9799929,Male,28.0,93,28.0
11601387,Male,32.0,63,32.0
12032867,Male,27.0,58,27.0
11987675,Male,24.0,59,24.0
5302857,Male,30.0,113,30.0
10361589,Male,28.0,82,28.0
11449501,Male,35.0,64,35.0
9888347,Male,45.0,92,45.0
11209261,Male,30.0,69,30.0
11600883,Male,28.0,63,28.0
11507335,Male,35.0,64,35.0
1094471,Male,54.0,127,54.0
10614779,Male,30.0,77,30.0
4776121,Male,41.0,115,41.0
8052611,Male,43.0,105,43.0
723793,Male,41.0,130,41.0
9428811,Male,34.0,96,34.0
9423827,Male,29.0,96,29.0
1111733,Male,38.0,127,38.0
5201661,Male,37.0,113,37.0
10321073,Male,29.0,83,29.0
10596187,Male,28.0,77,28.0
8921241,Male,51.0,100,51.0
8144171,Female,41.0,104,41.0
8747753,Male,26.0,101,26.0
5012721,Male,44.0,114,44.0
9275609,Male,32.0,98,32.0
7906997,Male,37.0,105,37.0
1100225,Male,45.0,127,45.0
10601255,Female,41.0,77,41.0
8814645,Male,32.0,101,32.0
10235141,Male,34.0,85,34.0
616203,Male,37.0,130,37.0
4843657,Male,36.0,114,36.0
5286323,Male,39.0,113,39.0
9335095,Female,38.0,97,38.0
10823351,Male,27.0,73,27.0
9162503,Female,35.0,98,35.0
11061225,Male,30.0,70,30.0
2093,Male,47.0,133,47.0
4345621,Male,32.0,117,32.0
9185701,Male,29.0,98,29.0
10633059,Female,34.0,76,34.0
44415,Male,48.0,131,48.0
11298469,Male,28.0,67,28.0
8457379,Male,56.0,103,56.0
8254757,Male,28.0,104,28.0
451157,Male,43.0,130,43.0
9654967,Male,30.0,95,30.0
4324649,Male,34.0,117,34.0
9744475,Male,29.0,94,29.0
4310873,Male,51.0,117,51.0
9703631,Female,41.0,94,41.0
5300407,Female,32.0,113,32.0
8771721,Male,31.0,101,31.0
841379,Male,34.0,129,34.0
10138625,Male,38.0,87,38.0
457387,Male,36.0,130,36.0
9679719,Male,38.0,94,38.0
9886275,Female,49.0,92,49.0
10766175,Male,35.0,74,35.0
145425,Male,39.0,130,39.0
403081,Male,46.0,130,46.0
10596733,Male,35.0,77,35.0
9810269,Female,36.0,93,36.0
8333269,Male,38.0,103,38.0
11982593,Male,31.0,59,31.0
8951635,Male,55.0,100,55.0
4646131,Male,41.0,115,41.0
8989533,Female,30.0,99,30.0
10154795,Female,30.0,87,30.0
11388055,Male,31.0,65,31.0
4828873,Male,34.0,114,34.0
4977693,Male,38.0,114,38.0
9426529,Female,26.0,96,26.0
4341435,Male,40.0,117,40.0
8963143,Male,30.0,99,30.0
11783121,Male,44.0,61,44.0
11224745,Male,29.0,68,29.0
8309259,Female,51.0,104,51.0
9002399,Male,36.0,99,36.0
8910713,Male,46.0,100,46.0
819399,Male,36.0,129,36.0
834337,Male,41.0,129,41.0
9816625,Male,30.0,93,30.0
11354581,Female,26.0,66,26.0
8879689,Male,30.0,100,30.0
11073265,Male,36.0,70,36.0
333207,Male,34.0,130,34.0
12425077,Male,38.0,54,38.0
12070541,Male,31.0,58,31.0
8812867,Male,43.0,101,43.0
8691248,Male,27.0,101,27.0
8311527,Male,29.0,104,29.0
1041523,Male,34.0,127,34.0
4663715,Male,43.0,115,43.0
8244929,Female,35.0,104,35.0
40537,Male,42.0,131,42.0
1131193,Male,35.0,127,35.0
8022175,Male,48.0,105,48.0
10592589,Male,27.0,77,27.0
4671513,Male,37.0,115,37.0
9599149,Male,29.0,95,29.0
4908757,Male,41.0,114,41.0
9048501,Female,35.0,99,35.0
9297127,Female,53.0,97,53.0
9980523,Male,47.0,90,47.0
9204083,Female,35.0,98,35.0
9855769,Male,35.0,92,35.0
4775225,Male,26.0,115,26.0
8557409,Female,38.0,102,38.0
9747787,Female,28.0,94,28.0
5008143,Male,39.0,114,39.0
4167331,Male,42.0,117,42.0
9030539,Male,52.0,99,52.0
10833473,Male,28.0,73,28.0
10967103,Female,26.0,71,26.0
12441023,Female,28.0,53,28.0
10814041,Male,39.0,74,39.0
5208063,Male,37.0,113,37.0
10598875,Male,28.0,77,28.0
877331,Male,123.0,129,
12249447,Male,123.0,56,56.0
11221945,Male,123.0,68,68.0
9021047,Male,123.0,99,
11636216,Male,123.0,62,62.0
12289277,Male,123.0,55,55.0
12403531,Male,123.0,54,54.0
12095503,Male,123.0,58,58.0
12297047,Male,123.0,55,55.0
9064125,Male,123.0,99,
12096959,Male,123.0,58,58.0
10804703,Male,123.0,74,74.0
11209933,Male,123.0,69,69.0
12113171,Male,123.0,57,57.0
12148899,Male,123.0,57,57.0
4708949,Male,123.0,115,
872767,Male,123.0,129,
10643563,Male,123.0,76,76.0
8072001,Male,123.0,105,
10092019,Male,123.0,88,
8610343,Male,26.0,102,26.0
11155809,Male,45.0,69,45.0
10131401,Male,30.0,87,30.0
5164299,Female,41.0,113,41.0
10104381,Male,32.0,88,32.0
4985995,Male,32.0,114,32.0
4166596,Female,31.0,117,31.0
10771705,Male,48.0,74,48.0
8452031,Male,32.0,103,32.0
12058193,Male,40.0,58,40.0
8799315,Male,38.0,101,38.0
10080133,Male,30.0,88,30.0
755223,Male,42.0,129,42.0
12001877,Male,31.0,59,31.0
9743839,Male,34.0,94,34.0
10015018,Male,29.0,89,29.0
8218525,Male,28.0,104,28.0
4667551,Female,40.0,115,40.0
10043243,Male,28.0,89,28.0
12343709,Male,27.0,55,27.0
11010797,Male,30.0,71,30.0
11560913,Male,32.0,63,32.0
12293939,Male,31.0,55,31.0
867531,Female,36.0,129,36.0
11120893,Male,30.0,70,30.0
11441465,Male,28.0,65,28.0
4182437,Male,41.0,117,41.0
11321149,Male,30.0,67,30.0
11483353,Male,28.0,64,28.0
11155739,Male,29.0,69,29.0
11818363,Male,35.0,60,35.0
12253885,Female,51.0,56,51.0
11464383,Male,35.0,64,35.0
11624319,Male,32.0,63,32.0
10032869,Male,29.0,89,29.0
11331103,Male,36.0,66,36.0
9883727,Male,40.0,92,40.0
8099707,Female,46.0,105,46.0
721245,Male,40.0,130,40.0
11205649,Male,35.0,69,35.0
12123279,Male,34.0,57,34.0
9089381,Male,25.0,99,25.0
8964650,Male,38.0,99,38.0
12403797,Male,23.0,54,23.0
376075,Male,40.0,130,40.0
10644025,Male,33.0,76,33.0
11394663,Female,33.0,65,33.0
11100971,Male,29.0,70,29.0
8074804,Male,37.0,105,37.0
12027127,Male,41.0,58,41.0
11944695,Male,30.0,59,30.0
849756,Male,46.0,129,46.0
5300295,Male,50.0,113,50.0
11774119,Male,32.0,61,32.0
4833829,Female,32.0,114,32.0
11273521,Male,40.0,68,40.0
829297,Male,33.0,129,33.0
11921861,Male,57.0,59,57.0
11698561,Male,30.0,62,30.0
9350565,Male,49.0,97,49.0
9775143,Male,50.0,94,50.0
5040287,Female,33.0,114,33.0
10358005,Male,33.0,82,33.0
10213931,Female,36.0,86,36.0
1078315,Male,44.0,127,44.0
11720639,Male,32.0,61,32.0
9393839,Male,41.0,97,41.0
12388915,Male,5.0,54,54.0
10776829,Male,30.0,74,30.0
10340239,Male,41.0,83,41.0
11489807,Male,31.0,64,31.0
4976405,Male,51.0,114,51.0
11217269,Male,36.0,69,36.0
4994171,Female,37.0,114,37.0
11681397,Male,33.0,62,33.0
9801841,Male,21.0,93,21.0
10877937,Male,27.0,73,27.0
11358333,Male,30.0,66,30.0
9205973,Male,29.0,98,29.0
11383127,Male,26.0,66,26.0
11882969,Female,42.0,60,42.0
11951163,Male,25.0,59,25.0
12279883,Male,25.0,56,25.0
10108385,Male,28.0,88,28.0
11318867,Male,38.0,67,38.0
10743946,Female,32.0,75,32.0
10655869,Male,29.0,76,29.0
8370369,Female,41.0,103,41.0
9452289,Male,32.0,96,32.0
10459589,Female,34.0,80,34.0
10357823,Male,29.0,82,29.0
8636607,Female,45.0,102,45.0
10882851,Female,42.0,73,42.0
11829237,Female,36.0,60,36.0
11327225,Male,29.0,67,29.0
11650345,Male,65.0,62,65.0
12177893,Male,26.0,57,26.0
5277153,Female,36.0,113,36.0
10713381,Male,29.0,75,29.0
9955841,Female,49.0,90,49.0
812120,Female,50.0,129,50.0
9382485,Male,35.0,97,35.0
10363017,Female,44.0,82,44.0
11413801,Male,51.0,65,51.0
4857713,Male,34.0,114,34.0
11872399,Male,25.0,60,25.0
355131,Male,38.0,130,38.0
328657,Male,50.0,130,50.0
545914,Male,34.0,130,34.0
812959,Male,35.0,129,35.0
4185055,Female,42.0,117,42.0
4934741,Female,40.0,114,40.0
9151079,Male,52.0,98,52.0
9136533,Male,44.0,98,44.0
9359707,Male,39.0,97,39.0
11634612,Male,36.0,62,36.0
8146467,Female,40.0,104,40.0
10173261,Male,38.0,86,38.0
10569657,Female,39.0,78,39.0
10587199,Female,64.0,77,64.0
10731035,Female,41.0,75,41.0
10712401,Male,33.0,75,33.0
88655,Male,55.0,131,55.0
8936655,Male,39.0,100,39.0
8141763,Female,36.0,104,36.0
4310677,Male,35.0,117,35.0
8740855,Male,35.0,101,35.0
5086151,Male,36.0,113,36.0
11257841,Male,29.0,68,29.0
8657537,Male,31.0,102,31.0
8226729,Female,50.0,104,50.0
11279317,Male,28.0,67,28.0
875316,Male,29.0,129,29.0
4642438,Female,40.0,115,40.0
11039763,Male,30.0,71,30.0
9850265,Male,44.0,92,44.0
12387179,Male,26.0,54,26.0
4815797,Male,41.0,115,41.0
8655986,Male,45.0,102,45.0
1099553,Male,45.0,127,45.0
8907633,Male,36.0,100,36.0
4161647,Male,42.0,117,42.0
4931549,Male,36.0,114,36.0
5091191,Female,42.0,113,42.0
10076423,Male,48.0,88,48.0
11926019,Male,30.0,59,30.0
4625355,Male,30.0,115,30.0
10769983,Male,41.0,74,41.0
10741409,Male,55.0,75,55.0
8675429,Male,31.0,102,31.0
10242701,Male,28.0,85,28.0
10264387,Male,39.0,84,39.0
457723,Male,43.0,130,43.0
9332113,Male,38.0,97,38.0
10894947,Male,29.0,72,29.0
9939447,Male,32.0,91,32.0
11704525,Male,29.0,62,29.0
12135403,Male,39.0,57,39.0
9859941,Male,30.0,92,30.0
8612275,Male,36.0,102,36.0
11098857,Female,34.0,70,34.0
4162585,Male,48.0,117,48.0
10608073,Male,28.0,77,28.0
9634163,Male,35.0,95,35.0
9666069,Male,27.0,95,27.0
8173809,Male,41.0,104,41.0
8998745,Male,35.0,99,35.0
8935241,Male,29.0,100,29.0
10449271,Male,33.0,80,33.0
10620673,Female,39.0,76,39.0
5076043,Male,31.0,113,31.0
10693137,Female,38.0,75,38.0
829936,Male,34.0,129,34.0
10618321,Male,30.0,77,30.0
9357887,Male,25.0,97,25.0
10117765,Male,69.0,88,69.0
9360505,Male,36.0,97,36.0
4820753,Male,44.0,114,44.0
10642247,Male,32.0,76,32.0
10365005,Female,38.0,82,38.0
10229499,Male,26.0,85,26.0
11750921,Male,28.0,61,28.0
9516507,Male,35.0,96,35.0
83615,Male,47.0,131,47.0
5297075,Male,35.0,113,35.0
4163971,Male,53.0,117,53.0
10902199,Female,51.0,72,51.0
10203434,Female,23.0,86,23.0
9147607,Male,38.0,98,38.0
9498727,Male,56.0,96,56.0
8220667,Male,28.0,104,28.0
866831,Male,43.0,129,43.0
9294509,Male,31.0,97,31.0
11609451,Male,37.0,63,37.0
10334639,Female,29.0,83,29.0
10276721,Male,25.0,84,25.0
4946921,Female,35.0,114,35.0
8888311,Male,44.0,100,44.0
8389815,Male,35.0,103,35.0
9191861,Male,27.0,98,27.0
4671779,Male,34.0,115,34.0
5013967,Male,43.0,114,43.0
4660243,Male,39.0,115,39.0
10869411,Male,31.0,73,31.0
11436257,Male,39.0,65,39.0
10172757,Male,35.0,86,35.0
4902149,Male,37.0,114,37.0
8782137,Male,30.0,101,30.0
4672983,Male,33.0,115,33.0
11594739,Male,29.0,63,29.0
11951527,Male,28.0,59,28.0
10438029,Male,36.0,80,36.0
9067877,Female,29.0,99,29.0
10186393,Male,27.0,86,27.0
8194963,Male,33.0,104,33.0
9515065,Male,26.0,96,26.0
11631725,Male,26.0,62,26.0
8184519,Male,40.0,104,40.0
4217507,Male,31.0,117,31.0
9759001,Male,31.0,94,31.0
812553,Male,37.0,129,37.0
12461267,Male,123.0,53,53.0
11119283,Female,123.0,70,70.0
11307429,Male,123.0,67,67.0
12436543,Female,123.0,53,53.0
12056975,Male,123.0,58,58.0
9182719,Male,123.0,98,
10700039,Male,123.0,75,75.0
8728993,Male,123.0,101,
11665101,Male,123.0,62,62.0
10609431,Male,123.0,77,77.0
11551950,Male,123.0,63,63.0
1119181,Female,123.0,127,
7878507,Male,123.0,105,
11459416,Male,35.0,64,35.0
10247083,Male,30.0,85,30.0
10295593,Male,29.0,83,29.0
12817,Male,40.0,132,40.0
10579457,Male,39.0,77,39.0
11964649,Male,32.0,59,32.0
11286667,Male,35.0,67,35.0
8255695,Male,30.0,104,30.0
11706548,Male,34.0,62,34.0
12403083,Male,30.0,54,30.0
11292309,Male,34.0,67,34.0
11503121,Male,29.0,64,29.0
5025405,Female,61.0,114,61.0
11813993,Male,39.0,60,39.0
308343,Male,35.0,130,35.0
11129195,Male,45.0,70,45.0
10219293,Male,34.0,85,34.0
12129929,Male,25.0,57,25.0
11289985,Male,31.0,67,31.0
10949715,Male,46.0,72,46.0
4656100,Female,53.0,115,53.0
10926909,Male,32.0,72,32.0
11068141,Male,34.0,70,34.0
11695229,Male,29.0,62,29.0
11475639,Male,26.0,64,26.0
11978645,Male,33.0,59,33.0
12404203,Male,22.0,54,22.0
11295207,Female,25.0,67,25.0
12287611,Female,32.0,55,32.0
413833,Male,37.0,130,37.0
5121557,Male,43.0,113,43.0
10000277,Male,42.0,89,42.0
11855557,Female,28.0,60,28.0
11587037,Male,34.0,63,34.0
10056711,Male,41.0,88,41.0
11410595,Male,30.0,65,30.0
12331739,Male,33.0,55,33.0
11724153,Male,23.0,61,23.0
1114687,Male,54.0,127,54.0
8001961,Female,30.0,105,30.0
12352095,Female,33.0,54,33.0
4334813,Female,44.0,117,44.0
12238850,Male,28.0,56,28.0
10927161,Male,30.0,72,30.0
10299079,Female,40.0,83,40.0
10120831,Male,45.0,87,45.0
10131611,Female,29.0,87,29.0
87213,Male,46.0,131,46.0
4885629,Male,37.0,114,37.0
9581495,Male,35.0,95,35.0
9883671,Female,31.0,92,31.0
11131519,Male,31.0,70,31.0
12441317,Male,30.0,53,30.0
8084265,Male,42.0,105,42.0
4830301,Male,35.0,114,35.0
12432399,Male,26.0,53,26.0
1064721,Male,40.0,127,40.0
1049447,Male,40.0,127,40.0
206437,Female,46.0,130,46.0
815423,Male,41.0,129,41.0
11187211,Female,29.0,69,29.0
11371689,Male,29.0,66,29.0
503119,Male,40.0,130,40.0
10895073,Male,23.0,72,23.0
535605,Male,44.0,130,44.0
656411,Male,34.0,130,34.0
11113137,Male,32.0,70,32.0
10743034,Male,27.0,75,27.0
11218599,Male,32.0,69,32.0
10114573,Female,31.0,88,31.0
12286155,Male,27.0,56,27.0
9474339,Male,32.0,96,32.0
9974587,Male,44.0,90,44.0
11322801,Male,33.0,67,33.0
11796155,Male,123.0,61,61.0
12215553,Male,33.0,56,33.0
9119971,Male,39.0,99,39.0
1038093,Male,43.0,127,43.0
8039437,Male,30.0,105,30.0
11363289,Male,31.0,66,31.0
11760511,Female,28.0,61,28.0
12398701,Male,31.0,54,31.0
9645181,Male,25.0,95,25.0
11411589,Male,34.0,65,34.0
10999849,Male,25.0,71,25.0
11705973,Male,31.0,62,31.0
10659481,Male,29.0,76,29.0
10887835,Male,28.0,72,28.0
12478529,Male,34.0,53,34.0
11653425,Female,29.0,62,29.0
12279365,Male,28.0,56,28.0
10901849,Male,29.0,72,29.0
12303569,Male,27.0,55,27.0
12372521,Male,29.0,54,29.0
11538667,Male,29.0,63,29.0
4276223,Male,31.0,117,31.0
11567843,Female,27.0,63,27.0
10819711,Male,26.0,73,26.0
11768967,Male,32.0,61,32.0
12111925,Male,45.0,57,45.0
11626895,Male,27.0,62,27.0
4846639,Male,36.0,114,36.0
10437791,Male,37.0,80,37.0
11766251,Female,32.0,61,32.0
10986157,Male,32.0,71,32.0
12105695,Male,26.0,57,26.0
11370807,Female,32.0,66,32.0
9894759,Male,38.0,91,38.0
11813711,Male,36.0,60,36.0
4662175,Female,31.0,115,31.0
12072263,Male,31.0,58,31.0
11490017,Male,31.0,64,31.0
4337403,Female,37.0,117,37.0
10036411,Male,46.0,89,46.0
11960473,Male,27.0,59,27.0
4691561,Female,47.0,115,47.0
10545079,Male,27.0,78,27.0
4927937,Male,39.0,114,39.0
9943185,Female,41.0,91,41.0
11312931,Female,28.0,67,28.0
9067261,Male,31.0,99,31.0
10883873,Male,35.0,73,35.0
11933747,Male,41.0,59,41.0
7946155,Male,29.0,105,29.0
9176867,Male,27.0,98,27.0
9816548,Female,25.0,93,25.0
8928843,Male,25.0,100,25.0
8843793,Male,33.0,100,33.0
9576049,Male,48.0,95,48.0
10703231,Male,33.0,75,33.0
9052211,Male,34.0,99,34.0
11863733,Male,51.0,60,51.0
8605639,Male,43.0,102,43.0
4956665,Male,29.0,114,29.0
5020455,Male,41.0,114,41.0
10267299,Male,33.0,84,33.0
10726359,Male,24.0,75,24.0
4350157,Male,42.0,117,42.0
11927853,Male,60.0,59,60.0
4793271,Male,40.0,115,40.0
10110303,Male,24.0,88,24.0
12089917,Male,33.0,58,33.0
10628009,Male,27.0,76,27.0
10313863,Male,29.0,83,29.0
7922271,Male,46.0,105,46.0
10645495,Male,34.0,76,34.0
4195499,Male,41.0,117,41.0
4754575,Male,41.0,115,41.0
9048641,Male,30.0,99,30.0
11763899,Male,30.0,61,30.0
11123702,Male,32.0,70,32.0
9804585,Male,36.0,93,36.0
8445605,Male,32.0,103,32.0
8006355,Male,34.0,105,34.0
9946601,Male,67.0,90,67.0
4746287,Male,59.0,115,59.0
9541077,Male,36.0,96,36.0
8441461,Male,49.0,103,49.0
10124625,Male,33.0,87,33.0
9330713,Male,69.0,97,69.0
4638387,Female,33.0,115,33.0
371385,Male,42.0,130,42.0
12316423,Male,27.0,55,27.0
8986313,Male,29.0,99,29.0
9058007,Male,47.0,99,47.0
9052407,Male,33.0,99,33.0
4198313,Male,31.0,117,31.0
10476599,Male,32.0,80,32.0
8832369,Male,45.0,100,45.0
8164471,Male,59.0,104,59.0
10255525,Male,38.0,85,38.0
8334809,Male,27.0,103,27.0
12312279,Male,42.0,55,42.0
8649529,Male,46.0,102,46.0
8089109,Male,33.0,105,33.0
4311293,Male,38.0,117,38.0
8812391,Male,32.0,101,32.0
10243317,Female,38.0,85,38.0
9870553,Female,39.0,92,39.0
8826727,Female,33.0,100,33.0
9047185,Male,34.0,99,34.0
9123177,Male,34.0,99,34.0
10118829,Male,35.0,87,35.0
9170496,Female,43.0,98,43.0
4921847,Male,29.0,114,29.0
744079,Male,51.0,129,51.0
9915185,Male,33.0,91,33.0
4366733,Male,30.0,117,30.0
9769557,Male,36.0,94,36.0
557739,Male,33.0,130,33.0
12236707,Male,28.0,56,28.0
10822175,Male,36.0,73,36.0
630609,Male,39.0,130,39.0
8908501,Male,49.0,100,49.0
1107113,Male,34.0,127,34.0
11444377,Male,32.0,65,32.0
5090379,Male,28.0,113,28.0
8296029,Male,42.0,104,42.0
8932343,Female,41.0,100,41.0
9279487,Male,31.0,98,31.0
10211901,Male,33.0,86,33.0
11291987,Male,52.0,67,52.0
11414557,Male,43.0,65,43.0
11208953,Male,39.0,69,39.0
10114951,Male,49.0,88,49.0
4846975,Male,40.0,114,40.0
10219265,Female,35.0,85,35.0
4683777,Male,41.0,115,41.0
12502567,Male,33.0,53,33.0
11782687,Male,27.0,61,27.0
9272599,Female,30.0,98,30.0
10581123,Male,33.0,77,33.0
8811299,Female,41.0,101,41.0
10426325,Male,29.0,81,29.0
9789445,Female,36.0,93,36.0
12305027,Male,23.0,55,23.0
4693815,Male,28.0,115,28.0
9776459,Male,31.0,94,31.0
8138627,Male,33.0,104,33.0
4860485,Female,36.0,114,36.0
12454617,Male,123.0,53,53.0
10911047,Male,123.0,72,72.0
11698295,Female,123.0,62,62.0
11295655,Male,123.0,67,67.0
12370911,Male,123.0,54,54.0
12283509,Male,123.0,56,56.0
12446567,Male,123.0,53,53.0
8438003,Male,123.0,103,
10830029,Male,123.0,73,73.0
12013897,Male,123.0,58,58.0
10489829,Female,123.0,79,79.0
10450377,Male,123.0,80,80.0
11347917,Male,123.0,66,66.0
10687649,Male,123.0,75,75.0
11585357,Male,123.0,63,63.0
10672389,Female,123.0,76,76.0
10442187,Male,123.0,80,80.0
12098583,Female,123.0,58,58.0
10802659,Male,123.0,74,74.0
10915219,Male,123.0,72,72.0
11423251,Female,123.0,65,65.0
11017643,Male,123.0,71,71.0
10132017,Male,123.0,87,
1068963,Male,123.0,127,
9785867,Male,123.0,93,
12078829,Male,123.0,58,58.0
878115,Male,123.0,129,
12301541,Male,123.0,55,55.0
12477969,Male,123.0,53,53.0
11126759,Male,123.0,70,70.0
11563251,Female,123.0,63,63.0
11578763,Male,34.0,63,34.0
11429146,Male,31.0,65,31.0
8454663,Male,29.0,103,29.0
12288143,Male,38.0,55,38.0
11981123,Male,32.0,59,32.0
9113755,Male,46.0,99,46.0
10335451,Female,28.0,83,28.0
10420865,Male,46.0,81,46.0
47831,Male,44.0,131,44.0
10725743,Male,31.0,75,31.0
814429,Male,35.0,129,35.0
10939271,Female,49.0,72,49.0
9508919,Female,47.0,96,47.0
11911781,Male,27.0,59,27.0
9634541,Female,33.0,95,33.0
5040511,Male,39.0,114,39.0
4882409,Male,29.0,114,29.0
11390603,Female,45.0,65,45.0
11048891,Male,28.0,70,28.0
12046531,Male,36.0,58,36.0
10090311,Male,42.0,88,42.0
11155683,Male,59.0,69,59.0
8110589,Male,29.0,105,29.0
185003,Male,36.0,130,36.0
11969433,Male,26.0,59,26.0
9874683,Male,29.0,92,29.0
11869445,Male,38.0,60,38.0
11016215,Male,27.0,71,27.0
8958649,Female,42.0,100,42.0
11667579,Male,27.0,62,27.0
141533,Male,44.0,130,44.0
10553655,Male,38.0,78,38.0
11337025,Male,31.0,66,31.0
10262315,Male,30.0,84,30.0
816655,Male,34.0,129,34.0
10873261,Male,28.0,73,28.0
12308163,Male,28.0,55,28.0
12407003,Male,30.0,54,30.0
10142125,Female,30.0,87,30.0
10450125,Male,42.0,80,42.0
11391177,Male,26.0,65,26.0
8441041,Male,32.0,103,32.0
4974081,Female,54.0,114,54.0
10669785,Male,37.0,76,37.0
8954281,Male,40.0,100,40.0
4695243,Male,35.0,115,35.0
8226477,Male,51.0,104,51.0
11134627,Male,5.0,70,70.0
4631501,Female,12.0,115,
11646901,Female,48.0,62,48.0
11594821,Male,32.0,63,32.0
4759195,Female,39.0,115,39.0
10278275,Female,37.0,84,37.0
8960735,Male,33.0,99,33.0
817299,Male,48.0,129,48.0
838817,Male,32.0,129,32.0
1031331,Female,49.0,127,49.0
10351800,Female,36.0,82,36.0
10696581,Male,30.0,75,30.0
11551239,Male,25.0,63,25.0
4878855,Male,43.0,114,43.0
8323707,Male,56.0,104,56.0
9137695,Male,46.0,98,46.0
8518321,Male,28.0,102,28.0
10167465,Male,28.0,86,28.0
11271799,Male,123.0,68,68.0
8986705,Male,27.0,99,27.0
8111327,Male,32.0,105,32.0
10739799,Male,36.0,75,36.0
11624571,Male,28.0,63,28.0
11872747,Male,38.0,60,38.0
12429283,Male,28.0,54,28.0
11912623,Male,25.0,59,25.0
10493049,Male,28.0,79,28.0
12242111,Male,31.0,56,31.0
4749045,Male,53.0,115,53.0
11779411,Male,34.0,61,34.0
10975097,Male,37.0,71,37.0
12118477,Male,33.0,57,33.0
12158769,Male,34.0,57,34.0
10101343,Female,30.0,88,30.0
7889973,Male,48.0,105,48.0
9060345,Male,29.0,99,29.0
1083173,Male,40.0,127,40.0
12099913,Male,42.0,58,42.0
11346853,Male,34.0,66,34.0
11718245,Male,31.0,62,31.0
7966357,Male,27.0,105,27.0
8983849,Male,31.0,99,31.0
11717699,Male,30.0,62,30.0
10877083,Female,30.0,73,30.0
8915417,Male,34.0,100,34.0
8708231,Male,43.0,101,43.0
5031943,Male,43.0,114,43.0
10527492,Male,42.0,78,42.0
4238087,Female,43.0,117,43.0
11593045,Male,50.0,63,50.0
11751537,Female,54.0,61,54.0
12203723,Female,30.0,56,30.0
11950449,Female,35.0,59,35.0
11786873,Male,28.0,61,28.0
12466601,Female,40.0,53,40.0
11151049,Male,33.0,69,33.0
8941275,Female,31.0,100,31.0
4289359,Male,38.0,117,38.0
11237824,Female,38.0,68,38.0
12469009,Male,32.0,53,32.0
11564889,Male,37.0,63,37.0
9986865,Female,30.0,90,30.0
12406673,Male,26.0,54,26.0
11402089,Male,33.0,65,33.0
9474717,Male,30.0,96,30.0
11727359,Male,31.0,61,31.0
10000459,Female,30.0,89,30.0
11021717,Male,31.0,71,31.0
10810051,Male,34.0,74,34.0
10497781,Female,48.0,79,48.0
10294403,Female,30.0,83,30.0
10696595,Male,26.0,75,26.0
11002509,Male,31.0,71,31.0
9245831,Male,29.0,98,29.0
10230125,Male,33.0,85,33.0
4862095,Male,32.0,114,32.0
833105,Male,37.0,129,37.0
10939341,Female,37.0,72,37.0
5288353,Male,34.0,113,34.0
5155199,Male,36.0,113,36.0
10951563,Male,39.0,72,39.0
86023,Male,36.0,131,36.0
11646341,Male,45.0,62,45.0
1119755,Male,33.0,127,33.0
12339649,Male,27.0,55,27.0
11795581,Female,37.0,61,37.0
8836807,Male,29.0,100,29.0
9846879,Male,41.0,92,41.0
11209193,Male,29.0,69,29.0
10996209,Male,39.0,71,39.0
1049489,Male,50.0,127,50.0
815353,Male,34.0,129,34.0
11996733,Male,32.0,59,32.0
10483221,Female,44.0,79,44.0
4700273,Male,39.0,115,39.0
8371741,Male,28.0,103,28.0
11206209,Female,45.0,69,45.0
9614871,Male,29.0,95,29.0
11110295,Male,32.0,70,32.0
11742340,Male,34.0,61,34.0
10645831,Male,46.0,76,46.0
4752307,Female,27.0,115,27.0
11886539,Male,28.0,60,28.0
757701,Male,35.0,129,35.0
4700409,Male,33.0,115,33.0
1114981,Male,37.0,127,37.0
8533805,Female,28.0,102,28.0
10778047,Male,31.0,74,31.0
8790103,Male,31.0,101,31.0
8534981,Female,33.0,102,33.0
10275419,Male,30.0,84,30.0
10259179,Male,28.0,84,28.0
9044581,Male,32.0,99,32.0
10294277,Male,37.0,84,37.0
8221661,Male,39.0,104,39.0
9578933,Male,23.0,95,23.0
545755,Male,39.0,130,39.0
8174957,Male,36.0,104,36.0
373289,Male,36.0,130,36.0
381017,Male,42.0,130,42.0
10285611,Male,27.0,84,27.0
581161,Male,47.0,130,47.0
854091,Male,45.0,129,45.0
8809017,Female,30.0,101,30.0
12315191,Male,34.0,55,34.0
11565379,Male,36.0,63,36.0
4782855,Male,29.0,115,29.0
4329269,Male,32.0,117,32.0
4265429,Male,33.0,117,33.0
1115821,Male,37.0,127,37.0
4269587,Male,31.0,117,31.0
8518419,Male,28.0,102,28.0
1111299,Male,38.0,127,38.0
9226903,Male,40.0,98,40.0
12046307,Male,29.0,58,29.0
1055649,Male,30.0,127,30.0
4224787,Male,51.0,117,51.0
10257625,Male,39.0,84,39.0
7908229,Male,48.0,105,48.0
11542111,Male,30.0,63,30.0
11483171,Male,33.0,64,33.0
4775533,Female,41.0,115,41.0
4711693,Male,48.0,115,48.0
4698967,Male,41.0,115,41.0
8308783,Male,42.0,104,42.0
4665493,Male,50.0,115,50.0
10025827,Male,25.0,89,25.0
9739163,Male,29.0,94,29.0
5012063,Male,35.0,114,35.0
4256723,Male,32.0,117,32.0
10766035,Male,27.0,74,27.0
8213303,Male,27.0,104,27.0
4880421,Male,55.0,114,55.0
4769947,Female,33.0,115,33.0
4346517,Male,31.0,117,31.0
11016523,Male,29.0,71,29.0
11205789,Female,37.0,69,37.0
8024807,Male,36.0,105,36.0
10363241,Female,39.0,82,39.0
10042557,Male,33.0,89,33.0
4282747,Male,33.0,117,33.0
11516057,Female,43.0,64,43.0
5304439,Male,30.0,113,30.0
10038259,Female,30.0,89,30.0
4701753,Male,34.0,115,34.0
8660253,Male,43.0,102,43.0
8526483,Male,27.0,102,27.0
4782673,Male,32.0,115,32.0
5301569,Male,57.0,113,57.0
10948343,Female,39.0,72,39.0
9988041,Female,123.0,90,
11995977,Male,123.0,59,59.0
12275599,Male,123.0,56,56.0
12223043,Male,123.0,56,56.0
12406177,Male,123.0,54,54.0
8460403,Female,123.0,103,
12187329,Male,123.0,57,57.0
10373293,Male,123.0,82,
9694531,Male,123.0,94,
12045691,Female,123.0,58,58.0
856093,Male,123.0,129,
10369471,Male,123.0,82,
1133111,Male,123.0,127,
12428990,Male,123.0,54,54.0
7897785,Male,123.0,105,
10864427,Male,123.0,73,73.0
854385,Male,123.0,129,
8643159,Male,123.0,102,
1080238,Male,123.0,127,
12499697,Male,30.0,53,30.0
679553,Male,35.0,130,35.0
10707221,Male,31.0,75,31.0
12003159,Female,46.0,59,46.0
8480591,Female,35.0,103,35.0
12294989,Male,26.0,55,26.0
7895479,Male,36.0,105,36.0
11810743,Female,48.0,60,48.0
5305867,Male,44.0,113,44.0
11390099,Male,27.0,65,27.0
712397,Male,36.0,130,36.0
8936641,Male,41.0,100,41.0
10911565,Male,36.0,72,36.0
9506343,Male,35.0,96,35.0
8357503,Male,27.0,103,27.0
10564533,Female,33.0,78,33.0
8887123,Male,31.0,100,31.0
12232913,Male,30.0,56,30.0
10527433,Female,29.0,78,29.0
11821943,Female,26.0,60,26.0
10739813,Male,35.0,75,35.0
11490745,Male,35.0,64,35.0
8257333,Male,32.0,104,32.0
11197361,Male,36.0,69,36.0
12364259,Male,34.0,54,34.0
11727177,Female,31.0,61,31.0
11656799,Male,34.0,62,34.0
4824295,Male,33.0,114,33.0
9573879,Male,39.0,95,39.0
11796211,Male,33.0,61,33.0
10679151,Male,30.0,75,30.0
9227841,Male,31.0,98,31.0
11772117,Male,28.0,61,28.0
11592847,Male,29.0,63,29.0
12046153,Male,25.0,58,25.0
10567809,Male,35.0,78,35.0
12293631,Female,31.0,55,31.0
10301137,Male,32.0,83,32.0
103383,Male,46.0,130,46.0
10468857,Male,35.0,80,35.0
9565815,Male,28.0,95,28.0
11132919,Female,49.0,70,49.0
9817003,Male,26.0,93,26.0
12373025,Male,50.0,54,50.0
12223421,Male,28.0,56,28.0
10891419,Female,29.0,72,29.0
12315401,Male,32.0,55,32.0
11932165,Male,29.0,59,29.0
12138875,Female,30.0,57,30.0
11588493,Male,43.0,63,43.0
10436951,Male,33.0,80,33.0
9425927,Male,33.0,96,33.0
12239423,Male,44.0,56,44.0
9967853,Male,28.0,90,28.0
1060213,Male,48.0,127,48.0
12487783,Male,30.0,53,30.0
10982363,Male,35.0,71,35.0
8519805,Male,37.0,102,37.0
10938417,Male,36.0,72,36.0
10235575,Female,52.0,85,52.0
12268977,Male,28.0,56,28.0
11019925,Female,29.0,71,29.0
10276035,Female,37.0,84,37.0
12226543,Female,52.0,56,52.0
8376906,Female,34.0,103,34.0
12407829,Female,36.0,54,36.0
151935,Male,38.0,130,38.0
329021,Male,52.0,130,52.0
10953565,Male,36.0,72,36.0
817025,Male,46.0,129,46.0
4341841,Male,39.0,117,39.0
11343577,Male,30.0,66,30.0
4223555,Male,42.0,117,42.0
11347021,Male,25.0,66,25.0
10156307,Male,29.0,87,29.0
11913111,Male,26.0,59,26.0
12068637,Male,38.0,58,38.0
190435,Male,39.0,130,39.0
10582204,Male,31.0,77,31.0
8564213,Male,31.0,102,31.0
12178243,Male,34.0,57,34.0
10771173,Male,33.0,74,33.0
10815609,Male,45.0,74,45.0
10822735,Male,31.0,73,31.0
9244039,Male,40.0,98,40.0
11039203,Female,46.0,71,46.0
10701173,Male,31.0,75,31.0
10912685,Male,29.0,72,29.0
10728697,Male,38.0,75,38.0
10146381,Male,28.0,87,28.0
8445507,Male,35.0,103,35.0
11640069,Male,27.0,62,27.0
8876161,Female,46.0,100,46.0
12453763,Male,25.0,53,25.0
12422431,Male,32.0,54,32.0
12448835,Male,30.0,53,30.0
10556413,Male,43.0,78,43.0
11665521,Female,51.0,62,51.0
4364251,Male,44.0,117,44.0
10937423,Male,43.0,72,43.0
10596201,Male,33.0,77,33.0
12161387,Female,22.0,57,22.0
11761197,Male,23.0,61,23.0
11811737,Male,36.0,60,36.0
12493173,Male,27.0,53,27.0
12182765,Female,49.0,57,49.0
11510555,Female,35.0,64,35.0
10245837,Male,29.0,85,29.0
8210377,Male,42.0,104,42.0
4619265,Female,32.0,115,32.0
12420625,Male,25.0,54,25.0
10602151,Male,48.0,77,48.0
11338803,Male,34.0,66,34.0
12228797,Male,29.0,56,29.0
11669637,Male,32.0,62,32.0
5242027,Male,41.0,113,41.0
8133573,Female,33.0,104,33.0
11269139,Female,37.0,68,37.0
12064801,Male,25.0,58,25.0
8555939,Male,33.0,102,33.0
450849,Female,41.0,130,41.0
11864097,Male,26.0,60,26.0
10897607,Male,26.0,72,26.0
9163077,Female,30.0,98,30.0
10249673,Male,28.0,85,28.0
11572225,Male,50.0,63,50.0
8835827,Male,49.0,100,49.0
4164965,Male,37.0,117,37.0
10572583,Male,27.0,77,27.0
148505,Male,44.0,130,44.0
8640373,Male,31.0,102,31.0
9268469,Male,33.0,98,33.0
10718295,Male,41.0,75,41.0
868007,Male,33.0,129,33.0
10579625,Male,26.0,77,26.0
4667131,Female,33.0,115,33.0
11692821,Male,23.0,62,23.0
10806467,Male,32.0,74,32.0
11983601,Male,39.0,59,39.0
4874429,Male,37.0,114,37.0
5031257,Male,44.0,114,44.0
10619651,Male,31.0,77,31.0
9469621,Male,44.0,96,44.0
8146579,Male,35.0,104,35.0
9889733,Male,36.0,91,36.0
4303719,Female,58.0,117,58.0
4886217,Female,38.0,114,38.0
5120491,Male,30.0,113,30.0
10998463,Male,28.0,71,28.0
10153983,Female,28.0,87,28.0
4763725,Male,39.0,115,39.0
9513203,Male,30.0,96,30.0
4999673,Female,35.0,114,35.0
9762151,Female,39.0,94,39.0
5141157,Female,36.0,113,36.0
4843125,Male,33.0,114,33.0
4627749,Male,36.0,115,36.0
8443561,Male,31.0,103,31.0
9021677,Male,32.0,99,32.0
10709464,Male,30.0,75,30.0
7987035,Male,31.0,105,31.0
4884775,Female,31.0,114,31.0
11068603,Male,34.0,70,34.0
9354457,Male,29.0,97,29.0
8701679,Male,35.0,101,35.0
8245937,Female,30.0,104,30.0
11458013,Male,46.0,64,46.0
9565227,Female,32.0,95,32.0
1079617,Male,42.0,127,42.0
10173121,Female,42.0,86,42.0
8908431,Female,32.0,100,32.0
9576693,Male,35.0,95,35.0
9253615,Male,28.0,98,28.0
1059821,Male,36.0,127,36.0
817915,Male,59.0,129,59.0
5316003,Male,53.0,113,53.0
4662231,Male,30.0,115,30.0
55559,Male,54.0,131,54.0
11594723,Male,38.0,63,38.0
11502729,Male,31.0,64,31.0
237545,Male,45.0,130,45.0
4325279,Female,53.0,117,53.0
9491979,Male,32.0,96,32.0
9105383,Male,48.0,99,48.0
5113108,Female,44.0,113,44.0
9424079,Male,32.0,96,32.0
10337621,Male,34.0,83,34.0
9853697,Male,35.0,92,35.0
10039029,Male,30.0,89,30.0
10118887,Male,32.0,87,32.0
9820223,Female,36.0,93,36.0
4164167,Male,39.0,117,39.0
8495361,Male,33.0,102,33.0
4650555,Male,34.0,115,34.0
8709057,Male,29.0,101,29.0
10714893,Male,30.0,75,30.0
9343509,Male,46.0,97,46.0
4722655,Male,36.0,115,36.0
8463665,Female,30.0,103,30.0
9788051,Male,29.0,93,29.0
8949519,Female,30.0,100,30.0
5108957,Male,31.0,113,31.0
10961839,Female,30.0,72,30.0
10976707,Male,34.0,71,34.0
9062053,Male,56.0,99,56.0
1092146,Male,47.0,127,47.0
11060567,Female,27.0,70,27.0
9706613,Male,36.0,94,36.0
9637061,Male,34.0,95,34.0
4989747,Male,28.0,114,28.0
5313665,Male,35.0,113,35.0
4627483,Male,29.0,115,29.0
11995084,Male,39.0,59,39.0
9316349,Male,46.0,97,46.0
11613035,Male,29.0,63,29.0
10888549,Male,25.0,72,25.0
9726638,Male,37.0,94,37.0
10680173,Female,42.0,75,42.0
9302909,Female,32.0,97,32.0
8896475,Male,37.0,100,37.0
8753787,Male,32.0,101,32.0
11345467,Male,123.0,66,66.0
11730369,Male,123.0,61,61.0
10536841,Female,123.0,78,78.0
12016277,Male,123.0,58,58.0
12029689,Male,123.0,58,58.0
10678969,Male,123.0,75,75.0
12465047,Male,123.0,53,53.0
10663037,Male,123.0,76,76.0
9016259,Male,123.0,99,
8992599,Male,123.0,99,
12450389,Male,33.0,53,33.0
11309151,Female,32.0,67,32.0
11583159,Male,30.0,63,30.0
11691631,Male,30.0,62,30.0
12141395,Male,27.0,57,27.0
9561727,Male,31.0,95,31.0
9729391,Female,42.0,94,42.0
11111275,Male,27.0,70,27.0
11459455,Female,38.0,64,38.0
4261215,Male,35.0,117,35.0
5289711,Female,51.0,113,51.0
10349003,Male,33.0,82,33.0
10520055,Male,29.0,79,29.0
10476431,Male,31.0,80,31.0
11820669,Male,42.0,60,42.0
11450439,Female,29.0,64,29.0
8005515,Male,42.0,105,42.0
10777711,Male,31.0,74,31.0
9748795,Male,28.0,94,28.0
11415285,Male,32.0,65,32.0
12481427,Male,24.0,53,24.0
10319519,Male,30.0,83,30.0
184499,Male,49.0,130,49.0
10066617,Female,43.0,88,43.0
11534397,Male,32.0,64,32.0
10335563,Male,41.0,83,41.0
12475687,Male,21.0,53,21.0
11349051,Male,34.0,66,34.0
4645557,Female,43.0,115,43.0
4770157,Male,48.0,115,48.0
12420933,Male,26.0,54,26.0
12209309,Female,32.0,56,32.0
1030589,Male,45.0,127,45.0
12304341,Male,29.0,55,29.0
11454345,Male,32.0,64,32.0
12002799,Male,28.0,59,28.0
9428279,Female,29.0,96,29.0
12117483,Male,32.0,57,32.0
9598505,Male,31.0,95,31.0
9149329,Male,35.0,98,35.0
11899937,Male,34.0,60,34.0
1131221,Male,34.0,127,34.0
11287969,Male,34.0,67,34.0
4633139,Male,12.0,115,
11368749,Male,32.0,66,32.0
11000507,Male,34.0,71,34.0
12275613,Female,123.0,56,56.0
9620723,Female,30.0,95,30.0
11368007,Female,32.0,66,32.0
10987025,Male,29.0,71,29.0
10520265,Male,33.0,79,33.0
10298183,Male,53.0,83,53.0
10922009,Male,30.0,72,30.0
9644803,Male,60.0,95,60.0
9273439,Male,27.0,98,27.0
8806427,Male,35.0,101,35.0
11481813,Female,36.0,64,36.0
11709971,Male,30.0,62,30.0
10861725,Male,59.0,73,59.0
12055169,Male,29.0,58,29.0
12038607,Male,26.0,58,26.0
597695,Male,40.0,130,40.0
9575274,Male,33.0,95,33.0
11159337,Female,39.0,69,39.0
9939951,Male,36.0,91,36.0
11255741,Male,37.0,68,37.0
11852813,Male,26.0,60,26.0
5063499,Female,37.0,114,37.0
9775087,Male,30.0,94,30.0
1044211,Male,41.0,127,41.0
10452799,Male,91.0,80,80.0
12365171,Male,41.0,54,41.0
11604341,Male,31.0,63,31.0
12121193,Male,31.0,57,31.0
10376541,Male,30.0,82,30.0
11215883,Male,38.0,69,38.0
10356759,Male,32.0,82,32.0
11817232,Female,28.0,60,28.0
10847277,Male,35.0,73,35.0
9881963,Female,39.0,92,39.0
1071091,Male,44.0,127,44.0
11374489,Male,40.0,66,40.0
11258443,Male,35.0,68,35.0
10709797,Male,34.0,75,34.0
11131211,Male,27.0,70,27.0
12341497,Male,25.0,55,25.0
10103863,Male,27.0,88,27.0
10764943,Male,24.0,74,24.0
104251,Female,40.0,130,40.0
10878063,Male,37.0,73,37.0
12220161,Male,32.0,56,32.0
8776929,Female,36.0,101,36.0
8580551,Male,68.0,102,68.0
11351669,Male,50.0,66,50.0
11230163,Male,28.0,68,28.0
11072047,Male,40.0,70,40.0
11126437,Male,44.0,70,44.0
12005973,Male,26.0,59,26.0
10417505,Male,37.0,81,37.0
8526987,Male,37.0,102,37.0
12292945,Male,32.0,55,32.0
11561403,Male,33.0,63,33.0
12192705,Male,29.0,57,29.0
8470637,Male,31.0,103,31.0
11753049,Female,30.0,61,30.0
11626307,Male,32.0,62,32.0
8658307,Male,25.0,102,25.0
9994747,Female,23.0,89,23.0
4254677,Female,35.0,117,35.0
4980759,Male,52.0,114,52.0
9877819,Male,31.0,92,31.0
5246045,Male,44.0,113,44.0
10924487,Male,30.0,72,30.0
12472943,Male,30.0,53,30.0
4835357,Male,44.0,114,44.0
8979691,Male,34.0,99,34.0
10575719,Male,27.0,77,27.0
10927413,Male,28.0,72,28.0
5200545,Male,43.0,113,43.0
11289901,Male,33.0,67,33.0
12417923,Male,55.0,54,55.0
8851073,Male,30.0,100,30.0
9691227,Female,40.0,94,40.0
1115191,Male,53.0,127,53.0
10287971,Male,30.0,84,30.0
10624705,Male,54.0,76,54.0
857017,Male,41.0,129,41.0
10030489,Female,30.0,89,30.0
4941643,Male,40.0,114,40.0
8467403,Male,29.0,103,29.0
10474471,Male,36.0,80,36.0
8414035,Male,38.0,103,38.0
8054207,Male,25.0,105,25.0
271159,Male,49.0,130,49.0
9161229,Male,30.0,98,30.0
1089487,Male,37.0,127,37.0
11507195,Male,55.0,64,55.0
9222143,Male,34.0,98,34.0
10265143,Male,37.0,84,37.0
8817165,Male,49.0,101,49.0
5273849,Male,33.0,113,33.0
12153939,Male,26.0,57,26.0
8154909,Male,48.0,104,48.0
1065995,Male,54.0,127,54.0
8742251,Female,41.0,101,41.0
4915407,Male,40.0,114,40.0
338023,Male,43.0,130,43.0
8794415,Female,31.0,101,31.0
10282125,Male,29.0,84,29.0
789803,Female,40.0,129,40.0
10884895,Male,29.0,73,29.0
567665,Male,13.0,130,
10681125,Female,46.0,75,46.0
10365425,Male,39.0,82,39.0
7872151,Male,29.0,105,29.0
8441727,Male,39.0,103,39.0
1132159,Male,35.0,127,35.0
9712129,Male,34.0,94,34.0
4642211,Male,29.0,115,29.0
10591889,Male,45.0,77,45.0
1064007,Male,38.0,127,38.0
448539,Male,38.0,130,38.0
8941331,Female,38.0,100,38.0
8054095,Female,30.0,105,30.0
9040941,Male,35.0,99,35.0
4309697,Male,123.0,117,
10252613,Male,39.0,85,39.0
8965565,Female,69.0,99,69.0
9756803,Female,33.0,94,33.0
10640133,Male,33.0,76,33.0
4164587,Male,12.0,117,
8582567,Male,33.0,102,33.0
11236435,Male,38.0,68,38.0
9386391,Male,28.0,97,28.0
10331741,Male,43.0,83,43.0
4936603,Male,32.0,114,32.0
11079999,Male,30.0,70,30.0
11510359,Male,27.0,64,27.0
4976503,Male,36.0,114,36.0
9201269,Male,35.0,98,35.0
5278852,Male,44.0,113,44.0
10664549,Male,37.0,76,37.0
9794925,Male,27.0,93,27.0
10310363,Male,35.0,83,35.0
10998813,Male,35.0,71,35.0
275121,Male,37.0,130,37.0
9588397,Female,37.0,95,37.0
9441859,Female,39.0,96,39.0
346703,Male,46.0,130,46.0
51163,Male,46.0,131,46.0
4159057,Male,47.0,117,47.0
11288893,Male,35.0,67,35.0
11416559,Male,36.0,65,36.0
9156343,Female,30.0,98,30.0
10218845,Male,34.0,85,34.0
10527267,Male,30.0,78,30.0
9400083,Female,31.0,97,31.0
5120031,Male,34.0,113,34.0
5085955,Male,33.0,113,33.0
9906841,Male,31.0,91,31.0
11891047,Male,33.0,60,33.0
9683051,Male,31.0,94,31.0
12395117,Male,26.0,54,26.0
8614683,Female,56.0,102,56.0
8430457,Male,34.0,103,34.0
11253039,Male,33.0,68,33.0
10659523,Male,34.0,76,34.0
8199118,Male,30.0,104,30.0
9701321,Male,34.0,94,34.0
4943253,Male,53.0,114,53.0
9433445,Male,50.0,96,50.0
9415749,Male,35.0,97,35.0
4340217,Male,49.0,117,49.0
9212497,Male,34.0,98,34.0
10068583,Male,28.0,88,28.0
9263485,Male,33.0,98,33.0
4302263,Male,44.0,117,44.0
10051349,Male,29.0,88,29.0
9360099,Female,41.0,97,41.0
10517031,Male,34.0,79,34.0
9358195,Male,28.0,97,28.0
8321705,Female,39.0,104,39.0
11496597,Male,31.0,64,31.0
8697703,Female,36.0,101,36.0
4836615,Male,48.0,114,48.0
9027109,Male,33.0,99,33.0
5314309,Male,38.0,113,38.0
4344585,Male,46.0,117,46.0
10237577,Male,31.0,85,31.0
10009769,Female,53.0,89,53.0
11479951,Male,123.0,64,64.0
11007731,Male,123.0,71,71.0
10885343,Male,123.0,73,73.0
12249951,Male,123.0,56,56.0
11455703,Male,123.0,64,64.0
11395741,Male,123.0,65,65.0
12148073,Male,123.0,57,57.0
10595543,Female,123.0,77,77.0
12066817,Male,123.0,58,58.0
10795379,Female,123.0,74,74.0
11248797,Male,123.0,68,68.0
11623353,Male,123.0,63,63.0
12153799,Male,123.0,57,57.0
9493785,Male,123.0,96,
4265261,Male,123.0,117,
10044209,Male,123.0,89,
9070341,Female,123.0,99,
10082653,Female,123.0,88,
11563839,Male,123.0,63,63.0
42907343,Female,24.0,4,24.0
42029855,Male,30.0,4,30.0
42349335,Female,26.0,4,26.0
44106741,Male,41.0,4,41.0
43637573,Male,123.0,4,
44401175,Female,32.0,4,32.0
42609231,Female,123.0,4,
43477147,Male,123.0,4,
44134724,Male,123.0,4,
44392831,Male,123.0,4,
43016659,Male,123.0,4,
41859783,Male,42.0,4,42.0
43653994,Male,27.0,4,27.0
43443631,Male,123.0,4,
41884703,Female,35.0,4,35.0
43799824,Female,18.0,4,18.0
43812033,Male,69.0,4,69.0
42921641,Female,123.0,4,
43925567,Male,123.0,4,
43067255,Female,17.0,4,17.0
43161531,Female,123.0,4,
43570832,Female,24.0,4,24.0
42374675,Male,25.0,4,25.0
43280797,Female,24.0,4,24.0
42596855,Male,33.0,4,33.0
43889503,Female,31.0,4,31.0
42576090,Female,21.0,4,21.0
42400155,Male,31.0,4,31.0
43152949,Female,28.0,4,28.0
41947507,Male,24.0,4,24.0
44180670,Male,67.0,4,67.0
42657629,Male,123.0,4,
43026921,Male,123.0,4,
41968969,Male,123.0,4,
43308251,Male,123.0,4,
42047019,Male,123.0,4,
42470924,Female,123.0,4,
41952575,Male,123.0,4,
42391713,Male,123.0,4,
42399259,Male,123.0,4,
43148791,Male,123.0,4,
44358265,Male,123.0,4,
43634843,Male,45.0,4,45.0
42119231,Male,23.0,4,23.0
41842171,Male,28.0,4,28.0
42755615,Male,23.0,4,23.0
41830103,Male,37.0,4,37.0
43485729,Female,31.0,4,31.0
42537145,Male,123.0,4,
42209047,Male,123.0,4,
42085239,Male,123.0,4,
42931511,Female,123.0,4,
43051295,Male,123.0,4,
42343951,Female,123.0,4,
42940807,Male,123.0,4,
43949801,Male,123.0,4,
42001925,Male,123.0,4,
41984537,Male,123.0,4,
42445991,Male,31.0,4,31.0
43183525,Male,123.0,4,
44213673,Female,23.0,4,23.0
43282463,Male,26.0,4,26.0
44196223,Male,25.0,4,25.0
43138571,Female,123.0,4,
42283003,Male,123.0,4,
41940759,Male,123.0,4,
43125775,Male,123.0,4,
43116703,Male,123.0,4,
42922677,Female,24.0,4,24.0
43796039,Male,52.0,4,52.0
42560164,Male,22.0,4,22.0
41962851,Female,123.0,4,
42581245,Male,123.0,4,
42204680,Male,123.0,4,
43109479,Male,123.0,4,
41898941,Female,123.0,4,
42825377,Female,123.0,4,
42619773,Male,123.0,4,
43462601,Female,23.0,4,23.0
43594957,Male,38.0,4,38.0
42527163,Male,33.0,4,33.0
42981351,Male,29.0,4,29.0
44240079,Male,30.0,4,30.0
44031701,Male,123.0,4,
42376481,Male,123.0,4,
41812605,Male,123.0,4,
42913087,Female,22.0,4,22.0
44145885,Female,35.0,4,35.0
42751876,Male,33.0,4,33.0
42177434,Female,123.0,4,
41810139,Male,123.0,4,
42573013,Male,123.0,4,
44165667,Male,123.0,4,
43586025,Male,123.0,4,
41848261,Male,25.0,4,25.0
42857815,Female,36.0,4,36.0
41755665,Male,31.0,4,31.0
42998921,Male,123.0,4,
42628775,Male,123.0,4,
43240771,Male,123.0,4,
43125579,Female,123.0,4,
41910561,Male,123.0,4,
44017995,Female,123.0,4,
44126173,Male,123.0,4,
41975591,Male,21.0,4,21.0
42314517,Female,42.0,4,42.0
42765892,Male,46.0,4,46.0
42361563,Male,123.0,4,
43785357,Female,34.0,4,34.0
43014237,Male,48.0,4,48.0
43346177,Male,21.0,4,21.0
44031631,Male,51.0,4,51.0
43422099,Male,123.0,4,
44625658,Female,123.0,4,
42100583,Male,31.0,4,31.0
42951615,Female,26.0,4,26.0
41904751,Female,123.0,4,
43754711,Male,123.0,4,
42845719,Male,123.0,4,
43180445,Male,123.0,4,
42519323,Male,123.0,4,
42289135,Female,123.0,4,
42492975,Female,123.0,4,
42205583,Female,20.0,4,20.0
43084951,Male,45.0,4,45.0
42448035,Male,45.0,4,45.0
43879535,Male,47.0,4,47.0
44156474,Male,123.0,4,
41778863,Male,123.0,4,
42445026,Female,123.0,4,
41912003,Male,123.0,4,
42683053,Female,123.0,4,
41806233,Male,123.0,4,
43066597,Male,123.0,4,
41782115,Male,123.0,4,
44023904,Female,22.0,4,22.0
42628887,Male,29.0,4,29.0
44043839,Male,26.0,4,26.0
43874061,Male,32.0,4,32.0
43455251,Male,38.0,4,38.0
44621778,Male,41.0,4,41.0
43147783,Female,44.0,4,44.0
43012021,Female,123.0,4,
44250129,Male,123.0,4,
44029349,Male,123.0,4,
43628767,Male,123.0,4,
43440915,Female,123.0,4,
43382857,Male,44.0,4,44.0
43876941,Male,21.0,4,21.0
41982899,Male,123.0,4,
41768461,Female,123.0,4,
42824229,Male,123.0,4,
43508689,Male,33.0,4,33.0
42106435,Female,42.0,4,42.0
42385517,Male,20.0,4,20.0
43853971,Female,37.0,4,37.0
42210173,Male,25.0,4,25.0
41886495,Female,28.0,4,28.0
42367549,Female,54.0,4,54.0
42306537,Female,45.0,4,45.0
41837005,Male,123.0,4,
42360493,Male,123.0,4,
42654246,Male,123.0,4,
43508475,Female,123.0,4,
42680015,Female,123.0,4,
41961983,Female,123.0,4,
43109983,Female,123.0,4,
44223781,Female,123.0,4,
42432747,Female,123.0,4,
42236453,Female,123.0,4,
41836950,Female,38.0,4,38.0
43629901,Male,22.0,4,22.0
43279523,Female,123.0,4,
42337365,Female,54.0,4,54.0
42171843,Female,45.0,4,45.0
42708547,Male,123.0,4,
44095247,Male,123.0,4,
43631525,Male,123.0,4,
42538958,Male,123.0,4,
42056203,Male,123.0,4,
43160509,Male,123.0,4,
42513334,Female,47.0,4,47.0
42925561,Male,41.0,4,41.0
41886355,Female,45.0,4,45.0
42912277,Male,123.0,4,
41830327,Male,123.0,4,
43658937,Female,123.0,4,
41962963,Female,32.0,4,32.0
43017317,Male,123.0,4,
41826855,Male,123.0,4,
43447159,Male,123.0,4,
43453011,Female,123.0,4,
42022855,Female,123.0,4,
44263961,Male,123.0,4,
43598121,Female,24.0,4,24.0
42079563,Male,57.0,4,57.0
42077169,Female,34.0,4,34.0
42230587,Female,20.0,4,20.0
43976373,Male,18.0,4,18.0
42251867,Male,123.0,4,
42035743,Male,123.0,4,
41891773,Male,123.0,4,
44035523,Male,123.0,4,
44031729,Female,123.0,4,
44198875,Male,26.0,4,26.0
42497259,Female,28.0,4,28.0
42231262,Female,49.0,4,49.0
42986993,Male,43.0,4,43.0
44161957,Male,24.0,4,24.0
42178633,Male,36.0,4,36.0
42291627,Female,24.0,4,24.0
42364035,Male,123.0,4,
41897246,Male,123.0,4,
43555967,Male,123.0,4,
41782349,Female,123.0,4,
43223215,Female,123.0,4,
42775523,Male,123.0,4,
42969101,Male,123.0,4,
43710163,Female,123.0,4,
43503789,Female,34.0,4,34.0
44182089,Female,28.0,4,28.0
42400001,Female,47.0,4,47.0
44386461,Female,47.0,4,47.0
42243636,Male,123.0,4,
43615467,Male,123.0,4,
44377921,Female,123.0,4,
44376045,Female,123.0,4,
43552789,Male,37.0,4,37.0
42345569,Female,44.0,4,44.0
42046501,Male,23.0,4,23.0
43169042,Male,123.0,4,
42985005,Female,123.0,4,
43771245,Male,28.0,4,28.0
41790413,Female,28.0,4,28.0
43235199,Male,123.0,4,
43754851,Male,123.0,4,
42521843,Female,21.0,4,21.0
42277893,Male,25.0,4,25.0
41932177,Male,123.0,4,
42522982,Male,123.0,4,
44431821,Female,123.0,4,
41623827,Male,23.0,5,23.0
41423081,Female,44.0,5,44.0
41548409,Male,3.0,5,
40166189,Male,24.0,5,24.0
40609807,Male,30.0,5,30.0
41640585,Male,123.0,5,
40824707,Male,123.0,5,
40263489,Female,123.0,5,
40349519,Male,123.0,5,
40686780,Female,123.0,5,
40581779,Male,123.0,5,
40213759,Female,32.0,5,32.0
41648005,Male,21.0,5,21.0
40164369,Male,37.0,5,37.0
41425853,Male,25.0,5,25.0
40273331,Male,123.0,5,
40408935,Female,123.0,5,
40266709,Male,38.0,5,38.0
40541543,Male,41.0,5,41.0
41545791,Male,27.0,5,27.0
40709725,Female,22.0,5,22.0
40388501,Male,18.0,5,18.0
41080664,Female,123.0,5,
40637849,Female,34.0,5,34.0
41453069,Male,40.0,5,40.0
41004341,Male,123.0,5,
40170893,Male,123.0,5,
40732167,Male,21.0,5,21.0
40860757,Male,123.0,5,
40745537,Male,123.0,5,
41133813,Male,123.0,5,
40174547,Female,123.0,5,
41278125,Male,123.0,5,
40417517,Female,123.0,5,
40466755,Male,61.0,5,61.0
40611473,Female,38.0,5,38.0
41284089,Male,25.0,5,25.0
40588638,Male,32.0,5,32.0
40898249,Male,123.0,5,
41061517,Male,123.0,5,
40723991,Male,123.0,5,
40419029,Male,123.0,5,
40437649,Female,123.0,5,
41190522,Male,23.0,5,23.0
40867323,Male,28.0,5,28.0
41427043,Male,24.0,5,24.0
41397374,Male,30.0,5,30.0
40466349,Female,44.0,5,44.0
41635265,Male,123.0,5,
41736275,Male,123.0,5,
41451231,Female,123.0,5,
40177137,Male,123.0,5,
40472411,Male,123.0,5,
41008261,Male,123.0,5,
40214793,Male,25.0,5,25.0
41716297,Male,42.0,5,42.0
41727455,Male,123.0,5,
40833063,Male,123.0,5,
40454780,Female,123.0,5,
41734259,Male,123.0,5,
40222889,Male,123.0,5,
40843159,Female,123.0,5,
41550486,Female,123.0,5,
41006599,Female,22.0,5,22.0
41293469,Male,37.0,5,37.0
41515397,Female,54.0,5,54.0
40833163,Female,27.0,5,27.0
41492003,Female,56.0,5,56.0
40488525,Female,21.0,5,21.0
40268529,Female,17.0,5,17.0
40888379,Female,123.0,5,
40173524,Female,123.0,5,
40742863,Female,123.0,5,
40445069,Male,123.0,5,
40927481,Male,60.0,5,60.0
41290921,Female,27.0,5,27.0
40656483,Female,35.0,5,35.0
41610275,Male,29.0,5,29.0
40518331,Male,123.0,5,
41447371,Male,123.0,5,
41108739,Male,123.0,5,
41624737,Female,123.0,5,
41276375,Male,123.0,5,
40546471,Male,123.0,5,
40647117,Female,123.0,5,
40830372,Female,123.0,5,
41101963,Male,59.0,5,59.0
40637415,Female,149.0,5,
41333173,Female,37.0,5,37.0
40558623,Male,42.0,5,42.0
41362517,Male,123.0,5,
41554093,Female,123.0,5,
40652460,Female,123.0,5,
41478997,Male,123.0,5,
40670095,Male,123.0,5,
41687835,Male,123.0,5,
40877893,Male,123.0,5,
40680446,Male,123.0,5,
41426539,Male,27.0,5,27.0
40846463,Male,23.0,5,23.0
41466593,Male,33.0,5,33.0
41744031,Male,20.0,5,20.0
40808201,Male,27.0,5,27.0
40531463,Male,33.0,5,33.0
41258273,Male,123.0,5,
40568353,Male,123.0,5,
40795811,Female,123.0,5,
41502545,Male,123.0,5,
40726385,Female,123.0,5,
40637023,Male,123.0,5,
40984265,Female,123.0,5,
41283977,Male,23.0,5,23.0
40131507,Female,52.0,5,52.0
41103237,Male,26.0,5,26.0
40986799,Female,123.0,5,
41096419,Male,123.0,5,
40199551,Male,123.0,5,
40991601,Male,123.0,5,
40200741,Male,123.0,5,
40863472,Male,123.0,5,
41399253,Male,123.0,5,
40182891,Female,123.0,5,
41626076,Male,123.0,5,
41152929,Male,21.0,5,21.0
40756471,Male,20.0,5,20.0
41065129,Male,34.0,5,34.0
40911295,Male,18.0,5,18.0
40146365,Male,123.0,5,
40878607,Male,123.0,5,
41640882,Male,123.0,5,
40422809,Male,26.0,5,26.0
40609933,Female,46.0,5,46.0
41382509,Female,21.0,5,21.0
40682033,Female,25.0,5,25.0
41278825,Male,123.0,5,
41618409,Male,123.0,5,
40295227,Female,123.0,5,
41478353,Female,123.0,5,
40853127,Female,123.0,5,
41551671,Male,29.0,5,29.0
41151467,Male,123.0,5,
41311866,Female,43.0,5,43.0
40350905,Female,46.0,5,46.0
41732439,Female,28.0,5,28.0
40637793,Male,27.0,5,27.0
40310585,Male,29.0,5,29.0
40556411,Female,49.0,5,49.0
40961980,Female,24.0,5,24.0
40353278,Male,37.0,5,37.0
40286911,Female,123.0,5,
40142893,Male,123.0,5,
40501069,Male,123.0,5,
41378757,Female,123.0,5,
41644589,Male,123.0,5,
41386387,Male,31.0,5,31.0
40558343,Male,26.0,5,26.0
40770625,Male,27.0,5,27.0
40230995,Female,23.0,5,23.0
40955145,Male,59.0,5,59.0
40778451,Male,123.0,5,
41270285,Male,123.0,5,
40822005,Male,123.0,5,
40586189,Male,123.0,5,
40812317,Male,123.0,5,
41750051,Male,123.0,5,
41190597,Male,31.0,5,31.0
40579287,Female,52.0,5,52.0
41283487,Female,37.0,5,37.0
41722709,UNKNOWN,24.0,5,24.0
40465089,Female,20.0,5,20.0
40890157,Female,44.0,5,44.0
40771759,Male,123.0,5,
40433057,Male,123.0,5,
41094599,Male,123.0,5,
41689067,Male,123.0,5,
41718271,Male,123.0,5,
40612299,Female,123.0,5,
41590423,Male,123.0,5,
40160099,Male,41.0,5,41.0
41727217,Female,20.0,5,20.0
41069665,Female,66.0,5,66.0
40128864,Female,22.0,5,22.0
41061699,Male,123.0,5,
40526017,Female,123.0,5,
41084071,Female,123.0,5,
41290347,Female,123.0,5,
40907363,Female,28.0,5,28.0
41009157,Female,28.0,5,28.0
41501985,Male,40.0,5,40.0
40720617,Female,40.0,5,40.0
40523274,Male,30.0,5,30.0
40382909,Male,44.0,5,44.0
41114857,Male,54.0,5,54.0
40921937,Female,123.0,5,
41680695,Male,123.0,5,
41608413,Male,123.0,5,
41288653,Female,123.0,5,
41549347,Female,28.0,5,28.0
40864719,Male,23.0,5,23.0
40751052,Male,123.0,5,
40668257,Female,36.0,5,36.0
41220851,Male,123.0,5,
40398043,Female,24.0,5,24.0
40819779,Male,123.0,5,
41193075,Female,37.0,5,37.0
40364907,Female,22.0,5,22.0
40649469,Female,123.0,5,
40802836,Female,123.0,5,
41259351,Male,123.0,5,
40783617,Male,123.0,5,
41484009,Male,123.0,5,
40184053,Male,123.0,5,
41560281,Female,63.0,5,63.0
41184143,Male,36.0,5,36.0
40684707,Female,27.0,5,27.0
40224339,Female,23.0,5,23.0
40562235,Male,123.0,5,
41569381,Female,123.0,5,
40396181,Male,32.0,5,32.0
41583426,Male,31.0,5,31.0
40188603,Female,26.0,5,26.0
40889728,Male,21.0,5,21.0
41744983,Male,123.0,5,
40623065,Male,123.0,5,
40414423,Female,123.0,5,
40874127,Male,123.0,5,
40386465,Male,123.0,5,
39649001,Female,34.0,6,34.0
38152247,Female,22.0,6,22.0
38684807,Male,123.0,6,
39897291,Male,123.0,6,
38589677,Female,123.0,6,
38293213,Male,19.0,6,19.0
38926631,Female,30.0,6,30.0
38471545,Female,24.0,6,24.0
38221043,Male,21.0,6,21.0
38186113,Female,123.0,6,
39813277,Male,123.0,6,
37945705,Female,27.0,6,27.0
39678863,Male,33.0,6,33.0
38018393,Female,123.0,6,
38402596,Male,123.0,6,
38591133,Male,123.0,6,
38236905,Male,123.0,6,
39791843,Male,32.0,6,32.0
39777381,Male,33.0,6,33.0
39700465,Male,123.0,6,
38721851,Male,123.0,6,
39855109,Male,123.0,6,
38770935,Female,123.0,6,
38233699,Male,123.0,6,
38124401,Male,123.0,6,
38705289,Male,123.0,6,
38846017,Male,44.0,6,44.0
38174703,Male,33.0,6,33.0
39786368,Female,40.0,6,40.0
40047455,Male,-34.0,6,
39635477,Male,123.0,6,
38387699,Male,123.0,6,
38276243,Male,123.0,6,
38056935,Male,123.0,6,
40091289,Male,23.0,6,23.0
38115273,Male,26.0,6,26.0
39978183,Male,23.0,6,23.0
39810449,Female,123.0,6,
38912671,Male,123.0,6,
39700815,Male,123.0,6,
39803743,Female,123.0,6,
39335068,Male,123.0,6,
38840781,Male,123.0,6,
38979451,Male,37.0,6,37.0
38778999,Female,25.0,6,25.0
39812171,Female,22.0,6,22.0
38432163,Female,29.0,6,29.0
39784311,Male,123.0,6,
39849481,Male,123.0,6,
39673081,Male,123.0,6,
38857245,Male,123.0,6,
38848120,Male,123.0,6,
38270043,Female,123.0,6,
38347869,Female,33.0,6,33.0
38199035,Male,22.0,6,22.0
38037069,Female,35.0,6,35.0
38353805,Male,123.0,6,
38649695,Male,123.0,6,
38213721,Male,123.0,6,
38137183,Male,123.0,6,
39959222,Male,123.0,6,
38570413,Female,62.0,6,62.0
38684568,Female,34.0,6,34.0
38219149,Female,41.0,6,41.0
38207715,Male,41.0,6,41.0
38690477,Male,26.0,6,26.0
38391507,Female,123.0,6,
38638565,Male,19.0,6,19.0
40050752,Female,27.0,6,27.0
37965994,Male,21.0,6,21.0
39201589,Female,123.0,6,
38288215,Female,123.0,6,
40085297,Female,123.0,6,
39888051,Male,123.0,6,
40074867,Male,123.0,6,
38831779,Male,25.0,6,25.0
37981475,Male,29.0,6,29.0
38795519,Female,24.0,6,24.0
38700585,Male,123.0,6,
38698821,Male,123.0,6,
38728431,Male,123.0,6,
38550981,Male,123.0,6,
38530247,Male,123.0,6,
38816603,Female,30.0,6,30.0
37961049,Male,29.0,6,29.0
38960207,Male,50.0,6,50.0
37988839,Female,31.0,6,31.0
38182333,Male,23.0,6,23.0
38640497,Male,123.0,6,
38591609,Male,123.0,6,
38883568,Female,123.0,6,
38148607,Male,123.0,6,
38658711,Female,123.0,6,
39804871,Female,123.0,6,
38378543,Male,123.0,6,
39171307,Male,123.0,6,
38324055,Male,37.0,6,37.0
39533501,Male,123.0,6,
38747752,Female,123.0,6,
38768233,Male,123.0,6,
38493637,Female,123.0,6,
38058097,Male,123.0,6,
38051517,Male,123.0,6,
38867213,Male,123.0,6,
39916387,Male,65.0,6,65.0
39048905,Male,29.0,6,29.0
38697855,Male,123.0,6,
39704763,Male,123.0,6,
39795287,Male,123.0,6,
40084793,Male,123.0,6,
38228645,Male,23.0,6,23.0
38959459,Female,23.0,6,23.0
39014059,Female,28.0,6,28.0
38024077,Female,123.0,6,
38546753,Female,123.0,6,
38832633,Male,123.0,6,
38858197,Male,123.0,6,
38287571,Male,25.0,6,25.0
38449987,Female,25.0,6,25.0
40080831,Male,35.0,6,35.0
38260355,Male,37.0,6,37.0
39797163,Male,123.0,6,
39691645,Male,123.0,6,
38026975,Male,123.0,6,
38794021,Male,123.0,6,
38397401,Female,37.0,6,37.0
38313065,Male,25.0,6,25.0
39282487,Male,22.0,6,22.0
39640447,Male,21.0,6,21.0
38759917,Female,27.0,6,27.0
38234301,Male,29.0,6,29.0
39814593,Male,51.0,6,51.0
38590727,Male,123.0,6,
39796547,Male,123.0,6,
39854199,Female,123.0,6,
38161078,Female,62.0,6,62.0
39851026,Male,24.0,6,24.0
39690175,Male,123.0,6,
39762345,Female,123.0,6,
39763885,Female,49.0,6,49.0
38684205,Male,58.0,6,58.0
38364557,Male,24.0,6,24.0
40087929,Male,123.0,6,
38470537,Male,123.0,6,
38769003,Male,123.0,6,
38249003,Male,123.0,6,
38058937,Female,26.0,6,26.0
39812395,Male,31.0,6,31.0
38108777,Male,27.0,6,27.0
37982259,Female,44.0,6,44.0
39026253,Male,123.0,6,
38250065,Male,123.0,6,
39243491,Male,123.0,6,
39655292,Male,123.0,6,
38788183,Male,123.0,6,
38436755,Female,123.0,6,
40036171,Male,123.0,6,
38671101,Male,123.0,6,
38718449,Male,122.0,6,
38280263,Female,27.0,6,27.0
38018135,Male,25.0,6,25.0
38045665,Male,123.0,6,
38570889,Male,123.0,6,
38901401,Female,25.0,6,25.0
38422027,Female,35.0,6,35.0
38285373,Male,22.0,6,22.0
38318385,Female,123.0,6,
39940159,Female,41.0,6,41.0
39763731,Male,34.0,6,34.0
38763053,Male,123.0,6,
37955320,Female,123.0,6,
38288229,Male,123.0,6,
39761743,Male,22.0,6,22.0
38468521,Male,26.0,6,26.0
39334113,Female,123.0,6,
38211887,Male,123.0,6,
38607149,Male,123.0,6,
38232859,Male,123.0,6,
38754737,Female,123.0,6,
38363633,Male,123.0,6,
38508743,Female,24.0,6,24.0
38717819,Female,24.0,6,24.0
38886085,Male,30.0,6,30.0
38456439,Male,123.0,6,
39165693,Male,123.0,6,
38869313,Male,123.0,6,
39968733,Male,123.0,6,
38956169,Female,123.0,6,
38289685,Female,123.0,6,
39850461,Male,123.0,6,
38555797,Female,27.0,6,27.0
39751299,Male,20.0,6,20.0
38694263,Male,18.0,6,18.0
39712669,Female,123.0,6,
38362527,Female,31.0,6,31.0
38494617,Male,123.0,6,
38788967,Female,123.0,6,
39231871,Female,123.0,6,
36065855,Male,22.0,7,22.0
37459975,Male,21.0,7,21.0
36331799,Male,18.0,7,18.0
36277927,Female,47.0,7,47.0
37901115,Female,22.0,7,22.0
37644957,Female,31.0,7,31.0
37874771,Male,22.0,7,22.0
36192821,Male,123.0,7,
36083915,Male,123.0,7,
37611035,Male,123.0,7,
37741431,Female,123.0,7,
37906155,Male,123.0,7,
36614249,Male,40.0,7,40.0
36144059,Male,22.0,7,22.0
36609531,Male,19.0,7,19.0
36765813,Female,118.0,7,
36716659,Female,123.0,7,
37720235,Male,30.0,7,30.0
37603937,Female,18.0,7,18.0
36410367,Male,23.0,7,23.0
37808211,Female,123.0,7,
36099777,Male,123.0,7,
36955065,Female,123.0,7,
36507429,Male,123.0,7,
36392587,Male,28.0,7,28.0
37514813,Male,43.0,7,43.0
37558185,Male,118.0,7,
37454669,Male,29.0,7,29.0
36787250,Male,22.0,7,22.0
37419445,Male,23.0,7,23.0
36473871,Male,123.0,7,
36870729,Male,123.0,7,
36840349,Female,123.0,7,
36514796,Male,123.0,7,
36906807,Male,45.0,7,45.0
36129149,Female,119.0,7,
36290415,Female,23.0,7,23.0
37700627,Male,47.0,7,47.0
36178891,Male,22.0,7,22.0
37668995,Female,46.0,7,46.0
36324309,Male,123.0,7,
36127049,Female,123.0,7,
36782739,Male,123.0,7,
36327991,Female,123.0,7,
36559115,Male,123.0,7,
37876247,Male,33.0,7,33.0
36561618,Female,39.0,7,39.0
37426921,Male,32.0,7,32.0
36798027,Male,36.0,7,36.0
36381709,Male,123.0,7,
37629666,Male,123.0,7,
36329211,Female,123.0,7,
37631181,Male,123.0,7,
36908375,UNKNOWN,24.0,7,24.0
36370553,Male,21.0,7,21.0
36938979,Male,123.0,7,
36891295,Male,22.0,7,22.0
36419957,Male,25.0,7,25.0
36848486,Male,123.0,7,
36339961,Male,123.0,7,
36065953,Male,32.0,7,32.0
36542135,Male,47.0,7,47.0
36886633,Female,21.0,7,21.0
37703995,Female,42.0,7,42.0
36054627,Male,123.0,7,
36193913,Male,123.0,7,
36971753,Male,123.0,7,
36558767,Female,41.0,7,41.0
37428811,Male,33.0,7,33.0
37604245,Female,122.0,7,
36483391,Female,123.0,7,
36531354,Male,123.0,7,
37420481,Female,21.0,7,21.0
37724988,Male,123.0,7,
37028579,Male,123.0,7,
37879016,Male,123.0,7,
37238019,Male,123.0,7,
36844493,Female,123.0,7,
36773740,Female,123.0,7,
36542653,Male,123.0,7,
36249703,Male,123.0,7,
37710701,Male,123.0,7,
36344567,Female,46.0,7,46.0
37648114,Female,49.0,7,49.0
36246091,Male,123.0,7,
36422379,Male,123.0,7,
36361045,Male,123.0,7,
37254651,Male,123.0,7,
37613359,Male,123.0,7,
37055235,Male,34.0,7,34.0
36257389,Female,123.0,7,
36954519,Female,123.0,7,
36827567,Male,123.0,7,
36650131,Female,123.0,7,
37685487,Male,123.0,7,
37911853,Male,123.0,7,
36571745,Female,123.0,7,
36335629,Female,44.0,7,44.0
37506539,Female,123.0,7,
36877211,Male,25.0,7,25.0
36929879,Female,43.0,7,43.0
37661953,Male,33.0,7,33.0
37139907,Female,31.0,7,31.0
36924321,Male,123.0,7,
36939931,Male,123.0,7,
36675583,Female,123.0,7,
37503767,Male,123.0,7,
37658801,Female,123.0,7,
37417667,Female,27.0,7,27.0
36148329,Male,52.0,7,52.0
36193157,Male,123.0,7,
37706809,Male,123.0,7,
37602425,Male,123.0,7,
36203601,Female,123.0,7,
37029517,Male,35.0,7,35.0
37465911,Female,20.0,7,20.0
36248079,Male,38.0,7,38.0
37727221,Male,39.0,7,39.0
37108575,Male,123.0,7,
37607563,Male,123.0,7,
36237089,Male,123.0,7,
36406069,Male,123.0,7,
37900860,Male,18.0,7,18.0
36530487,Male,35.0,7,35.0
37172216,Male,31.0,7,31.0
36223117,Female,123.0,7,
37709287,Male,123.0,7,
37610195,Male,123.0,7,
37939055,Male,123.0,7,
36211945,Male,47.0,7,47.0
36556877,Female,64.0,7,64.0
36583547,Male,21.0,7,21.0
37127965,Male,23.0,7,23.0
37888301,Male,46.0,7,46.0
36723309,Male,24.0,7,24.0
36633835,Female,40.0,7,40.0
37374687,Female,123.0,7,
36323819,Male,123.0,7,
37727669,Male,23.0,7,23.0
36623391,Female,41.0,7,41.0
36427811,Male,33.0,7,33.0
36998157,Male,45.0,7,45.0
37062361,Male,123.0,7,
36091405,Male,123.0,7,
36305731,Female,123.0,7,
37624055,Male,123.0,7,
37635969,Male,37.0,7,37.0
36709715,Male,21.0,7,21.0
36427699,Male,123.0,7,
37732471,Male,123.0,7,
36464113,Male,123.0,7,
36453851,Male,123.0,7,
36159683,Male,123.0,7,
36085721,Male,24.0,7,24.0
37706095,Female,42.0,7,42.0
37685865,Female,42.0,7,42.0
36548855,Male,23.0,7,23.0
36370901,Female,123.0,7,
36536311,Male,123.0,7,
36190805,Female,46.0,7,46.0
37049173,Male,50.0,7,50.0
36423555,Male,45.0,7,45.0
36909033,Female,48.0,7,48.0
36159547,Male,19.0,7,19.0
37572549,Male,123.0,7,
36923299,Male,123.0,7,
37159899,Male,123.0,7,
36571885,Male,123.0,7,
37110787,Female,123.0,7,
36240757,Male,123.0,7,
36902327,Female,30.0,7,30.0
36196153,Male,123.0,7,
37051987,Male,123.0,7,
36533021,Male,123.0,7,
36252083,Male,123.0,7,
37581917,Male,123.0,7,
37634527,Male,123.0,7,
36527533,Female,22.0,7,22.0
36761347,Female,52.0,7,52.0
36908249,Female,34.0,7,34.0
37064461,Female,37.0,7,37.0
37644691,Female,123.0,7,
36908641,Male,123.0,7,
36204525,Male,123.0,7,
36924447,Male,123.0,7,
37640435,Female,23.0,7,23.0
37683891,Female,44.0,7,44.0
36942969,Female,26.0,7,26.0
37633771,Male,30.0,7,30.0
37427341,Male,22.0,7,22.0
36958621,Male,123.0,7,
37683205,Male,123.0,7,
37701013,Male,123.0,7,
34820317,Male,30.0,8,30.0
35502747,Female,23.0,8,23.0
34873881,Female,33.0,8,33.0
35545685,Male,23.0,8,23.0
35058023,Male,30.0,8,30.0
35554899,Female,28.0,8,28.0
36002701,Female,123.0,8,
35547379,Male,123.0,8,
35293279,Male,123.0,8,
35729919,Female,123.0,8,
35516719,Female,123.0,8,
35479507,Male,21.0,8,21.0
35830375,Male,22.0,8,22.0
35346143,Male,123.0,8,
35221263,Male,123.0,8,
34651673,Male,123.0,8,
35035458,Male,123.0,8,
35406917,Male,123.0,8,
35271393,Male,17.0,8,17.0
34953387,Female,62.0,8,62.0
35445403,Male,21.0,8,21.0
35869309,Female,123.0,8,
35534905,Female,123.0,8,
34649923,Female,123.0,8,
35968807,Male,123.0,8,
35689899,Male,123.0,8,
34671721,Female,35.0,8,35.0
34605445,Male,29.0,8,29.0
36032829,Female,42.0,8,42.0
35784063,Male,123.0,8,
35712726,Male,123.0,8,
34653178,Male,123.0,8,
35548331,Female,123.0,8,
35145411,Male,123.0,8,
35412251,Male,123.0,8,
35179795,Female,123.0,8,
34753621,Male,123.0,8,
35201887,Female,34.0,8,34.0
34852405,Female,32.0,8,32.0
35991851,Female,48.0,8,48.0
35779163,Male,123.0,8,
35978817,Male,123.0,8,
35287105,Male,123.0,8,
35516322,Male,123.0,8,
35995330,Female,123.0,8,
35462287,Male,46.0,8,46.0
34581533,Male,23.0,8,23.0
34876443,Female,123.0,8,
34910589,Female,39.0,8,39.0
34690411,Female,34.0,8,34.0
34718719,Female,22.0,8,22.0
36028643,Female,123.0,8,
35461954,Male,123.0,8,
35749427,Female,123.0,8,
35775271,Male,43.0,8,43.0
34782503,Female,28.0,8,28.0
35198303,Male,24.0,8,24.0
35765611,Male,23.0,8,23.0
34860385,Male,28.0,8,28.0
34991873,Male,123.0,8,
35815857,Male,123.0,8,
35032515,Male,123.0,8,
34568037,Male,123.0,8,
34698685,Male,52.0,8,52.0
34826785,Female,25.0,8,25.0
34933045,Male,123.0,8,
35630441,Female,53.0,8,53.0
34582373,Male,123.0,8,
34572237,Male,26.0,8,26.0
34814453,Male,19.0,8,19.0
35941311,Male,123.0,8,
35024844,Male,123.0,8,
35695359,Female,24.0,8,24.0
35887738,Male,123.0,8,
34792233,Male,123.0,8,
34577417,Male,123.0,8,
35338401,Male,123.0,8,
35371483,Male,123.0,8,
34639367,Female,123.0,8,
35676473,Female,37.0,8,37.0
35894327,Female,29.0,8,29.0
34597703,Female,38.0,8,38.0
35572663,Male,123.0,8,
35501977,Male,123.0,8,
34561779,Male,123.0,8,
35558009,Male,123.0,8,
34576157,Male,25.0,8,25.0
34764989,Female,27.0,8,27.0
35884289,Male,24.0,8,24.0
35225841,Female,32.0,8,32.0
34700813,Male,34.0,8,34.0
35426965,Male,32.0,8,32.0
35187271,Male,123.0,8,
34925135,Male,123.0,8,
35951517,Female,24.0,8,24.0
34633851,Male,31.0,8,31.0
35407211,Female,26.0,8,26.0
34887671,Female,25.0,8,25.0
35180719,Male,31.0,8,31.0
35914011,Female,47.0,8,47.0
34858551,Female,123.0,8,
34809775,Male,123.0,8,
34550397,Male,123.0,8,
35279909,Male,123.0,8,
34571229,Female,28.0,8,28.0
35923580,Female,22.0,8,22.0
35979984,Female,48.0,8,48.0
35445837,Male,29.0,8,29.0
35827785,Male,59.0,8,59.0
35147777,Male,123.0,8,
35797181,Female,123.0,8,
34788131,Male,123.0,8,
35232379,Male,123.0,8,
35012145,Male,123.0,8,
35684551,Male,123.0,8,
34661991,Male,123.0,8,
34694415,Female,123.0,8,
35217315,Male,123.0,8,
34789517,Male,25.0,8,25.0
34827191,Male,39.0,8,39.0
35935403,Female,27.0,8,27.0
35871969,Female,24.0,8,24.0
34753677,Male,41.0,8,41.0
34796615,Female,123.0,8,
35903287,Female,123.0,8,
35374171,Male,123.0,8,
35082817,Male,123.0,8,
34866489,Female,28.0,8,28.0
35028077,Male,38.0,8,38.0
35486406,Male,123.0,8,
36022763,Male,34.0,8,34.0
35878101,Male,123.0,8,
35723779,Male,123.0,8,
35551061,Female,123.0,8,
35178703,Male,20.0,8,20.0
34908223,Male,46.0,8,46.0
34589289,Male,67.0,8,67.0
34900425,Female,31.0,8,31.0
35226233,Male,20.0,8,20.0
35274169,Male,19.0,8,19.0
35534161,Female,123.0,8,
35611541,Male,123.0,8,
35151422,Female,123.0,8,
34647487,Male,123.0,8,
34760299,Female,123.0,8,
35288869,Male,123.0,8,
35326137,Male,123.0,8,
35010577,Male,21.0,8,21.0
35176869,Male,23.0,8,23.0
34626977,Female,123.0,8,
35876239,Female,24.0,8,24.0
35972699,Female,29.0,8,29.0
35908607,Male,123.0,8,
35142206,Male,123.0,8,
35189202,Male,123.0,8,
35857941,Male,123.0,8,
35133315,Male,123.0,8,
35448290,Female,123.0,8,
35735567,Female,23.0,8,23.0
34655887,Female,37.0,8,37.0
35762853,Female,20.0,8,20.0
35756011,Female,19.0,8,19.0
34655453,Male,123.0,8,
34841387,Male,123.0,8,
34833477,Male,123.0,8,
35955017,Female,38.0,8,38.0
35837473,Male,23.0,8,23.0
35858095,Female,27.0,8,27.0
34603765,Male,33.0,8,33.0
34728935,Female,20.0,8,20.0
35737671,Female,27.0,8,27.0
35290514,Male,123.0,8,
35234297,Male,123.0,8,
34773207,Male,123.0,8,
35591535,Female,123.0,8,
34923357,Male,123.0,8,
35944587,Female,123.0,8,
34892921,Female,34.0,8,34.0
36005347,Male,43.0,8,43.0
35883113,Male,23.0,8,23.0
35037597,Female,123.0,8,
35197518,Male,123.0,8,
35474285,Male,123.0,8,
35886991,Female,123.0,8,
36004045,Female,25.0,8,25.0
35615195,Male,123.0,8,
35191471,Female,30.0,8,30.0
34562507,Female,22.0,8,22.0
35018725,Female,44.0,8,44.0
35668619,Male,32.0,8,32.0
36028699,Female,123.0,8,
35853587,Male,123.0,8,
34630253,Female,28.0,8,28.0
35653149,Male,42.0,8,42.0
34874833,Female,37.0,8,37.0
35696157,Male,62.0,8,62.0
34823509,Male,123.0,8,
35337001,Female,123.0,8,
35201117,Female,123.0,8,
35285565,Female,43.0,8,43.0
35855225,Female,63.0,8,63.0
34677755,Female,29.0,8,29.0
35176029,Female,24.0,8,24.0
35175791,Male,18.0,8,18.0
35619969,Male,19.0,8,19.0
35213647,Male,123.0,8,
34550318,Male,123.0,8,
35158389,Male,123.0,8,
35556661,Female,123.0,8,
35561267,Female,20.0,8,20.0
35737205,Female,32.0,8,32.0
35112805,Female,31.0,8,31.0
34551755,Male,29.0,8,29.0
35046011,Male,123.0,8,
35091166,Male,123.0,8,
35663793,Female,123.0,8,
33135459,Male,40.0,9,40.0
33152399,Female,28.0,9,28.0
34394815,Male,45.0,9,45.0
33396433,Female,71.0,9,71.0
34221313,Male,123.0,9,
33535999,Male,123.0,9,
34027259,Male,123.0,9,
33714037,Male,123.0,9,
33407409,Male,18.0,9,18.0
33359236,Female,26.0,9,26.0
33813339,Male,42.0,9,42.0
34372261,Male,28.0,9,28.0
34089629,Female,36.0,9,36.0
33350499,Male,33.0,9,33.0
33812947,Male,123.0,9,
33057983,Male,123.0,9,
34476407,Male,123.0,9,
33331795,Male,123.0,9,
34510385,Male,55.0,9,55.0
33112793,Male,38.0,9,38.0
33059243,Male,40.0,9,40.0
33921125,Male,27.0,9,27.0
33560681,Male,33.0,9,33.0
34091886,Female,30.0,9,30.0
33831749,Female,23.0,9,23.0
33242965,Female,25.0,9,25.0
34204863,Male,29.0,9,29.0
33762533,Male,123.0,9,
33617199,Male,123.0,9,
33914880,Female,123.0,9,
33896303,Male,123.0,9,
33246339,Female,123.0,9,
33611319,Male,123.0,9,
34363679,Male,123.0,9,
33937925,Female,123.0,9,
34371197,Male,123.0,9,
34488727,Male,21.0,9,21.0
34107734,Female,29.0,9,29.0
33117077,Male,31.0,9,31.0
34218275,Female,29.0,9,29.0
34287981,Female,34.0,9,34.0
33229917,Female,28.0,9,28.0
34168435,Female,41.0,9,41.0
34118288,Male,123.0,9,
34150753,Male,123.0,9,
33380095,Male,123.0,9,
34147295,Female,123.0,9,
33629351,Male,123.0,9,
33683041,Female,32.0,9,32.0
33388005,Male,51.0,9,51.0
33382363,Male,33.0,9,33.0
33090939,Male,19.0,9,19.0
33108971,Male,23.0,9,23.0
34112937,Female,26.0,9,26.0
34245785,Male,32.0,9,32.0
33396167,Male,29.0,9,29.0
34187755,Male,55.0,9,55.0
34502760,Male,123.0,9,
33585895,Male,123.0,9,
34057835,Male,123.0,9,
33977727,Female,123.0,9,
34019083,Male,123.0,9,
33729549,Male,123.0,9,
33355749,Female,123.0,9,
33238401,Female,123.0,9,
33075735,Female,123.0,9,
33402661,Male,123.0,9,
33615379,Male,45.0,9,45.0
33811073,Male,30.0,9,30.0
33061539,Male,24.0,9,24.0
34189687,Female,22.0,9,22.0
33848605,Female,28.0,9,28.0
34102831,Male,35.0,9,35.0
33710621,Male,28.0,9,28.0
33181183,Male,46.0,9,46.0
33428101,Male,123.0,9,
34537195,Male,123.0,9,
33575339,Male,123.0,9,
34015877,Male,123.0,9,
33233165,Male,123.0,9,
33094201,Male,123.0,9,
33217177,Female,123.0,9,
33627223,Female,123.0,9,
33273091,Male,123.0,9,
33910163,Male,26.0,9,26.0
33310557,Female,123.0,9,
33406891,Female,29.0,9,29.0
34051829,Male,47.0,9,47.0
33208924,Male,123.0,9,
34234795,Male,123.0,9,
33424531,Male,123.0,9,
33184590,Male,123.0,9,
33920187,Male,123.0,9,
33399779,Female,123.0,9,
34256915,Male,123.0,9,
33517799,Male,28.0,9,28.0
33982151,Female,34.0,9,34.0
33956299,Male,36.0,9,36.0
33917625,Male,22.0,9,22.0
34543622,Male,123.0,9,
33287457,Female,123.0,9,
33443235,Female,123.0,9,
34357617,Male,123.0,9,
33844699,Male,123.0,9,
34172649,Male,123.0,9,
33952317,Female,123.0,9,
33415417,Female,49.0,9,49.0
33912417,Male,49.0,9,49.0
33519367,Female,34.0,9,34.0
34322617,Male,36.0,9,36.0
34406883,Female,50.0,9,50.0
34427610,Male,31.0,9,31.0
34013693,Male,34.0,9,34.0
33702165,Male,123.0,9,
33598621,Male,123.0,9,
33240025,Male,123.0,9,
34443703,Male,123.0,9,
33683755,Female,123.0,9,
33948047,Male,51.0,9,51.0
33956867,Female,42.0,9,42.0
34081537,Female,30.0,9,30.0
33710383,Male,48.0,9,48.0
33549579,Female,123.0,9,
34251717,Male,56.0,9,56.0
33560989,Male,35.0,9,35.0
33596577,Male,28.0,9,28.0
33265477,Male,26.0,9,26.0
33874603,Male,20.0,9,20.0
34007519,Male,21.0,9,21.0
33518569,Female,24.0,9,24.0
33595681,Male,22.0,9,22.0
34466341,Male,123.0,9,
34256831,Male,123.0,9,
33320464,Male,123.0,9,
34418265,Male,123.0,9,
33123923,Female,123.0,9,
33359977,Male,123.0,9,
33355833,Male,123.0,9,
34140631,Male,123.0,9,
34544083,Female,40.0,9,40.0
33144475,Male,30.0,9,30.0
33592804,Male,24.0,9,24.0
34392169,Female,47.0,9,47.0
33706589,Male,55.0,9,55.0
33100980,Male,34.0,9,34.0
34027721,Female,29.0,9,29.0
33483989,Male,23.0,9,23.0
33985758,Male,22.0,9,22.0
33265967,Male,123.0,9,
34281331,Male,123.0,9,
33927733,Male,123.0,9,
34055749,Male,123.0,9,
34098351,Male,123.0,9,
33622519,Female,123.0,9,
33714247,Male,29.0,9,29.0
34077645,Female,40.0,9,40.0
33807431,Male,35.0,9,35.0
33298517,Male,22.0,9,22.0
34294337,Male,123.0,9,
33601071,Male,123.0,9,
33425665,Female,123.0,9,
33231301,Female,123.0,9,
34531259,Male,27.0,9,27.0
33225549,Male,37.0,9,37.0
34387661,Male,26.0,9,26.0
33311201,Male,22.0,9,22.0
34442961,Male,123.0,9,
34055399,Male,123.0,9,
33087733,Male,70.0,9,70.0
34203799,Female,31.0,9,31.0
33068147,Female,56.0,9,56.0
33998503,Female,21.0,9,21.0
34093489,Male,20.0,9,20.0
33394599,Male,35.0,9,35.0
33078493,Female,27.0,9,27.0
34211471,Female,123.0,9,
33496701,Female,123.0,9,
33878579,Female,123.0,9,
33744445,Male,123.0,9,
34216441,Female,25.0,9,25.0
34456737,Female,41.0,9,41.0
34443269,Male,24.0,9,24.0
33299049,Male,46.0,9,46.0
33653151,Female,36.0,9,36.0
33225871,Male,123.0,9,
33369079,Male,123.0,9,
33241243,Male,123.0,9,
34186170,Male,123.0,9,
34047475,Male,123.0,9,
33712637,Female,123.0,9,
33358759,Male,123.0,9,
34012377,Female,39.0,9,39.0
34323443,Female,24.0,9,24.0
33104421,Male,28.0,9,28.0
33490905,Male,31.0,9,31.0
33152945,Female,49.0,9,49.0
34367109,Male,24.0,9,24.0
33618557,Male,123.0,9,
34430809,Female,123.0,9,
33158321,Male,123.0,9,
34284929,Male,123.0,9,
34303303,Male,123.0,9,
33795480,Male,123.0,9,
33574569,Male,123.0,9,
33302017,Male,123.0,9,
33462527,Female,31.0,9,31.0
33205977,Male,29.0,9,29.0
34496077,Female,24.0,9,24.0
33179979,Male,123.0,9,
34348965,Male,123.0,9,
34099947,Male,123.0,9,
33993197,Male,123.0,9,
33201494,Male,123.0,9,
34483974,Female,39.0,9,39.0
33238233,Female,27.0,9,27.0
33519437,Male,39.0,9,39.0
33107916,Male,53.0,9,53.0
34011733,Male,33.0,9,33.0
33684273,Male,123.0,9,
34296829,Male,123.0,9,
33062393,Male,123.0,9,
34178921,Male,123.0,9,
34144929,Male,123.0,9,
34281625,Female,35.0,9,35.0
33466685,Female,36.0,9,36.0
33144741,Male,30.0,9,30.0
33811218,Male,36.0,9,36.0
33923186,Male,122.0,9,
34350435,Male,21.0,9,21.0
34137327,Male,123.0,9,
33994359,Male,123.0,9,
34029849,Male,123.0,9,
33463633,Male,123.0,9,
34324521,Male,123.0,9,
33692953,Male,123.0,9,
33096217,Male,123.0,9,
34358289,Male,123.0,9,
34503917,Male,45.0,9,45.0
33898333,Male,30.0,9,30.0
33080047,Male,30.0,9,30.0
33239759,Male,49.0,9,49.0
33126597,Male,19.0,9,19.0
33683503,Female,31.0,9,31.0
34254087,Male,37.0,9,37.0
33274479,Female,22.0,9,22.0
34170941,Female,55.0,9,55.0
33205529,Female,123.0,9,
34303283,Female,123.0,9,
34480873,Female,50.0,9,50.0
34483435,Female,41.0,9,41.0
33152987,Male,31.0,9,31.0
33201913,Female,38.0,9,38.0
33491255,Male,26.0,9,26.0
33159777,Male,40.0,9,40.0
33443487,Male,123.0,9,
33812065,Male,123.0,9,
33981311,Male,123.0,9,
33756037,Male,123.0,9,
33479005,Female,123.0,9,
34169430,Male,123.0,9,
33909273,Male,22.0,9,22.0
33737263,Male,29.0,9,29.0
33786501,Male,123.0,9,
33448639,Male,26.0,9,26.0
34138663,Female,123.0,9,
33528929,Female,123.0,9,
34005587,Male,123.0,9,
33987717,Male,123.0,9,
33307197,Male,123.0,9,
33408543,Male,123.0,9,
33451845,Male,123.0,9,
33538029,Female,123.0,9,
34360403,Male,123.0,9,
34345473,Male,34.0,9,34.0
34057163,Female,27.0,9,27.0
34049029,Male,46.0,9,46.0
33145847,Female,49.0,9,49.0
33362189,Male,33.0,9,33.0
33734869,Male,41.0,9,41.0
33574457,Male,122.0,9,
34290179,Male,37.0,9,37.0
33196247,Male,123.0,9,
34081999,Female,29.0,9,29.0
33537049,Male,28.0,9,28.0
33623135,Female,123.0,9,
33882160,Female,123.0,9,
34343771,Female,123.0,9,
33197526,Male,36.0,9,36.0
34201447,Female,42.0,9,42.0
33407913,Male,23.0,9,23.0
33412421,Male,56.0,9,56.0
33361895,Male,33.0,9,33.0
33771703,Male,22.0,9,22.0
34484051,Male,21.0,9,21.0
33449143,Male,24.0,9,24.0
33198399,Female,48.0,9,48.0
34024949,Female,25.0,9,25.0
34523741,Female,123.0,9,
33317809,Female,123.0,9,
34193467,Male,123.0,9,
34235985,Male,123.0,9,
34121017,Male,123.0,9,
34473351,Male,123.0,9,
32086565,Female,24.0,10,24.0
31910585,Female,29.0,10,29.0
31604237,Male,38.0,10,38.0
32737831,Male,43.0,10,43.0
32565183,Female,123.0,10,
33054077,Male,123.0,10,
32295011,Female,123.0,10,
31897495,Female,123.0,10,
32405275,Male,123.0,10,
32729319,Male,123.0,10,
31950877,Female,25.0,10,25.0
32975897,Male,28.0,10,28.0
33007339,Male,22.0,10,22.0
32405079,Male,39.0,10,39.0
32678037,Male,22.0,10,22.0
31794763,Male,26.0,10,26.0
32936001,Male,29.0,10,29.0
31995131,Male,123.0,10,
32048415,Male,123.0,10,
32028129,Male,123.0,10,
32798241,Male,123.0,10,
32345383,Male,123.0,10,
31910235,Female,68.0,10,68.0
32062718,Male,36.0,10,36.0
32991497,Male,64.0,10,64.0
32300415,Female,23.0,10,23.0
31650199,Male,23.0,10,23.0
31915457,Female,23.0,10,23.0
32235256,Male,37.0,10,37.0
32727737,Female,43.0,10,43.0
31618601,Male,28.0,10,28.0
32552429,Female,32.0,10,32.0
31733862,Male,123.0,10,
32877313,Male,123.0,10,
32983447,Male,123.0,10,
32776485,Female,123.0,10,
31582733,Male,25.0,10,25.0
31937801,Male,26.0,10,26.0
32394443,Male,45.0,10,45.0
31876867,Male,24.0,10,24.0
32242875,Female,49.0,10,49.0
31554224,Male,24.0,10,24.0
32429593,Male,24.0,10,24.0
33033679,Male,123.0,10,
32378325,Male,123.0,10,
32118709,Female,123.0,10,
32680739,Female,123.0,10,
31876635,Male,123.0,10,
32388559,Male,123.0,10,
31617594,Male,123.0,10,
32835257,Female,19.0,10,19.0
32970735,Female,44.0,10,44.0
32418953,Male,19.0,10,19.0
32990774,Female,45.0,10,45.0
32520257,Female,55.0,10,55.0
32001501,Female,53.0,10,53.0
32844707,Male,29.0,10,29.0
32110069,Male,23.0,10,23.0
32139877,Female,47.0,10,47.0
32536049,Male,123.0,10,
32076975,Male,123.0,10,
32640727,Female,123.0,10,
32366285,Female,19.0,10,19.0
32397883,Male,28.0,10,28.0
32968999,Male,123.0,10,
32093747,Female,123.0,10,
31972213,Male,123.0,10,
32800579,Male,123.0,10,
32097846,Male,35.0,10,35.0
32436257,Male,23.0,10,23.0
32868143,Male,28.0,10,28.0
31693350,Female,30.0,10,30.0
32369547,Male,24.0,10,24.0
32757347,Female,30.0,10,30.0
32981613,Female,23.0,10,23.0
31741815,Male,24.0,10,24.0
31681531,Male,27.0,10,27.0
32072285,Female,47.0,10,47.0
31702846,Male,18.0,10,18.0
32297937,Male,41.0,10,41.0
31590853,Female,40.0,10,40.0
32275215,Male,123.0,10,
32224087,Male,123.0,10,
32947355,Male,123.0,10,
31709181,Male,123.0,10,
32712953,Female,123.0,10,
32663015,Male,123.0,10,
32694739,Male,22.0,10,22.0
32526837,Female,123.0,10,
33029613,Male,123.0,10,
32142173,Male,123.0,10,
32043977,Female,123.0,10,
32788371,Male,123.0,10,
31730615,Female,123.0,10,
31848145,Female,123.0,10,
31880177,Female,123.0,10,
31691835,Male,123.0,10,
31607737,Female,123.0,10,
31709027,Female,123.0,10,
32389763,Male,29.0,10,29.0
32228231,Male,35.0,10,35.0
32415131,Female,21.0,10,21.0
32741149,Female,103.0,10,
31644207,Female,68.0,10,68.0
32561109,Female,33.0,10,33.0
32205565,Female,34.0,10,34.0
32212117,Female,123.0,10,
32394439,Female,123.0,10,
32384345,Male,123.0,10,
32187281,Male,123.0,10,
31849699,Male,123.0,10,
32425981,Male,42.0,10,42.0
31990324,Male,28.0,10,28.0
32727121,Male,23.0,10,23.0
32053329,Female,62.0,10,62.0
31944521,Male,24.0,10,24.0
32068421,Male,123.0,10,
31828027,Male,123.0,10,
32834921,Female,123.0,10,
32834881,Female,123.0,10,
32132359,Male,123.0,10,
32105073,Female,123.0,10,
32933313,Male,123.0,10,
32765159,Male,123.0,10,
32166589,Male,123.0,10,
31777781,Male,22.0,10,22.0
31651566,Male,23.0,10,23.0
32462171,Female,35.0,10,35.0
32466623,Male,48.0,10,48.0
32538415,Male,24.0,10,24.0
32063899,Male,119.0,10,
31786965,Male,123.0,10,
32773601,Male,123.0,10,
31621443,Male,123.0,10,
32406199,Male,123.0,10,
32516981,Male,123.0,10,
32467735,Female,123.0,10,
32922309,Male,123.0,10,
32974515,Male,123.0,10,
32093719,Male,123.0,10,
32288683,Male,21.0,10,21.0
32846023,Female,18.0,10,18.0
32570181,Male,27.0,10,27.0
31816407,Male,37.0,10,37.0
32123973,Male,123.0,10,
32761869,Male,32.0,10,32.0
32431345,Male,30.0,10,30.0
31965407,Female,23.0,10,23.0
32668069,Male,45.0,10,45.0
32274753,Female,26.0,10,26.0
31774505,Male,123.0,10,
31856153,Male,123.0,10,
32686715,Female,123.0,10,
32904599,Female,18.0,10,18.0
32413409,Female,29.0,10,29.0
31769423,Female,26.0,10,26.0
31788799,Male,29.0,10,29.0
31936387,Male,33.0,10,33.0
32502701,Male,123.0,10,
32593575,Female,32.0,10,32.0
32453729,Female,123.0,10,
32637185,Male,123.0,10,
31834173,Male,123.0,10,
32212061,Male,123.0,10,
32845575,Female,123.0,10,
32950715,Female,123.0,10,
32195373,Male,24.0,10,24.0
31969889,Female,18.0,10,18.0
31687495,Male,30.0,10,30.0
31875656,Male,39.0,10,39.0
32340474,Female,45.0,10,45.0
32781455,Male,32.0,10,32.0
32153135,Male,22.0,10,22.0
32914973,Male,29.0,10,29.0
32948601,Male,123.0,10,
31786937,Male,123.0,10,
32726057,Male,123.0,10,
31632125,Male,123.0,10,
32363485,Male,123.0,10,
32429733,Male,123.0,10,
32203045,Female,39.0,10,39.0
31947657,Male,123.0,10,
32025819,Female,123.0,10,
32461499,Female,123.0,10,
32452973,Female,36.0,10,36.0
31946915,Male,30.0,10,30.0
31672749,Male,123.0,10,
31553809,Male,123.0,10,
33001367,Female,21.0,10,21.0
32473399,Female,123.0,10,
31702881,Female,41.0,10,41.0
32514769,Male,23.0,10,23.0
32707091,Female,43.0,10,43.0
31849615,Male,21.0,10,21.0
32556326,Female,41.0,10,41.0
32327687,Male,123.0,10,
32020401,Female,123.0,10,
33022353,Male,123.0,10,
32776443,Male,123.0,10,
31647861,Male,41.0,10,41.0
32731391,Male,36.0,10,36.0
32579463,Male,22.0,10,22.0
31884419,Female,123.0,10,
32712323,Male,48.0,10,48.0
32558813,Male,24.0,10,24.0
32143885,Male,123.0,10,
32793873,Male,123.0,10,
32076869,Female,123.0,10,
32794517,Female,123.0,10,
31683463,Male,123.0,10,
32771893,Male,123.0,10,
32163901,Male,123.0,10,
33005021,Male,123.0,10,
32103659,Male,123.0,10,
32827963,Male,123.0,10,
31755899,Male,123.0,10,
32948013,Female,123.0,10,
32832121,Male,26.0,10,26.0
31593653,Female,25.0,10,25.0
32542881,Female,50.0,10,50.0
33038775,Female,26.0,10,26.0
32967235,Female,49.0,10,49.0
32782715,Female,123.0,10,
32462913,Male,123.0,10,
32544281,Female,123.0,10,
32768687,Female,123.0,10,
32447289,Male,123.0,10,
32880407,Female,123.0,10,
32177859,Male,123.0,10,
32469941,Female,123.0,10,
32142397,Male,123.0,10,
32033323,Male,123.0,10,
32672017,Male,123.0,10,
32344767,Male,23.0,10,23.0
31910543,Female,48.0,10,48.0
32042255,Female,45.0,10,45.0
31608535,Male,29.0,10,29.0
32655077,Male,123.0,10,
32668889,Male,31.0,10,31.0
31793363,Female,31.0,10,31.0
32178755,Male,21.0,10,21.0
32933271,Male,23.0,10,23.0
32634147,Male,41.0,10,41.0
32905301,Male,26.0,10,26.0
32894351,Female,25.0,10,25.0
32058117,Female,123.0,10,
32224647,Male,123.0,10,
32011259,Male,123.0,10,
32962097,Male,123.0,10,
32548825,Female,123.0,10,
32171769,Male,123.0,10,
31574585,Male,123.0,10,
32007941,Male,123.0,10,
32036375,Female,123.0,10,
31772405,Male,30.0,10,30.0
32244303,Male,25.0,10,25.0
32698911,Male,29.0,10,29.0
32070129,Female,23.0,10,23.0
31641925,Male,36.0,10,36.0
32078795,Male,29.0,10,29.0
32913489,Male,32.0,10,32.0
31698247,Female,26.0,10,26.0
32644633,Male,123.0,10,
31589859,Male,24.0,10,24.0
31727157,Male,123.0,10,
32460547,Male,123.0,10,
32898383,Male,123.0,10,
31568831,Male,123.0,10,
32295417,Female,123.0,10,
32014801,Female,123.0,10,
32978029,Male,27.0,10,27.0
32229457,Male,26.0,10,26.0
32587093,Male,40.0,10,40.0
32742437,Male,123.0,10,
32283615,Female,37.0,10,37.0
32867117,Male,25.0,10,25.0
31876215,Female,34.0,10,34.0
32461751,Male,46.0,10,46.0
32357031,Male,24.0,10,24.0
32604971,Female,123.0,10,
33023453,Female,123.0,10,
32293261,Female,123.0,10,
32580149,Male,123.0,10,
32715542,Female,123.0,10,
31782037,Male,123.0,10,
32715627,Male,18.0,10,18.0
31590839,Male,123.0,10,
33012315,Male,21.0,10,21.0
32372025,Male,50.0,10,50.0
32756837,Male,123.0,10,
32828284,Male,123.0,10,
32821027,Male,123.0,10,
32539045,Male,123.0,10,
32875326,Male,123.0,10,
31940192,Male,123.0,10,
31858183,Female,123.0,10,
32006443,Male,123.0,10,
31652033,Male,123.0,10,
32227867,Female,41.0,10,41.0
32304727,Male,23.0,10,23.0
31689705,Male,29.0,10,29.0
32217899,Female,20.0,10,20.0
31906665,Male,123.0,10,
31588193,Male,45.0,10,45.0
31616627,Male,34.0,10,34.0
31923395,Male,21.0,10,21.0
31616837,Male,123.0,10,
31581935,Male,123.0,10,
31772377,Male,123.0,10,
32619069,Male,123.0,10,
30768969,Male,37.0,11,37.0
31222793,Female,21.0,11,21.0
30932629,Male,31.0,11,31.0
30667049,Male,23.0,11,23.0
30829799,Male,20.0,11,20.0
31406879,Male,123.0,11,
31118199,Male,123.0,11,
31240069,Male,123.0,11,
30926651,Male,123.0,11,
30542945,Male,23.0,11,23.0
31063809,Male,41.0,11,41.0
31076213,Male,47.0,11,47.0
31475171,Female,123.0,11,
31358775,Male,21.0,11,21.0
30670815,Female,40.0,11,40.0
30794127,Male,23.0,11,23.0
31346357,Male,123.0,11,
30669065,Male,123.0,11,
30626709,Male,123.0,11,
31402021,Male,123.0,11,
31414915,Male,123.0,11,
31303811,Male,123.0,11,
31315473,Male,123.0,11,
30699368,Male,58.0,11,58.0
30710449,Male,123.0,11,
30623201,Male,36.0,11,36.0
31099355,Female,26.0,11,26.0
31224515,Male,52.0,11,52.0
31335239,Male,21.0,11,21.0
31507623,Male,123.0,11,
30760863,Female,123.0,11,
30946657,Female,123.0,11,
30687027,Male,123.0,11,
30611245,Male,123.0,11,
30799960,Male,123.0,11,
31511025,Male,30.0,11,30.0
30968665,Male,42.0,11,42.0
30829099,Female,27.0,11,27.0
30925587,Male,46.0,11,46.0
31236205,Female,24.0,11,24.0
31238977,Female,20.0,11,20.0
30936871,Male,123.0,11,
30561559,Male,123.0,11,
30700481,Male,123.0,11,
31422405,Male,123.0,11,
31065321,Male,123.0,11,
30892729,Female,47.0,11,47.0
30812677,Female,27.0,11,27.0
31150679,Male,20.0,11,20.0
30983320,Male,24.0,11,24.0
30902319,Female,24.0,11,24.0
30835497,Female,27.0,11,27.0
31271835,Female,44.0,11,44.0
30877385,Male,25.0,11,25.0
30955001,Male,123.0,11,
30910971,Male,123.0,11,
30929241,Male,123.0,11,
30814217,Male,26.0,11,26.0
31536785,Male,27.0,11,27.0
30885003,Male,39.0,11,39.0
30896523,Male,30.0,11,30.0
30887521,Male,123.0,11,
31177811,Female,40.0,11,40.0
31064033,Female,31.0,11,31.0
30615053,Female,123.0,11,
30558871,Male,123.0,11,
31326393,Female,123.0,11,
31102715,Male,123.0,11,
30600899,Female,28.0,11,28.0
31494855,Female,27.0,11,27.0
30868425,Male,30.0,11,30.0
31019135,Male,37.0,11,37.0
30915115,Male,31.0,11,31.0
30774919,Female,123.0,11,
30592821,Male,123.0,11,
30614479,Female,123.0,11,
30675040,Male,123.0,11,
30754115,Male,112.0,11,
31490683,Female,35.0,11,35.0
31248581,Female,22.0,11,22.0
31311693,Female,50.0,11,50.0
30539635,Male,27.0,11,27.0
30614759,Male,123.0,11,
30986277,Male,123.0,11,
30803311,Male,123.0,11,
30725107,Male,123.0,11,
31348149,Male,123.0,11,
31385798,Male,123.0,11,
30826383,Male,123.0,11,
31513531,Female,123.0,11,
31233111,Male,28.0,11,28.0
31491859,Male,29.0,11,29.0
30712927,Female,34.0,11,34.0
31376849,Male,123.0,11,
30885589,Male,123.0,11,
31520620,Male,123.0,11,
30873647,Female,123.0,11,
31044461,Male,123.0,11,
31380394,Female,25.0,11,25.0
30675393,Male,59.0,11,59.0
30743867,Male,42.0,11,42.0
30539299,Male,30.0,11,30.0
31521469,Female,25.0,11,25.0
31389421,Male,55.0,11,55.0
31300703,Male,32.0,11,32.0
31005930,Male,41.0,11,41.0
31208191,Male,123.0,11,
31234077,Male,123.0,11,
31166443,Male,123.0,11,
30898763,Female,123.0,11,
30558941,Male,123.0,11,
31483920,Female,37.0,11,37.0
30863455,Male,25.0,11,25.0
31127411,Male,22.0,11,22.0
30937081,Male,35.0,11,35.0
31356983,Male,123.0,11,
31185931,Male,123.0,11,
30822491,Female,123.0,11,
31514119,Female,123.0,11,
31272661,Male,123.0,11,
30871533,Male,27.0,11,27.0
30948281,Female,33.0,11,33.0
30796773,Female,43.0,11,43.0
30779133,Male,45.0,11,45.0
30625973,Male,51.0,11,51.0
30666503,Male,40.0,11,40.0
30728635,Male,72.0,11,72.0
31345894,Male,123.0,11,
31025911,Female,123.0,11,
30646469,Male,123.0,11,
30566333,Male,123.0,11,
31532445,Male,36.0,11,36.0
31463677,Female,24.0,11,24.0
30885113,Male,60.0,11,60.0
30677997,Male,30.0,11,30.0
31311665,Male,39.0,11,39.0
31433157,Female,34.0,11,34.0
31162817,Female,123.0,11,
31442131,Male,123.0,11,
31520195,Male,123.0,11,
30981507,Male,33.0,11,33.0
30577155,Female,116.0,11,
31099943,Male,29.0,11,29.0
30659895,Male,31.0,11,31.0
31110065,Male,23.0,11,23.0
31134043,Female,22.0,11,22.0
31366279,Male,18.0,11,18.0
30700887,Male,32.0,11,32.0
31428789,Male,123.0,11,
30627214,Male,123.0,11,
31493903,Male,123.0,11,
31380957,Female,123.0,11,
30680867,Male,123.0,11,
30803647,Male,123.0,11,
31468745,Male,123.0,11,
31379383,Male,123.0,11,
30988587,Female,30.0,11,30.0
31100153,Male,29.0,11,29.0
31170209,Female,30.0,11,30.0
30617335,Male,29.0,11,29.0
31063305,Male,27.0,11,27.0
30658789,Male,22.0,11,22.0
30601571,Male,123.0,11,
30858149,Female,123.0,11,
31078327,Male,123.0,11,
30859955,Male,123.0,11,
31178609,Male,123.0,11,
31391269,Female,33.0,11,33.0
31553067,Male,29.0,11,29.0
30827987,Male,123.0,11,
31377339,Male,123.0,11,
31530187,Male,123.0,11,
30746765,Female,36.0,11,36.0
31022775,Female,123.0,11,
30548931,Male,23.0,11,23.0
31415097,Male,123.0,11,
30561951,Female,123.0,11,
31142615,Male,123.0,11,
31115861,Female,123.0,11,
31294697,Male,123.0,11,
30789213,Female,30.0,11,30.0
31526607,Male,19.0,11,19.0
31165715,Female,22.0,11,22.0
31242813,Male,22.0,11,22.0
30832823,Male,123.0,11,
31085033,Male,123.0,11,
31386257,Male,123.0,11,
30710953,Male,123.0,11,
31456765,Male,123.0,11,
30756327,Female,123.0,11,
31439359,Male,25.0,11,25.0
31292807,Male,30.0,11,30.0
30852773,Male,47.0,11,47.0
31150749,Male,26.0,11,26.0
31132885,Male,30.0,11,30.0
31283049,Male,27.0,11,27.0
31351943,Male,47.0,11,47.0
31000523,Female,21.0,11,21.0
30711401,Male,123.0,11,
30720115,Female,123.0,11,
31441067,Male,123.0,11,
30750825,Male,22.0,11,22.0
30778265,Male,27.0,11,27.0
31536939,Male,32.0,11,32.0
30881893,Male,27.0,11,27.0
30906449,Male,30.0,11,30.0
31393425,Female,26.0,11,26.0
31191993,Male,32.0,11,32.0
31259907,Male,123.0,11,
31361911,Male,123.0,11,
30811935,Male,123.0,11,
30716595,Male,123.0,11,
31074043,Male,123.0,11,
30981573,Male,21.0,11,21.0
31253971,Female,24.0,11,24.0
30659055,Female,56.0,11,56.0
31422433,Male,20.0,11,20.0
30763201,Male,24.0,11,24.0
31207341,Male,27.0,11,27.0
31150777,Male,123.0,11,
31512957,Male,123.0,11,
31357792,Male,123.0,11,
30864729,Female,22.0,11,22.0
31345041,Female,41.0,11,41.0
31325161,Male,30.0,11,30.0
31084962,Male,28.0,11,28.0
30779287,Male,42.0,11,42.0
30658453,Female,23.0,11,23.0
30874193,Male,123.0,11,
31533663,Male,123.0,11,
30978535,Male,123.0,11,
31406543,Male,123.0,11,
31096527,Male,41.0,11,41.0
30674161,Female,27.0,11,27.0
30593605,Male,23.0,11,23.0
31511305,Male,23.0,11,23.0
31485377,Male,25.0,11,25.0
31157749,Male,99.0,11,
30702315,Male,123.0,11,
31442145,Male,123.0,11,
30785139,Female,123.0,11,
30668200,Female,22.0,11,22.0
31052217,Male,32.0,11,32.0
30939615,Male,26.0,11,26.0
30652391,Female,24.0,11,24.0
31042921,Male,25.0,11,25.0
31185357,Male,45.0,11,45.0
30668617,Male,33.0,11,33.0
31035529,Male,23.0,11,23.0
31548811,Male,123.0,11,
31492713,Male,123.0,11,
30663783,Male,123.0,11,
30054143,Female,42.0,12,42.0
30444925,Female,25.0,12,25.0
29697815,Male,34.0,12,34.0
30082129,Female,123.0,12,
30168313,Male,123.0,12,
29791587,Female,123.0,12,
30090025,Male,123.0,12,
29881215,Male,46.0,12,46.0
29798951,Male,123.0,12,
29783971,Female,60.0,12,60.0
30196621,Male,27.0,12,27.0
29899541,Female,29.0,12,29.0
30158583,Male,30.0,12,30.0
29801261,Female,123.0,12,
30459709,Female,123.0,12,
30411243,Female,123.0,12,
30212077,Male,58.0,12,58.0
29971473,Male,47.0,12,47.0
29735277,Male,27.0,12,27.0
30128945,Male,34.0,12,34.0
30489389,Female,123.0,12,
30486113,Male,33.0,12,33.0
29744841,Male,48.0,12,48.0
30113825,Female,25.0,12,25.0
30111501,Male,26.0,12,26.0
30254572,Male,123.0,12,
30348731,Male,123.0,12,
30309095,Male,23.0,12,23.0
30081905,Male,123.0,12,
29955835,Female,36.0,12,36.0
30264325,Female,41.0,12,41.0
29989107,Female,59.0,12,59.0
30158233,Male,123.0,12,
30115715,Male,123.0,12,
29834721,Male,123.0,12,
30387604,Male,38.0,12,38.0
30435321,Female,30.0,12,30.0
30001951,Male,49.0,12,49.0
30136701,Female,25.0,12,25.0
29757763,Male,27.0,12,27.0
29735293,Male,29.0,12,29.0
30002483,Female,123.0,12,
29965285,Male,123.0,12,
30433545,Male,123.0,12,
30155685,Female,35.0,12,35.0
30147971,Male,46.0,12,46.0
30438145,Male,25.0,12,25.0
30412879,Male,48.0,12,48.0
29916145,Male,24.0,12,24.0
30221163,Female,23.0,12,23.0
30490523,Male,123.0,12,
29807463,Male,123.0,12,
30156063,Female,123.0,12,
29832663,Male,123.0,12,
29680721,Male,123.0,12,
30194799,Male,123.0,12,
30049117,Male,30.0,12,30.0
29801023,Female,25.0,12,25.0
29867117,Female,27.0,12,27.0
29909808,Female,28.0,12,28.0
30019003,Female,23.0,12,23.0
29778735,Male,31.0,12,31.0
30085867,Male,123.0,12,
30326135,Female,123.0,12,
30420705,Male,16.0,12,16.0
29879199,Female,36.0,12,36.0
29804355,Male,28.0,12,28.0
29686307,Male,18.0,12,18.0
30298555,Male,27.0,12,27.0
30268595,Female,33.0,12,33.0
29775739,Female,123.0,12,
30327591,Female,123.0,12,
30074443,Male,123.0,12,
29940211,Male,123.0,12,
30434635,Male,123.0,12,
30407979,Male,26.0,12,26.0
30166782,Female,58.0,12,58.0
30116345,Male,29.0,12,29.0
29863827,Female,61.0,12,61.0
29963689,Male,123.0,12,
30288674,Male,123.0,12,
29840521,Male,123.0,12,
29952755,Male,123.0,12,
29950207,Male,123.0,12,
30364088,Female,26.0,12,26.0
29792637,Male,27.0,12,27.0
29787163,Male,66.0,12,66.0
30197797,Male,123.0,12,
29988259,Male,123.0,12,
30303637,Male,123.0,12,
29954351,Male,123.0,12,
30525593,Female,123.0,12,
30398683,Male,123.0,12,
29701231,Male,123.0,12,
30239839,Male,123.0,12,
30047087,Male,123.0,12,
29822975,Male,32.0,12,32.0
30505685,Male,22.0,12,22.0
29785483,Female,32.0,12,32.0
29833657,Female,34.0,12,34.0
30181935,Female,27.0,12,27.0
30511943,Male,22.0,12,22.0
30116429,Male,123.0,12,
30306073,Male,123.0,12,
29906807,Male,123.0,12,
29985837,Male,20.0,12,20.0
30264815,Female,45.0,12,45.0
29962849,Male,48.0,12,48.0
30079567,Male,123.0,12,
30310959,Female,123.0,12,
30303161,Male,123.0,12,
29995021,Male,123.0,12,
30042901,Female,23.0,12,23.0
30215787,Female,35.0,12,35.0
29904819,Female,23.0,12,23.0
30197335,Male,29.0,12,29.0
30094827,Female,33.0,12,33.0
30289021,Female,123.0,12,
30189579,Male,123.0,12,
30494653,Male,123.0,12,
30170833,Male,123.0,12,
30205525,Male,123.0,12,
29850359,Male,123.0,12,
29785679,Male,123.0,12,
29749839,Male,123.0,12,
29797663,Male,31.0,12,31.0
30293137,Male,26.0,12,26.0
29957543,Male,27.0,12,27.0
30390115,Male,123.0,12,
29900087,Male,23.0,12,23.0
30487303,Male,123.0,12,
30159428,Male,123.0,12,
29938652,Male,123.0,12,
30397269,Female,43.0,12,43.0
30218811,Male,55.0,12,55.0
29755355,Male,123.0,12,
29689401,Male,123.0,12,
29982211,Male,123.0,12,
30034235,Male,123.0,12,
30282399,Male,123.0,12,
30435629,Male,123.0,12,
30338511,Female,123.0,12,
30103332,Male,123.0,12,
30062515,Female,29.0,12,29.0
30133901,Female,45.0,12,45.0
30066869,Male,28.0,12,28.0
29888321,Male,26.0,12,26.0
30423729,Female,24.0,12,24.0
29923481,Male,123.0,12,
29699117,Female,123.0,12,
29791293,Male,26.0,12,26.0
30525089,Male,26.0,12,26.0
29861867,Female,20.0,12,20.0
30055973,Male,50.0,12,50.0
30173367,Male,29.0,12,29.0
30021901,Male,19.0,12,19.0
29846747,Male,123.0,12,
29894487,Male,123.0,12,
29800127,Male,123.0,12,
30266873,Female,123.0,12,
30130261,Male,123.0,12,
30386993,Male,123.0,12,
30347947,Male,123.0,12,
30135721,Male,123.0,12,
30285829,Female,40.0,12,40.0
29775389,Male,26.0,12,26.0
30412039,Male,123.0,12,
30142259,Male,123.0,12,
30004597,Male,123.0,12,
29855875,Male,123.0,12,
30413999,Female,123.0,12,
30188823,Male,123.0,12,
30157799,Male,123.0,12,
29934023,Female,21.0,12,21.0
30526923,Male,20.0,12,20.0
30126159,Female,30.0,12,30.0
29682331,Male,31.0,12,31.0
30190041,Male,123.0,12,
29853481,Male,22.0,12,22.0
30514701,Male,27.0,12,27.0
30060723,Male,123.0,12,
30171113,Male,123.0,12,
30402029,Male,123.0,12,
30459415,Female,123.0,12,
30155419,Male,123.0,12,
30382289,Male,123.0,12,
29856995,Female,123.0,12,
30124913,Male,26.0,12,26.0
30102490,Male,24.0,12,24.0
30510781,Male,43.0,12,43.0
30347996,Male,38.0,12,38.0
29800057,Male,32.0,12,32.0
30022394,Male,101.0,12,
29983751,Female,62.0,12,62.0
29741929,Male,123.0,12,
30057419,Female,123.0,12,
29678845,Male,123.0,12,
29903601,Male,123.0,12,
30045267,Male,123.0,12,
30267734,Male,25.0,12,25.0
30119579,Male,29.0,12,29.0
30057083,Male,25.0,12,25.0
30088541,Male,24.0,12,24.0
30459331,Male,28.0,12,28.0
29862847,Male,123.0,12,
30250185,Male,23.0,12,23.0
30080785,Male,26.0,12,26.0
30389765,Female,45.0,12,45.0
30505041,Female,123.0,12,
29701679,Male,123.0,12,
30298947,Male,123.0,12,
29855329,Male,30.0,12,30.0
29760619,Female,31.0,12,31.0
30443819,Male,123.0,12,
30251431,Female,123.0,12,
30465729,Male,123.0,12,
30248001,Male,123.0,12,
30491881,Female,123.0,12,
29222697,Male,26.0,13,26.0
29417983,Female,45.0,13,45.0
29488361,Male,41.0,13,41.0
29067927,Male,22.0,13,22.0
29135939,Male,123.0,13,
29384719,Female,123.0,13,
29386973,Male,123.0,13,
29023953,Male,117.0,13,
29027271,Male,19.0,13,19.0
29380897,Male,123.0,13,
29518607,Female,45.0,13,45.0
29223845,Male,51.0,13,51.0
29272117,Female,42.0,13,42.0
29515633,Male,28.0,13,28.0
29477441,Male,23.0,13,23.0
28925765,Male,30.0,13,30.0
29654247,Male,40.0,13,40.0
29180039,Male,123.0,13,
29363383,Female,123.0,13,
29148846,Male,123.0,13,
29213009,Male,123.0,13,
29502342,Male,123.0,13,
28983997,Male,123.0,13,
29367648,Male,52.0,13,52.0
29107057,Female,27.0,13,27.0
29325569,Female,28.0,13,28.0
29674561,Female,33.0,13,33.0
29628165,Female,52.0,13,52.0
29066443,Male,5.0,13,
29484917,Male,5.0,13,
29397445,Male,25.0,13,25.0
29434055,Male,23.0,13,23.0
28928543,Female,30.0,13,30.0
29028615,Male,5.0,13,
29107813,Male,5.0,13,
29445815,Male,5.0,13,
29655997,Male,123.0,13,
29628739,Male,123.0,13,
29580887,Female,123.0,13,
29623055,Male,123.0,13,
29108219,Male,5.0,13,
29395485,Male,5.0,13,
28989877,Male,123.0,13,
29456931,Male,123.0,13,
29144255,Female,29.0,13,29.0
29079981,Female,32.0,13,32.0
29377971,Male,31.0,13,31.0
29658181,Female,31.0,13,31.0
29033193,Female,22.0,13,22.0
29278655,Female,25.0,13,25.0
29580397,Male,34.0,13,34.0
29493289,Male,23.0,13,23.0
29308685,Female,40.0,13,40.0
29474095,Male,5.0,13,
29424675,Male,5.0,13,
29666483,Male,123.0,13,
29484707,Male,123.0,13,
29175567,Female,46.0,13,46.0
29160369,Female,5.0,13,
29603455,Female,22.0,13,22.0
29096725,Female,41.0,13,41.0
29222151,Male,25.0,13,25.0
29403927,Male,24.0,13,24.0
29149855,Male,5.0,13,
29087191,Male,123.0,13,
29195257,Male,123.0,13,
29191925,Male,25.0,13,25.0
29228536,Male,26.0,13,26.0
29375311,Male,5.0,13,
29565375,Male,5.0,13,
29012025,Male,123.0,13,
29270367,Male,123.0,13,
29014209,Male,123.0,13,
29380001,Male,123.0,13,
29018759,Male,42.0,13,42.0
29221157,Female,39.0,13,39.0
28993517,Female,31.0,13,31.0
29300677,Male,5.0,13,
29141875,Male,5.0,13,
29485253,Male,123.0,13,
29254176,Male,27.0,13,27.0
29589595,Female,29.0,13,29.0
29524985,Male,23.0,13,23.0
29189153,Female,24.0,13,24.0
29362585,Male,34.0,13,34.0
29301097,Male,123.0,13,
29023827,Male,123.0,13,
29457533,Male,123.0,13,
29207633,Male,123.0,13,
29391383,Female,70.0,13,70.0
29045975,Female,27.0,13,27.0
29514177,Male,20.0,13,20.0
29145739,Male,18.0,13,18.0
29092777,Male,5.0,13,
29611715,Male,123.0,13,
29507121,Male,123.0,13,
29522325,Male,123.0,13,
29344105,Male,123.0,13,
29442343,Female,32.0,13,32.0
29024723,Male,5.0,13,
29613493,Male,123.0,13,
29264081,Male,123.0,13,
29432753,Male,123.0,13,
29445395,Male,123.0,13,
29610038,Male,123.0,13,
29143247,Male,24.0,13,24.0
29540231,Female,27.0,13,27.0
29506491,Female,23.0,13,23.0
29491595,Female,23.0,13,23.0
29171317,Male,26.0,13,26.0
29657915,Female,36.0,13,36.0
29364685,Male,5.0,13,
29044253,Male,5.0,13,
29464687,Male,5.0,13,
29065127,Male,5.0,13,
29283555,Male,5.0,13,
29342864,Female,123.0,13,
29439459,Male,123.0,13,
29643845,Male,123.0,13,
29253147,Male,24.0,13,24.0
29384593,Male,5.0,13,
29239539,Male,5.0,13,
29592129,Male,123.0,13,
29521866,Male,123.0,13,
28926755,Male,123.0,13,
29395042,Male,123.0,13,
29195299,Male,28.0,13,28.0
29051169,Male,24.0,13,24.0
29558445,Male,33.0,13,33.0
28966525,Female,35.0,13,35.0
29281315,Male,5.0,13,
29464057,Male,5.0,13,
29428599,Male,5.0,13,
29192961,Male,123.0,13,
29249940,Male,123.0,13,
28946811,Female,123.0,13,
28985859,Male,33.0,13,33.0
29598709,Male,39.0,13,39.0
29610609,Male,57.0,13,57.0
28923830,Male,45.0,13,45.0
29591219,Male,31.0,13,31.0
29453165,Female,30.0,13,30.0
29363201,Male,29.0,13,29.0
29485349,Female,34.0,13,34.0
29143793,Male,5.0,13,
29151684,Male,5.0,13,
28978691,Male,123.0,13,
29461733,Female,123.0,13,
29258537,Female,123.0,13,
29458639,Male,23.0,13,23.0
29644475,Female,19.0,13,19.0
29185919,Female,55.0,13,55.0
29370605,Female,45.0,13,45.0
29641437,Male,40.0,13,40.0
29200577,Male,45.0,13,45.0
29379441,Male,23.0,13,23.0
29169889,Male,5.0,13,
28928921,Male,123.0,13,
29445605,Male,123.0,13,
29108247,Female,25.0,13,25.0
29629243,Male,27.0,13,27.0
29272425,Male,28.0,13,28.0
29339457,Female,39.0,13,39.0
29257333,Female,24.0,13,24.0
29555001,Male,25.0,13,25.0
29186395,Male,5.0,13,
29560489,Male,123.0,13,
29542709,Female,24.0,13,24.0
29649641,Male,25.0,13,25.0
29036707,Male,38.0,13,38.0
29369459,Female,39.0,13,39.0
28962675,Female,33.0,13,33.0
29151557,Male,123.0,13,
29283527,Male,123.0,13,
29397614,Male,22.0,13,22.0
29619247,Female,31.0,13,31.0
29046157,Female,21.0,13,21.0
29496831,Male,34.0,13,34.0
28985831,Female,29.0,13,29.0
29505959,Male,5.0,13,
29119265,Male,5.0,13,
29653421,Male,123.0,13,
29673371,Female,123.0,13,
28996485,Male,123.0,13,
29423737,Male,123.0,13,
28981869,Female,26.0,13,26.0
29074857,Male,34.0,13,34.0
29104215,Female,47.0,13,47.0
29540220,Female,36.0,13,36.0
29061067,Male,5.0,13,
29395079,Male,5.0,13,
29489903,Male,123.0,13,
28938399,Female,123.0,13,
29613031,Male,123.0,13,
29025899,Male,123.0,13,
29251691,Female,123.0,13,
28994507,Male,123.0,13,
29310309,Male,123.0,13,
29042517,Male,51.0,13,51.0
28992355,Female,34.0,13,34.0
28933107,Male,28.0,13,28.0
29465006,Male,29.0,13,29.0
28956879,Male,5.0,13,
29322041,Male,123.0,13,
29265859,Male,123.0,13,
29508031,Male,123.0,13,
29085762,Male,123.0,13,
29455461,Male,22.0,13,22.0
29509939,Female,26.0,13,26.0
28947633,Female,65.0,13,65.0
28980665,Female,35.0,13,35.0
29330903,Male,27.0,13,27.0
28950789,Male,23.0,13,23.0
29430063,Male,25.0,13,25.0
29365567,Male,5.0,13,
29025871,Male,5.0,13,
29131907,Male,123.0,13,
29420531,Male,123.0,13,
28238539,Female,123.0,14,
28685397,Male,27.0,14,27.0
28771743,Male,26.0,14,26.0
28514255,Female,22.0,14,22.0
28774613,Male,26.0,14,26.0
28526113,Male,23.0,14,23.0
28567959,Male,29.0,14,29.0
28210693,Male,5.0,14,
28791637,Male,123.0,14,
28483964,Male,123.0,14,
28149765,Male,46.0,14,46.0
28736631,Male,27.0,14,27.0
28536249,Male,30.0,14,30.0
28507619,Male,21.0,14,21.0
28704641,Female,25.0,14,25.0
28186067,Male,123.0,14,
28644343,Male,123.0,14,
28822165,Male,123.0,14,
28222131,Male,24.0,14,24.0
28138649,Male,46.0,14,46.0
28472115,Male,38.0,14,38.0
28712439,Male,36.0,14,36.0
28413553,Male,25.0,14,25.0
28875175,Male,5.0,14,
28632491,Male,123.0,14,
28431865,Female,123.0,14,
28881363,Female,28.0,14,28.0
28909835,Female,35.0,14,35.0
28306313,Male,40.0,14,40.0
28451857,Male,27.0,14,27.0
28233933,Male,24.0,14,24.0
28818979,Male,123.0,14,
28434511,Male,123.0,14,
28394415,Female,123.0,14,
28371735,Female,123.0,14,
28650951,Male,123.0,14,
28858459,Male,123.0,14,
28314013,Female,123.0,14,
28210721,Female,123.0,14,
28708155,Male,27.0,14,27.0
28411257,Male,101.0,14,
28603505,Male,25.0,14,25.0
28602539,Female,36.0,14,36.0
28676431,Male,5.0,14,
28367017,Male,5.0,14,
28461475,Male,5.0,14,
28657601,Male,5.0,14,
28839167,Male,123.0,14,
28336609,Male,123.0,14,
28346717,Male,123.0,14,
28304381,Female,49.0,14,49.0
28251041,Female,26.0,14,26.0
28267225,Male,60.0,14,60.0
28316477,Male,30.0,14,30.0
28529585,Male,123.0,14,
28350399,Male,123.0,14,
28171157,Female,123.0,14,
28420119,Male,123.0,14,
28411593,Male,34.0,14,34.0
28373807,Male,25.0,14,25.0
28215929,Female,29.0,14,29.0
28255885,Female,40.0,14,40.0
28703087,Female,26.0,14,26.0
28423787,Male,5.0,14,
28462105,Male,123.0,14,
28788509,Female,123.0,14,
28865977,Male,123.0,14,
28423997,Male,32.0,14,32.0
28373583,Female,51.0,14,51.0
28721987,Female,30.0,14,30.0
28546595,Male,46.0,14,46.0
28871613,Female,20.0,14,20.0
28670202,Male,5.0,14,
28347179,Male,5.0,14,
28720419,Female,123.0,14,
28578193,Male,123.0,14,
28715197,Male,123.0,14,
28889833,Male,22.0,14,22.0
28413007,Male,31.0,14,31.0
28684089,Male,23.0,14,23.0
28241269,Male,121.0,14,
28124369,Male,123.0,14,
28300034,Male,123.0,14,
28917273,Male,37.0,14,37.0
28753039,Female,44.0,14,44.0
28527625,Female,39.0,14,39.0
28365393,Female,23.0,14,23.0
28604177,Male,34.0,14,34.0
28635705,Male,37.0,14,37.0
28484827,Male,29.0,14,29.0
28180005,Male,123.0,14,
28241759,Female,50.0,14,50.0
28757743,Female,43.0,14,43.0
28562499,Male,33.0,14,33.0
28905107,Female,35.0,14,35.0
28403515,Male,37.0,14,37.0
28918813,Female,26.0,14,26.0
28184331,Female,32.0,14,32.0
28707539,Male,23.0,14,23.0
28467565,Male,123.0,14,
28505253,Female,36.0,14,36.0
28203721,Male,5.0,14,
28655683,Male,5.0,14,
28823599,Male,123.0,14,
28291557,Female,123.0,14,
28546469,Male,123.0,14,
28187341,Male,123.0,14,
28205653,Female,123.0,14,
28586860,Male,123.0,14,
28615125,Female,20.0,14,20.0
28361207,Male,30.0,14,30.0
28486983,Male,38.0,14,38.0
28392623,Male,29.0,14,29.0
28821527,Female,31.0,14,31.0
28122745,Male,34.0,14,34.0
28317499,Female,39.0,14,39.0
28160559,Male,44.0,14,44.0
28284739,Female,39.0,14,39.0
28344407,Male,5.0,14,
28555555,Male,5.0,14,
28272657,Male,5.0,14,
28815815,Male,5.0,14,
28332731,Male,123.0,14,
28273431,Male,123.0,14,
28213297,Male,123.0,14,
28654773,Male,35.0,14,35.0
28490189,Female,22.0,14,22.0
28909069,Male,123.0,14,
28472997,Male,27.0,14,27.0
28815577,Female,30.0,14,30.0
28148253,Male,57.0,14,57.0
28281953,Male,34.0,14,34.0
28712327,Male,28.0,14,28.0
28177723,Male,5.0,14,
28174223,Female,123.0,14,
28209111,Male,123.0,14,
28644133,Female,44.0,14,44.0
28291459,Female,139.0,14,
28201341,Male,48.0,14,48.0
28323337,Female,123.0,14,
28301847,Male,21.0,14,21.0
28590933,Male,27.0,14,27.0
28457513,Male,31.0,14,31.0
28116081,Male,5.0,14,
28321965,Male,123.0,14,
28193907,Male,123.0,14,
28686021,Male,123.0,14,
28574917,Female,123.0,14,
28405251,Male,123.0,14,
28197264,Female,17.0,14,17.0
28848225,Male,22.0,14,22.0
28300727,Female,21.0,14,21.0
28116795,Male,123.0,14,
28837851,Male,123.0,14,
28562695,Female,123.0,14,
28683179,Male,123.0,14,
28172557,Female,26.0,14,26.0
28455847,Male,36.0,14,36.0
28753669,Male,31.0,14,31.0
28279895,Male,25.0,14,25.0
28161931,Male,41.0,14,41.0
28242375,Male,5.0,14,
28396445,Male,5.0,14,
28906185,Male,5.0,14,
28692769,Male,5.0,14,
28702387,Male,5.0,14,
28894411,Male,5.0,14,
28361795,Male,123.0,14,
28232841,Female,123.0,14,
28774445,Male,123.0,14,
28697473,Male,123.0,14,
28836969,Male,123.0,14,
28344771,Female,123.0,14,
28184541,Female,123.0,14,
28211645,Female,42.0,14,42.0
28635369,Male,22.0,14,22.0
28805777,Male,26.0,14,26.0
28581441,Female,46.0,14,46.0
28473333,Female,35.0,14,35.0
28901649,Male,5.0,14,
28239323,Female,123.0,14,
28491099,Female,123.0,14,
28669585,Male,123.0,14,
28416521,Male,123.0,14,
28897575,Female,123.0,14,
28630511,Male,22.0,14,22.0
28742973,Male,35.0,14,35.0
28169855,Female,20.0,14,20.0
28792505,Female,24.0,14,24.0
28320985,Male,30.0,14,30.0
28772359,Male,5.0,14,
28693301,Male,5.0,14,
28832083,Male,123.0,14,
28169826,Male,123.0,14,
28678265,Male,123.0,14,
28369565,Male,123.0,14,
28631897,Female,26.0,14,26.0
28782131,Male,75.0,14,75.0
28868511,Male,21.0,14,21.0
28252665,Female,44.0,14,44.0
28863275,Male,5.0,14,
28271481,Male,5.0,14,
28837795,Male,123.0,14,
28127211,Male,123.0,14,
28680107,Male,123.0,14,
28895965,Male,40.0,14,40.0
28826175,Female,123.0,14,
28123991,Male,23.0,14,23.0
28304913,Female,43.0,14,43.0
28403347,Female,30.0,14,30.0
28834547,Male,41.0,14,41.0
28303779,Female,5.0,14,
28420875,Male,123.0,14,
28876953,Male,27.0,14,27.0
28697123,Male,24.0,14,24.0
28576205,Female,21.0,14,21.0
28775761,Male,30.0,14,30.0
28482419,Male,27.0,14,27.0
28530859,Male,123.0,14,
28347641,Male,5.0,14,
28197227,Male,123.0,14,
28327089,Female,123.0,14,
28546189,Male,123.0,14,
28818111,Male,123.0,14,
28651707,Male,123.0,14,
28611051,Male,123.0,14,
28816613,Female,30.0,14,30.0
28607747,Male,34.0,14,34.0
28498113,Male,34.0,14,34.0
28832279,Male,31.0,14,31.0
28871773,Male,5.0,14,
28686301,Male,5.0,14,
28331401,Male,5.0,14,
28772681,Male,123.0,14,
28354291,Female,123.0,14,
28906045,Female,123.0,14,
28780577,Male,123.0,14,
28518861,Male,123.0,14,
28446554,Male,123.0,14,
28322371,Female,33.0,14,33.0
28221683,Female,28.0,14,28.0
28284165,Male,44.0,14,44.0
28197449,Male,5.0,14,
28712887,Male,5.0,14,
28271705,Male,5.0,14,
28341243,Male,123.0,14,
26237239,Male,30.0,15,30.0
26915637,Female,20.0,15,20.0
26109377,Male,36.0,15,36.0
26225591,Male,23.0,15,23.0
25924885,Male,31.0,15,31.0
26480797,Female,51.0,15,51.0
26399960,Female,38.0,15,38.0
27416025,Male,37.0,15,37.0
25862865,Male,27.0,15,27.0
27486739,Female,32.0,15,32.0
26716515,Female,18.0,15,18.0
26050101,Female,23.0,15,23.0
28071295,Female,34.0,15,34.0
26456577,Male,22.0,15,22.0
27737479,Male,5.0,15,15.0
28050743,Male,5.0,15,15.0
25864419,Male,5.0,15,15.0
25666179,Male,5.0,15,15.0
25994843,Male,5.0,15,15.0
26604753,Male,5.0,15,15.0
26823139,Male,5.0,15,15.0
25810365,Male,123.0,15,15.0
26114347,Female,123.0,15,15.0
26578475,Female,123.0,15,15.0
26605565,Female,123.0,15,15.0
27755833,Female,123.0,15,15.0
25850769,Male,123.0,15,15.0
27578775,Male,123.0,15,15.0
26745554,Male,123.0,15,15.0
26771745,Male,123.0,15,15.0
26715927,Male,123.0,15,15.0
27284803,Male,123.0,15,15.0
26587659,Female,123.0,15,15.0
27593979,Female,23.0,15,23.0
25762177,Female,51.0,15,51.0
26858111,Female,29.0,15,29.0
26860043,Male,19.0,15,19.0
26913873,Male,23.0,15,23.0
25711917,Male,30.0,15,30.0
27776189,Female,39.0,15,39.0
28035525,Male,22.0,15,22.0
26042374,Female,43.0,15,43.0
25713163,Female,36.0,15,36.0
26321491,Female,23.0,15,23.0
27791435,Female,44.0,15,44.0
27303157,Male,24.0,15,24.0
26787145,Male,23.0,15,23.0
27559515,Female,33.0,15,33.0
26719667,Male,24.0,15,24.0
26740091,Male,37.0,15,37.0
25987059,Male,35.0,15,35.0
28049091,Male,27.0,15,27.0
28040467,Male,56.0,15,56.0
26847177,Male,5.0,15,15.0
27398651,Male,5.0,15,15.0
26709053,Male,5.0,15,15.0
28085715,Male,123.0,15,15.0
25866337,Male,123.0,15,15.0
27109565,Female,123.0,15,15.0
28006167,Female,123.0,15,15.0
25993653,Male,123.0,15,15.0
26008857,Male,35.0,15,35.0
26381439,Female,30.0,15,30.0
25643583,Male,22.0,15,22.0
27311090,Male,25.0,15,25.0
25855893,Male,21.0,15,21.0
26005175,Male,24.0,15,24.0
26996389,Female,26.0,15,26.0
27196141,Female,43.0,15,43.0
26182387,Female,35.0,15,35.0
26940151,Female,38.0,15,38.0
27243657,Male,26.0,15,26.0
27234907,Female,27.0,15,27.0
27198921,Female,19.0,15,19.0
27185627,Male,123.0,15,15.0
27924451,Male,23.0,15,23.0
26224709,Male,39.0,15,39.0
26138423,Male,39.0,15,39.0
27291635,Male,25.0,15,25.0
27393345,Female,19.0,15,19.0
26324249,Male,5.0,15,15.0
25667887,Male,5.0,15,15.0
27983417,Male,123.0,15,15.0
26703957,Male,123.0,15,15.0
27981345,Female,123.0,15,15.0
26729059,Male,123.0,15,15.0
27151495,Male,123.0,15,15.0
27380731,Male,123.0,15,15.0
27060229,Male,123.0,15,15.0
26526269,Female,123.0,15,15.0
25855326,Female,123.0,15,15.0
26857747,Male,123.0,15,15.0
26201119,Female,123.0,15,15.0
27439713,Male,123.0,15,15.0
26915707,Male,123.0,15,15.0
25771459,Male,123.0,15,15.0
26259289,Male,123.0,15,15.0
27075727,Male,123.0,15,15.0
27831713,Male,43.0,15,43.0
25869389,Female,40.0,15,40.0
27307945,Male,30.0,15,30.0
25747995,Female,27.0,15,27.0
25635505,Male,24.0,15,24.0
27321077,Male,46.0,15,46.0
26068357,Male,31.0,15,31.0
25750781,Male,31.0,15,31.0
26792761,Male,30.0,15,30.0
27400919,Male,28.0,15,28.0
27842311,Male,5.0,15,15.0
27311487,Female,46.0,15,46.0
27625423,Male,23.0,15,23.0
26318691,Male,28.0,15,28.0
26451481,Female,22.0,15,22.0
27289390,Female,28.0,15,28.0
27630813,Male,33.0,15,33.0
26018400,Female,24.0,15,24.0
26309997,Female,26.0,15,26.0
27898339,Male,27.0,15,27.0
26722829,Female,21.0,15,21.0
26430845,Male,5.0,15,15.0
28037623,Male,5.0,15,15.0
27841387,Male,5.0,15,15.0
27459775,Male,5.0,15,15.0
26261249,Male,5.0,15,15.0
26901665,Male,123.0,15,15.0
27475651,Male,123.0,15,15.0
25819073,Male,123.0,15,15.0
27691195,Female,123.0,15,15.0
27277159,Male,123.0,15,15.0
26077863,Female,123.0,15,15.0
26900223,Male,123.0,15,15.0
25631179,Male,123.0,15,15.0
26510921,Male,123.0,15,15.0
26087299,Male,123.0,15,15.0
26382349,Female,24.0,15,24.0
27760635,UNKNOWN,24.0,15,24.0
27647368,Male,32.0,15,32.0
26452405,Female,29.0,15,29.0
27993032,Male,42.0,15,42.0
26404735,Female,34.0,15,34.0
26864735,Male,23.0,15,23.0
27127205,Female,23.0,15,23.0
27155723,Female,27.0,15,27.0
27037703,Female,36.0,15,36.0
26547759,Male,26.0,15,26.0
27419077,Male,123.0,15,15.0
26580785,Male,38.0,15,38.0
27139735,Male,27.0,15,27.0
27503973,Male,23.0,15,23.0
26843873,Male,24.0,15,24.0
26257091,Male,5.0,15,15.0
26002571,Female,5.0,15,15.0
26114137,Male,5.0,15,15.0
27270285,Male,5.0,15,15.0
25817897,Female,123.0,15,15.0
26281927,Male,123.0,15,15.0
25794517,Male,123.0,15,15.0
27005811,Male,123.0,15,15.0
27263985,Male,123.0,15,15.0
26166455,Female,123.0,15,15.0
26723515,Male,123.0,15,15.0
26928657,Female,123.0,15,15.0
25808699,Male,123.0,15,15.0
26522307,Female,123.0,15,15.0
26682649,Male,123.0,15,15.0
25948825,Male,123.0,15,15.0
25681993,Male,123.0,15,15.0
25764207,Female,123.0,15,15.0
25905720,Male,123.0,15,15.0
27843613,Male,123.0,15,15.0
26614973,Female,123.0,15,15.0
26202491,Male,39.0,15,39.0
27426623,Female,55.0,15,55.0
26049275,Male,24.0,15,24.0
27245015,Male,28.0,15,28.0
26045299,Male,34.0,15,34.0
27523573,Male,46.0,15,46.0
26423607,Female,123.0,15,15.0
26778017,Male,29.0,15,29.0
27499689,Male,22.0,15,22.0
26537245,Male,34.0,15,34.0
26879629,Male,20.0,15,20.0
27246877,Female,31.0,15,31.0
26411273,Female,31.0,15,31.0
26710019,Male,54.0,15,54.0
26259933,Male,5.0,15,15.0
26449605,Male,5.0,15,15.0
27262467,Male,5.0,15,15.0
26258267,Male,5.0,15,15.0
26895223,Male,5.0,15,15.0
25951821,Male,5.0,15,15.0
26139603,Male,123.0,15,15.0
26335939,Male,123.0,15,15.0
25992995,Female,123.0,15,15.0
25885671,Male,123.0,15,15.0
25636989,Male,123.0,15,15.0
26623457,Male,123.0,15,15.0
27158285,Female,123.0,15,15.0
26584915,Male,123.0,15,15.0
26133219,Male,123.0,15,15.0
27162191,Male,123.0,15,15.0
27824772,Female,123.0,15,15.0
26946759,Female,123.0,15,15.0
26520669,Male,123.0,15,15.0
26213383,Female,123.0,15,15.0
26146937,Female,22.0,15,22.0
25871363,Male,23.0,15,23.0
25775155,Male,39.0,15,39.0
25813277,Male,50.0,15,50.0
25640783,Male,41.0,15,41.0
27414975,Female,22.0,15,22.0
26120465,Female,26.0,15,26.0
26990327,Female,51.0,15,51.0
26129271,Male,27.0,15,27.0
27313405,Male,42.0,15,42.0
26085773,Male,27.0,15,27.0
25808237,Male,23.0,15,23.0
26083827,Female,43.0,15,43.0
25699457,Male,22.0,15,22.0
27750177,Male,43.0,15,43.0
26126849,Male,37.0,15,37.0
27637939,Male,28.0,15,28.0
27128003,Male,5.0,15,15.0
26213201,Male,5.0,15,15.0
25956245,Male,123.0,15,15.0
27383643,Male,123.0,15,15.0
26018517,Male,123.0,15,15.0
25868555,Male,123.0,15,15.0
26642021,Male,123.0,15,15.0
27150263,Male,123.0,15,15.0
27707169,Female,123.0,15,15.0
26436655,Male,123.0,15,15.0
26413163,Male,123.0,15,15.0
26696677,Male,123.0,15,15.0
26598271,Male,123.0,15,15.0
27672463,Male,123.0,15,15.0
26090449,Female,38.0,15,38.0
27615483,Male,43.0,15,43.0
26107417,Male,29.0,15,29.0
25701319,Male,22.0,15,22.0
26033623,Female,123.0,15,15.0
27051192,Male,23.0,15,23.0
25880913,Female,34.0,15,34.0
27685847,Male,30.0,15,30.0
26426189,Female,18.0,15,18.0
26629911,Female,24.0,15,24.0
26069095,Male,22.0,15,22.0
26993127,Male,28.0,15,28.0
26696985,Female,39.0,15,39.0
26804925,Female,45.0,15,45.0
27473341,Male,29.0,15,29.0
26132435,Male,18.0,15,18.0
26875611,Male,48.0,15,48.0
27171991,Female,27.0,15,27.0
26736131,Male,31.0,15,31.0
26696201,Male,32.0,15,32.0
27753971,Male,5.0,15,15.0
26358633,Male,5.0,15,15.0
27706595,Male,5.0,15,15.0
28060977,Male,5.0,15,15.0
25751621,Male,5.0,15,15.0
26129349,Male,5.0,15,15.0
26891921,Male,5.0,15,15.0
26842501,Female,123.0,15,15.0
26169969,Male,123.0,15,15.0
27630057,Male,123.0,15,15.0
26975109,Female,123.0,15,15.0
25999169,Male,123.0,15,15.0
25796637,Male,123.0,15,15.0
26795343,Male,123.0,15,15.0
26720085,Male,29.0,15,29.0
27255529,Female,46.0,15,46.0
26759201,Female,26.0,15,26.0
27380214,Female,35.0,15,35.0
26617633,Male,123.0,15,15.0
26767864,Male,47.0,15,47.0
27629553,Female,100.0,15,15.0
26805849,Male,34.0,15,34.0
26037179,Female,62.0,15,62.0
25648609,Female,26.0,15,26.0
27967028,Male,52.0,15,52.0
26343597,Female,37.0,15,37.0
27090217,Male,123.0,15,15.0
27794067,Female,25.0,15,25.0
27730017,Female,22.0,15,22.0
27029359,Female,27.0,15,27.0
27546659,Female,27.0,15,27.0
26048085,Male,34.0,15,34.0
26272925,Male,32.0,15,32.0
26041897,Male,22.0,15,22.0
27571243,Male,21.0,15,21.0
26878761,Female,32.0,15,32.0
28039683,Male,5.0,15,15.0
27677027,Male,5.0,15,15.0
25667789,Male,5.0,15,15.0
26472173,Male,5.0,15,15.0
27207892,Male,5.0,15,15.0
25860163,Female,123.0,15,15.0
27388725,Female,123.0,15,15.0
26542859,Male,123.0,15,15.0
25649323,Male,123.0,15,15.0
27141471,Female,123.0,15,15.0
25788749,Male,123.0,15,15.0
25861994,Female,123.0,15,15.0
27104007,Male,123.0,15,15.0
25972597,Male,123.0,15,15.0
25990839,Female,123.0,15,15.0
26216645,Male,123.0,15,15.0
27272805,Male,123.0,15,15.0
27328455,Male,123.0,15,15.0
25838071,Male,123.0,15,15.0
28040831,Male,123.0,15,15.0
27453671,Male,40.0,15,40.0
26774713,Male,24.0,15,24.0
25789981,Male,30.0,15,30.0
25716929,Male,47.0,15,47.0
27765927,Male,30.0,15,30.0
25832471,Male,29.0,15,29.0
26683461,Male,57.0,15,57.0
27267443,Male,28.0,15,28.0
27438299,Male,23.0,15,23.0
27605347,Male,47.0,15,47.0
26311194,Male,25.0,15,25.0
26498325,Female,53.0,15,53.0
27827163,Male,27.0,15,27.0
27248837,Female,26.0,15,26.0
26852184,Male,48.0,15,48.0
28103159,Male,5.0,15,15.0
26281766,Male,5.0,15,15.0
26300438,Male,5.0,15,15.0
27693575,Female,123.0,15,15.0
26489603,Female,123.0,15,15.0
26446077,Female,123.0,15,15.0
27645569,Male,123.0,15,15.0
27824279,Male,123.0,15,15.0
25754897,Female,123.0,15,15.0
26643575,Male,123.0,15,15.0
25773797,Male,123.0,15,15.0
26971091,Male,123.0,15,15.0
27900397,Female,24.0,15,24.0
27263495,Male,19.0,15,19.0
26653599,Female,121.0,15,15.0
28053543,Male,31.0,15,31.0
27203659,Female,25.0,15,25.0
27895035,Female,31.0,15,31.0
26803329,Female,42.0,15,42.0
27492157,Female,29.0,15,29.0
27373104,Male,30.0,15,30.0
27054419,Female,31.0,15,31.0
26906061,Female,58.0,15,58.0
26380543,Female,123.0,15,15.0
27328115,Male,24.0,15,24.0
27510021,Female,39.0,15,39.0
26008465,Male,62.0,15,62.0
27171767,Female,49.0,15,49.0
27335425,Male,49.0,15,49.0
26839911,Male,46.0,15,46.0
27142073,Male,23.0,15,23.0
27594435,Female,40.0,15,40.0
26424173,Male,5.0,15,15.0
26493215,Male,5.0,15,15.0
26611277,Female,123.0,15,15.0
27020721,Female,123.0,15,15.0
27592805,Male,123.0,15,15.0
28022113,Male,123.0,15,15.0
26582157,Male,123.0,15,15.0
26285273,Male,123.0,15,15.0
27743891,Male,123.0,15,15.0
26856179,Male,123.0,15,15.0
25875325,Male,123.0,15,15.0
27218947,Male,123.0,15,15.0
26284195,Male,123.0,15,15.0
26648377,Male,123.0,15,15.0
25828915,Male,123.0,15,15.0
26418707,Male,37.0,15,37.0
26143819,Female,23.0,15,23.0
27622301,Female,31.0,15,31.0
27985979,Female,44.0,15,44.0
27323317,Female,31.0,15,31.0
26088559,Male,33.0,15,33.0
25686450,Female,21.0,15,21.0
25798168,Male,37.0,15,37.0
25987283,Male,23.0,15,23.0
26756093,Male,29.0,15,29.0
25701851,Male,35.0,15,35.0
25888289,Female,53.0,15,53.0
27908109,Female,31.0,15,31.0
26177879,Female,21.0,15,21.0
26229469,Male,22.0,15,22.0
27944159,Male,22.0,15,22.0
26765529,Female,22.0,15,22.0
26579077,Male,5.0,15,15.0
26685043,Male,5.0,15,15.0
27625269,Male,5.0,15,15.0
25956385,Female,5.0,15,15.0
26013981,Male,5.0,15,15.0
25889145,Female,123.0,15,15.0
27057623,Male,123.0,15,15.0
25969445,Female,123.0,15,15.0
27339669,Male,123.0,15,15.0
25632481,Male,123.0,15,15.0
26119891,Male,123.0,15,15.0
25969377,Male,123.0,15,15.0
25794993,Female,123.0,15,15.0
26352095,Male,123.0,15,15.0
25963952,Male,35.0,15,35.0
27359899,Female,28.0,15,28.0
26954361,Female,31.0,15,31.0
25648833,Female,39.0,15,39.0
27559413,Male,52.0,15,52.0
28044639,Male,23.0,15,23.0
27888693,Female,29.0,15,29.0
26304761,Male,22.0,15,22.0
27796601,Female,21.0,15,21.0
26262873,Female,29.0,15,29.0
27699385,Female,26.0,15,26.0
25613511,Male,123.0,15,15.0
26790968,Female,29.0,15,29.0
26088377,Male,36.0,15,36.0
26431223,Male,33.0,15,33.0
27577627,Female,123.0,15,15.0
26051571,Female,20.0,15,20.0
27126505,Male,5.0,15,15.0
27844887,Male,5.0,15,15.0
27786899,Male,123.0,15,15.0
27644435,Female,123.0,15,15.0
26034421,Male,123.0,15,15.0
25752731,Female,123.0,15,15.0
26817539,Male,123.0,15,15.0
26394963,Male,123.0,15,15.0
27499185,Male,123.0,15,15.0
26400913,Male,123.0,15,15.0
25872693,Male,123.0,15,15.0
27480243,Male,123.0,15,15.0
26886405,Male,123.0,15,15.0
27997968,Female,123.0,15,15.0
27202581,Male,123.0,15,15.0
27781649,Male,34.0,15,34.0
27568863,Male,24.0,15,24.0
26495231,Female,29.0,15,29.0
27238981,Male,28.0,15,28.0
26015115,Male,23.0,15,23.0
26004824,Female,42.0,15,42.0
26790421,Female,46.0,15,46.0
25941671,Female,21.0,15,21.0
25630563,Male,34.0,15,34.0
27513157,Male,23.0,15,23.0
26691777,Male,44.0,15,44.0
25921553,Male,46.0,15,46.0
27576353,Male,22.0,15,22.0
27742029,Male,5.0,15,15.0
26760615,Female,123.0,15,15.0
27052011,Female,123.0,15,15.0
27360669,Male,123.0,15,15.0
26315387,Male,123.0,15,15.0
27370847,Male,123.0,15,15.0
27874147,Male,123.0,15,15.0
26449815,Male,123.0,15,15.0
27491023,Male,123.0,15,15.0
25698911,Male,123.0,15,15.0
25684281,Male,123.0,15,15.0
27271363,Male,123.0,15,15.0
26259989,Male,123.0,15,15.0
25613819,Male,28.0,15,28.0
26717509,Male,33.0,15,33.0
26034589,Male,29.0,15,29.0
26555305,Male,38.0,15,38.0
27053816,Female,28.0,15,28.0
25737817,Female,29.0,15,29.0
25811521,Male,28.0,15,28.0
26561560,Male,122.0,15,15.0
25760203,Male,42.0,15,42.0
26552855,Male,24.0,15,24.0
26543979,Female,24.0,15,24.0
27078247,Female,25.0,15,25.0
27356273,Male,60.0,15,60.0
26026077,Male,5.0,15,15.0
27825343,Male,5.0,15,15.0
27725047,Male,5.0,15,15.0
26755197,Male,5.0,15,15.0
26902477,Male,5.0,15,15.0
26067083,Male,5.0,15,15.0
27515425,Female,123.0,15,15.0
26170843,Female,123.0,15,15.0
26115803,Male,123.0,15,15.0
25824617,Male,123.0,15,15.0
27943433,Male,123.0,15,15.0
26690993,Male,123.0,15,15.0
26407563,Female,123.0,15,15.0
27393359,Female,123.0,15,15.0
26396895,Male,123.0,15,15.0
28003521,Male,123.0,15,15.0
25940999,Male,27.0,15,27.0
26384659,Male,30.0,15,30.0
27110648,Male,26.0,15,26.0
28003367,Male,34.0,15,34.0
25646733,Male,41.0,15,41.0
27277789,Male,22.0,15,22.0
27558111,Male,22.0,15,22.0
26858363,Female,42.0,15,42.0
26419925,Male,22.0,15,22.0
27143865,Female,24.0,15,24.0
26985035,Female,123.0,15,15.0
26426645,Male,51.0,15,51.0
26434331,Male,32.0,15,32.0
26125986,Male,32.0,15,32.0
27611673,Male,123.0,15,15.0
26812737,Female,40.0,15,40.0
26028616,Male,29.0,15,29.0
26893671,Male,32.0,15,32.0
27764065,Female,30.0,15,30.0
27264713,Male,5.0,15,15.0
28064225,Male,5.0,15,15.0
26048743,Male,5.0,15,15.0
26592909,Male,5.0,15,15.0
27855247,Male,5.0,15,15.0
25688957,Male,123.0,15,15.0
26165181,Female,123.0,15,15.0
26885257,Male,123.0,15,15.0
25919019,Male,123.0,15,15.0
27068643,Male,123.0,15,15.0
27802719,Female,123.0,15,15.0
25858104,Female,123.0,15,15.0
25673529,Female,20.0,15,20.0
26171355,Male,26.0,15,26.0
26215245,Male,35.0,15,35.0
26665933,Female,33.0,15,33.0
25743865,Female,32.0,15,32.0
25984623,Female,27.0,15,27.0
26876241,Male,44.0,15,44.0
26700695,Male,45.0,15,45.0
26302241,Male,36.0,15,36.0
27217614,Male,37.0,15,37.0
26773593,Male,5.0,15,15.0
26772291,Female,5.0,15,15.0
26616415,Male,5.0,15,15.0
26299231,Male,5.0,15,15.0
27074495,Male,5.0,15,15.0
26507607,Male,123.0,15,15.0
26154303,Female,123.0,15,15.0
27419707,Female,123.0,15,15.0
27205493,Male,123.0,15,15.0
27509839,Female,123.0,15,15.0
26726371,Female,123.0,15,15.0
27043667,Male,123.0,15,15.0
26638689,Male,123.0,15,15.0
27108176,Male,123.0,15,15.0
26493761,Male,123.0,15,15.0
26252485,Female,123.0,15,15.0
26449493,Male,123.0,15,15.0
27081691,Male,123.0,15,15.0
27948263,Male,123.0,15,15.0
26072375,Male,123.0,15,15.0
26642063,Male,123.0,15,15.0
26178425,Female,123.0,15,15.0
26742947,Male,123.0,15,15.0
26179139,Female,123.0,15,15.0
25960235,Female,23.0,15,23.0
26034883,Male,23.0,15,23.0
26200363,Female,31.0,15,31.0
28050309,Male,35.0,15,35.0
27225023,Female,49.0,15,49.0
25809469,Female,58.0,15,58.0
27033769,Female,34.0,15,34.0
26683825,Female,38.0,15,38.0
28108409,Female,19.0,15,19.0
25731909,Female,47.0,15,47.0
25670071,Female,27.0,15,27.0
25898593,Female,41.0,15,41.0
27354215,Female,36.0,15,36.0
26202911,Female,45.0,15,45.0
26699239,Male,27.0,15,27.0
26999697,Female,47.0,15,47.0
26515128,Female,24.0,15,24.0
26700246,Male,43.0,15,43.0
26389307,Male,30.0,15,30.0
27909511,Female,24.0,15,24.0
25735507,Male,25.0,15,25.0
26833907,Male,50.0,15,50.0
26387165,Female,29.0,15,29.0
28043309,Male,59.0,15,59.0
27728897,Female,24.0,15,24.0
28102277,Male,27.0,15,27.0
26504569,Male,5.0,15,15.0
27879635,Male,5.0,15,15.0
26389783,Male,5.0,15,15.0
27440315,Male,5.0,15,15.0
26930673,Male,123.0,15,15.0
26578797,Male,123.0,15,15.0
27367319,Male,123.0,15,15.0
26401572,Female,123.0,15,15.0
27730353,Male,123.0,15,15.0
26698385,Male,123.0,15,15.0
26036633,Female,123.0,15,15.0
25903745,Male,123.0,15,15.0
25738923,Female,123.0,15,15.0
26343359,Male,123.0,15,15.0
26424673,Female,123.0,15,15.0
26260535,Male,123.0,15,15.0
26402033,Male,123.0,15,15.0
26347335,Male,43.0,15,43.0
26602639,Male,29.0,15,29.0
26274759,Male,27.0,15,27.0
25677757,Male,30.0,15,30.0
25717713,Female,22.0,15,22.0
26478188,Male,117.0,15,15.0
27333915,Female,22.0,15,22.0
26413149,Male,48.0,15,48.0
26552558,Female,69.0,15,69.0
26674375,Female,45.0,15,45.0
27571593,Male,40.0,15,40.0
25627791,Female,123.0,15,15.0
27511421,Male,21.0,15,21.0
25776932,Female,24.0,15,24.0
26037641,Male,23.0,15,23.0
27848737,Male,27.0,15,27.0
27140351,Male,54.0,15,54.0
26120087,Male,24.0,15,24.0
27127737,Female,31.0,15,31.0
27276683,Male,5.0,15,15.0
27400879,Male,5.0,15,15.0
25741513,Male,123.0,15,15.0
26214215,Male,123.0,15,15.0
27355167,Male,123.0,15,15.0
27973995,Female,123.0,15,15.0
25866883,Female,123.0,15,15.0
27447735,Male,123.0,15,15.0
26892327,Male,123.0,15,15.0
27358191,Female,123.0,15,15.0
25964043,Male,123.0,15,15.0
26258225,Male,123.0,15,15.0
25659165,Female,123.0,15,15.0
27283786,Male,123.0,15,15.0
27069399,Male,123.0,15,15.0
26079585,Female,123.0,15,15.0
28050939,Male,123.0,15,15.0
26144460,Male,123.0,15,15.0
27204093,Male,123.0,15,15.0
25737957,Male,123.0,15,15.0
27144271,Female,33.0,15,33.0
27779507,Female,27.0,15,27.0
27090539,Male,24.0,15,24.0
26401658,Male,28.0,15,28.0
25655707,Female,33.0,15,33.0
25768967,Male,22.0,15,22.0
26070443,Male,26.0,15,26.0
26916477,Male,28.0,15,28.0
26819583,Female,28.0,15,28.0
27570819,Male,38.0,15,38.0
26601169,Male,37.0,15,37.0
25668209,Male,41.0,15,41.0
26076863,Male,20.0,15,20.0
27388935,Female,38.0,15,38.0
26383945,Male,43.0,15,43.0
25702159,Male,23.0,15,23.0
27889253,Male,23.0,15,23.0
26095895,Female,21.0,15,21.0
26528789,Female,123.0,15,15.0
25797415,Female,25.0,15,25.0
27386723,Male,27.0,15,27.0
25678247,Female,24.0,15,24.0
26483975,Male,22.0,15,22.0
27648607,Female,25.0,15,25.0
27185907,Male,22.0,15,22.0
25717895,Female,39.0,15,39.0
26574653,Male,27.0,15,27.0
27871193,Female,30.0,15,30.0
27435093,Male,23.0,15,23.0
28067963,Male,29.0,15,29.0
26914013,Male,48.0,15,48.0
25634665,Male,5.0,15,15.0
25946725,Male,5.0,15,15.0
27107983,Male,5.0,15,15.0
27242649,Male,5.0,15,15.0
27273860,Male,5.0,15,15.0
27301295,Male,5.0,15,15.0
27048049,Male,123.0,15,15.0
26491507,Male,123.0,15,15.0
25939613,Female,123.0,15,15.0
27067621,Male,123.0,15,15.0
26615421,Male,123.0,15,15.0
26088797,Female,123.0,15,15.0
26033035,Female,123.0,15,15.0
26975627,Male,123.0,15,15.0
25697357,Female,123.0,15,15.0
25652248,Male,123.0,15,15.0
26557965,Male,35.0,15,35.0
27473593,Female,36.0,15,36.0
25990993,Male,30.0,15,30.0
27335035,Female,123.0,15,15.0
27171025,Male,31.0,15,31.0
25798017,Female,33.0,15,33.0
26897031,Male,45.0,15,45.0
27288639,Female,47.0,15,47.0
27654123,Female,28.0,15,28.0
26127689,Male,26.0,15,26.0
27704714,Male,22.0,15,22.0
26462638,Female,46.0,15,46.0
25980448,Female,24.0,15,24.0
26137013,Male,50.0,15,50.0
27314455,Male,5.0,15,15.0
26627993,Male,5.0,15,15.0
26823853,Male,5.0,15,15.0
27674647,Male,5.0,15,15.0
27880433,Male,5.0,15,15.0
27638541,Male,5.0,15,15.0
25737523,Male,123.0,15,15.0
25704558,Male,123.0,15,15.0
27578047,Female,123.0,15,15.0
25739530,Male,123.0,15,15.0
27064940,Male,123.0,15,15.0
26675257,Female,123.0,15,15.0
27396285,Male,123.0,15,15.0
26689593,Male,123.0,15,15.0
26807011,Male,123.0,15,15.0
28042931,Male,123.0,15,15.0
27365149,Male,123.0,15,15.0
27072815,Male,123.0,15,15.0
26801901,Female,123.0,15,15.0
27522732,Male,123.0,15,15.0
26589367,Male,123.0,15,15.0
25681761,Male,123.0,15,15.0
26878901,Male,123.0,15,15.0
26113941,Male,123.0,15,15.0
26857439,Male,123.0,15,15.0
26758203,Female,17.0,15,17.0
27232331,Male,23.0,15,23.0
26192201,Female,28.0,15,28.0
25750307,Male,26.0,15,26.0
26190717,Male,33.0,15,33.0
28085066,Female,71.0,15,71.0
25982607,Female,27.0,15,27.0
27406099,Male,27.0,15,27.0
27442835,Male,28.0,15,28.0
26895491,Male,43.0,15,43.0
26206411,Male,30.0,15,30.0
27479753,Female,34.0,15,34.0
27037325,Female,38.0,15,38.0
26028835,Female,50.0,15,50.0
26438713,Female,46.0,15,46.0
28047047,Male,35.0,15,35.0
27201139,Male,26.0,15,26.0
26475421,Male,35.0,15,35.0
26318243,Male,5.0,15,15.0
26464683,Male,5.0,15,15.0
25835117,Male,5.0,15,15.0
27463927,Male,5.0,15,15.0
26224233,Male,5.0,15,15.0
26713379,Female,123.0,15,15.0
27231900,Female,123.0,15,15.0
26612177,Male,123.0,15,15.0
25621309,Male,123.0,15,15.0
27320671,Male,123.0,15,15.0
28039473,Male,123.0,15,15.0
27716297,Male,123.0,15,15.0
26169451,Male,123.0,15,15.0
25796743,Male,123.0,15,15.0
26867477,Male,123.0,15,15.0
27762427,Male,123.0,15,15.0
27166475,Female,29.0,15,29.0
25628855,Male,123.0,15,15.0
26506776,Female,63.0,15,63.0
26331515,Female,31.0,15,31.0
25700213,Male,26.0,15,26.0
26141297,Male,23.0,15,23.0
27485269,Male,26.0,15,26.0
27892039,Male,31.0,15,31.0
27645387,Male,34.0,15,34.0
26449521,Male,43.0,15,43.0
26327721,Male,26.0,15,26.0
27681423,Male,22.0,15,22.0
27473285,Male,45.0,15,45.0
26987471,Female,49.0,15,49.0
26315401,Male,5.0,15,15.0
26702683,Female,123.0,15,15.0
25637915,Male,123.0,15,15.0
26247641,Male,123.0,15,15.0
27638807,Female,123.0,15,15.0
27909944,Male,123.0,15,15.0
27023213,Male,123.0,15,15.0
26064787,Female,123.0,15,15.0
26780219,Female,123.0,15,15.0
26639921,Male,123.0,15,15.0
26187245,Male,123.0,15,15.0
26440099,Male,123.0,15,15.0
26013253,Male,123.0,15,15.0
26401907,Female,45.0,15,45.0
27429395,Male,28.0,15,28.0
25698686,Male,24.0,15,24.0
26383539,Female,39.0,15,39.0
27865803,Male,24.0,15,24.0
26922287,Female,27.0,15,27.0
27414079,Female,21.0,15,21.0
25986373,Male,27.0,15,27.0
27716717,Male,29.0,15,29.0
26199621,Male,17.0,15,17.0
26219067,Male,33.0,15,33.0
26634909,Female,45.0,15,45.0
27209007,Male,24.0,15,24.0
26267437,Male,24.0,15,24.0
25634483,Male,5.0,15,15.0
27926548,Male,5.0,15,15.0
27480341,Male,5.0,15,15.0
27696088,Male,5.0,15,15.0
26031691,Male,5.0,15,15.0
27395781,Male,5.0,15,15.0
27515341,Male,123.0,15,15.0
25994577,Male,123.0,15,15.0
26344717,Male,123.0,15,15.0
27459565,Female,123.0,15,15.0
27220459,Female,123.0,15,15.0
27828828,Male,123.0,15,15.0
26730725,Female,123.0,15,15.0
25975145,Female,123.0,15,15.0
26641293,Female,123.0,15,15.0
26089679,Male,123.0,15,15.0
27428611,Male,123.0,15,15.0
26419883,Male,123.0,15,15.0
27014407,Female,123.0,15,15.0
26586455,Male,123.0,15,15.0
26022829,Male,123.0,15,15.0
27894573,Male,123.0,15,15.0
26988689,Male,123.0,15,15.0
25174057,Female,40.0,16,40.0
25548621,Male,5.0,16,16.0
25287941,Male,123.0,16,16.0
25286418,Male,123.0,16,16.0
25155249,Female,123.0,16,16.0
24924403,Female,123.0,16,16.0
25258191,Male,123.0,16,16.0
25214679,Male,32.0,16,32.0
24948035,Male,29.0,16,29.0
25434955,Male,22.0,16,22.0
25575347,Male,123.0,16,16.0
25435109,Male,22.0,16,22.0
25224577,Male,112.0,16,16.0
25059734,Male,22.0,16,22.0
25612629,Male,5.0,16,16.0
25549937,Male,5.0,16,16.0
25551225,Male,5.0,16,16.0
25237359,Male,123.0,16,16.0
25577237,Male,123.0,16,16.0
25464061,Male,123.0,16,16.0
25377849,Male,123.0,16,16.0
24951535,Male,123.0,16,16.0
25211837,Male,123.0,16,16.0
24970673,Male,43.0,16,43.0
25027205,Male,27.0,16,27.0
25266566,Female,25.0,16,25.0
25055107,Female,23.0,16,23.0
25549811,Male,21.0,16,21.0
25393167,Male,24.0,16,24.0
25207399,Female,31.0,16,31.0
25528097,Male,45.0,16,45.0
25188177,Female,26.0,16,26.0
25265485,Male,37.0,16,37.0
25140843,Male,5.0,16,16.0
25531513,Male,5.0,16,16.0
25370527,Male,5.0,16,16.0
25430335,Male,5.0,16,16.0
25028339,Female,123.0,16,16.0
24936007,Male,123.0,16,16.0
25395853,Male,123.0,16,16.0
25484095,Male,123.0,16,16.0
25469241,Male,123.0,16,16.0
25042745,Female,123.0,16,16.0
24950611,Male,43.0,16,43.0
25015481,Male,31.0,16,31.0
25319049,Male,22.0,16,22.0
25596669,Male,38.0,16,38.0
25164517,Male,22.0,16,22.0
25451321,Female,29.0,16,29.0
25525409,Male,5.0,16,16.0
25522301,Male,123.0,16,16.0
25050935,Female,123.0,16,16.0
25586869,Male,123.0,16,16.0
25528503,Female,123.0,16,16.0
25315913,Male,123.0,16,16.0
25186203,Male,49.0,16,49.0
25396399,Male,123.0,16,16.0
25013163,Male,45.0,16,45.0
25218123,Male,36.0,16,36.0
25387579,Male,31.0,16,31.0
24974789,Female,59.0,16,59.0
25293765,Male,5.0,16,16.0
25035549,Male,5.0,16,16.0
25228455,Male,123.0,16,16.0
24901527,Female,123.0,16,16.0
25476143,Female,123.0,16,16.0
24904845,Male,123.0,16,16.0
25143887,Male,123.0,16,16.0
25594121,Male,123.0,16,16.0
25259381,Female,22.0,16,22.0
25123651,Male,123.0,16,16.0
25305133,Male,123.0,16,16.0
25004595,Female,5.0,16,16.0
25399689,Male,5.0,16,16.0
25369239,Male,123.0,16,16.0
25445903,Male,123.0,16,16.0
24936667,Female,123.0,16,16.0
25552023,Male,123.0,16,16.0
24928309,Male,123.0,16,16.0
25151959,Male,123.0,16,16.0
25602129,Male,123.0,16,16.0
25034149,Male,30.0,16,30.0
25388223,Male,24.0,16,24.0
25311587,Male,28.0,16,28.0
24967545,Male,31.0,16,31.0
25568263,Female,123.0,16,16.0
25308339,Female,123.0,16,16.0
25569089,Male,123.0,16,16.0
25115069,Male,123.0,16,16.0
25092893,Male,123.0,16,16.0
24918456,Male,30.0,16,30.0
25189920,Male,24.0,16,24.0
25454331,Male,5.0,16,16.0
25381825,Male,5.0,16,16.0
25082715,Male,5.0,16,16.0
25296111,Male,5.0,16,16.0
25258919,Male,5.0,16,16.0
25016789,Male,123.0,16,16.0
24990385,Female,123.0,16,16.0
24986205,Male,123.0,16,16.0
25036431,Male,21.0,16,21.0
24926461,Male,25.0,16,25.0
25514447,Male,27.0,16,27.0
25265233,Male,24.0,16,24.0
25081343,Male,35.0,16,35.0
25563964,Male,23.0,16,23.0
25585917,Male,45.0,16,45.0
24938375,Male,57.0,16,57.0
25521629,Male,5.0,16,16.0
25236239,Male,5.0,16,16.0
25215113,Male,123.0,16,16.0
25484081,Male,123.0,16,16.0
24947531,Male,123.0,16,16.0
25531821,Male,123.0,16,16.0
25564679,UNKNOWN,24.0,16,24.0
25564273,Male,18.0,16,18.0
24955917,Female,29.0,16,29.0
25556489,Male,5.0,16,16.0
25188569,Male,123.0,16,16.0
25562565,Male,123.0,16,16.0
25486377,Male,123.0,16,16.0
25269576,Female,123.0,16,16.0
25180606,Male,123.0,16,16.0
25090387,Female,123.0,16,16.0
24961125,Male,123.0,16,16.0
25422831,Male,123.0,16,16.0
25561043,Male,123.0,16,16.0
25167765,Male,123.0,16,16.0
25566278,Male,65.0,16,65.0
25032707,Male,42.0,16,42.0
25484417,Male,35.0,16,35.0
25528657,Female,23.0,16,23.0
25505095,Female,24.0,16,24.0
25426524,Female,22.0,16,22.0
24971835,Male,29.0,16,29.0
24962847,Female,22.0,16,22.0
25058147,Male,38.0,16,38.0
25194659,Female,45.0,16,45.0
25447807,Male,55.0,16,55.0
24942897,Male,5.0,16,16.0
25517149,Male,123.0,16,16.0
25566975,Female,123.0,16,16.0
25007395,Male,123.0,16,16.0
25000104,Male,123.0,16,16.0
25183851,Female,123.0,16,16.0
25315409,Male,123.0,16,16.0
25556223,Male,30.0,16,30.0
25527901,Female,26.0,16,26.0
25587877,Male,33.0,16,33.0
25203927,Female,22.0,16,22.0
25031839,Male,51.0,16,51.0
25032875,Male,39.0,16,39.0
24903809,Female,37.0,16,37.0
25021647,Female,27.0,16,27.0
25184313,Female,32.0,16,32.0
25009215,Male,36.0,16,36.0
24986983,Female,123.0,16,16.0
25154843,Male,123.0,16,16.0
25228637,Male,123.0,16,16.0
25550609,Male,123.0,16,16.0
25567283,Male,61.0,16,61.0
25524681,Female,26.0,16,26.0
25442459,Male,26.0,16,26.0
25507503,Male,28.0,16,28.0
25198957,Male,20.0,16,20.0
25434521,Male,27.0,16,27.0
25190739,Male,35.0,16,35.0
24889557,Male,27.0,16,27.0
25336283,Male,26.0,16,26.0
25385689,Male,22.0,16,22.0
25553157,Male,28.0,16,28.0
25159771,Male,23.0,16,23.0
25146303,Female,123.0,16,16.0
25010203,Male,5.0,16,16.0
24917263,Male,5.0,16,16.0
25504801,Male,5.0,16,16.0
24957611,Male,5.0,16,16.0
24949057,Female,123.0,16,16.0
24941021,Male,123.0,16,16.0
25220615,Male,48.0,16,48.0
24972955,Female,24.0,16,24.0
24918887,Female,23.0,16,23.0
24952305,Male,35.0,16,35.0
25016873,Male,5.0,16,16.0
25166939,Male,5.0,16,16.0
25214680,Female,123.0,16,16.0
25492845,Male,123.0,16,16.0
25381027,Female,123.0,16,16.0
25478971,Male,123.0,16,16.0
25010055,Female,123.0,16,16.0
25257715,Male,123.0,16,16.0
24953215,Female,123.0,16,16.0
25483717,Male,123.0,16,16.0
25373733,Female,21.0,16,21.0
24982629,Female,32.0,16,32.0
25496457,Female,24.0,16,24.0
25091367,Male,123.0,16,16.0
24940957,Male,41.0,16,41.0
25566793,Male,27.0,16,27.0
25112353,Male,36.0,16,36.0
25484291,Male,5.0,16,16.0
25546255,Male,5.0,16,16.0
25449613,Male,5.0,16,16.0
25224241,Male,123.0,16,16.0
25245591,Male,123.0,16,16.0
25310831,Male,123.0,16,16.0
24952501,Male,123.0,16,16.0
25204515,Female,123.0,16,16.0
25234251,Male,123.0,16,16.0
25545558,Male,123.0,16,16.0
25532101,Female,38.0,16,38.0
25485173,Male,24.0,16,24.0
25496233,Male,27.0,16,27.0
25552149,Male,41.0,16,41.0
25051061,Female,123.0,16,16.0
25157643,Male,30.0,16,30.0
25479349,Male,23.0,16,23.0
24922429,Male,45.0,16,45.0
25004091,Male,123.0,16,16.0
24900393,Male,5.0,16,16.0
25544771,Male,5.0,16,16.0
25260095,Male,123.0,16,16.0
25353097,Female,123.0,16,16.0
25029543,Female,123.0,16,16.0
25269505,Male,123.0,16,16.0
25595955,Male,123.0,16,16.0
25301101,Male,123.0,16,16.0
25489380,Male,123.0,16,16.0
25312497,Male,23.0,16,23.0
25027793,Female,31.0,16,31.0
25473623,Male,25.0,16,25.0
25150013,Female,123.0,16,16.0
24902899,Male,123.0,16,16.0
25028913,Female,123.0,16,16.0
25457187,Female,123.0,16,16.0
25056829,Male,123.0,16,16.0
25039847,Male,41.0,16,41.0
25018199,Female,43.0,16,43.0
25501693,Male,42.0,16,42.0
24995453,Male,50.0,16,50.0
24937269,Female,29.0,16,29.0
25207497,Male,5.0,16,16.0
25005183,Male,5.0,16,16.0
25085655,Male,123.0,16,16.0
25397169,Female,123.0,16,16.0
25455787,Male,27.0,16,27.0
25535139,Female,25.0,16,25.0
24967341,Male,43.0,16,43.0
25453757,Female,46.0,16,46.0
25084857,Male,123.0,16,16.0
25565537,Male,123.0,16,16.0
25286121,Male,123.0,16,16.0
25555593,Female,36.0,16,36.0
25514951,Female,29.0,16,29.0
25289355,Female,37.0,16,37.0
25597621,Female,38.0,16,38.0
24905377,Male,35.0,16,35.0
25247481,Male,5.0,16,16.0
24978935,Male,123.0,16,16.0
24971550,Male,123.0,16,16.0
25606175,Male,123.0,16,16.0
25434031,Male,42.0,16,42.0
25523295,Male,42.0,16,42.0
24956911,Male,43.0,16,43.0
25238073,Male,24.0,16,24.0
24970141,Male,23.0,16,23.0
25048863,Female,34.0,16,34.0
25528923,Female,24.0,16,24.0
25235357,Female,28.0,16,28.0
25599329,Male,43.0,16,43.0
24895057,Male,5.0,16,16.0
24946159,Male,123.0,16,16.0
24998477,Male,123.0,16,16.0
24941686,Male,23.0,16,23.0
24973361,Male,52.0,16,52.0
25507811,Female,27.0,16,27.0
25267669,Male,40.0,16,40.0
25272541,Male,47.0,16,47.0
25573653,Female,22.0,16,22.0
25538681,Male,5.0,16,16.0
25588311,Male,5.0,16,16.0
25570363,Male,5.0,16,16.0
25383645,Male,123.0,16,16.0
25520775,Male,123.0,16,16.0
25265709,Male,123.0,16,16.0
25433401,Male,23.0,16,23.0
25505389,Female,59.0,16,59.0
25491753,Male,27.0,16,27.0
25043627,Female,28.0,16,28.0
25467939,Female,50.0,16,50.0
25425743,Male,5.0,16,16.0
25348435,Male,123.0,16,16.0
24940167,Female,123.0,16,16.0
24898601,Male,123.0,16,16.0
25090246,Male,123.0,16,16.0
25528879,Male,123.0,16,16.0
25593981,Male,123.0,16,16.0
25252983,Male,122.0,16,16.0
25261047,Female,33.0,16,33.0
25355309,Male,18.0,16,18.0
25442165,Male,23.0,16,23.0
25034121,Male,36.0,16,36.0
25263231,Male,25.0,16,25.0
24989685,Male,5.0,16,16.0
25269231,Male,5.0,16,16.0
25232627,Male,123.0,16,16.0
25003549,Male,123.0,16,16.0
25211291,Female,123.0,16,16.0
24365453,Male,23.0,17,23.0
24215241,Female,23.0,17,23.0
24453485,Male,23.0,17,23.0
24011001,Male,39.0,17,39.0
24772013,Female,37.0,17,37.0
24575285,Male,24.0,17,24.0
24412899,Male,47.0,17,47.0
24670471,Male,123.0,17,17.0
24166093,Male,5.0,17,17.0
24406921,Male,5.0,17,17.0
24486637,Male,5.0,17,17.0
24645719,Male,5.0,17,17.0
24698667,Male,123.0,17,17.0
24781254,Male,123.0,17,17.0
24780637,Male,123.0,17,17.0
24645775,Male,43.0,17,43.0
24248035,Female,57.0,17,57.0
24764215,Female,40.0,17,40.0
24130225,Male,53.0,17,53.0
24482605,Female,24.0,17,24.0
24129413,Male,39.0,17,39.0
24278014,Male,22.0,17,22.0
24466463,Male,50.0,17,50.0
24008148,Female,23.0,17,23.0
24319155,Male,123.0,17,17.0
24149797,Male,123.0,17,17.0
24757761,Male,123.0,17,17.0
24597363,Male,123.0,17,17.0
24117163,Female,123.0,17,17.0
24698289,Male,123.0,17,17.0
24728599,Female,26.0,17,26.0
24306093,Female,23.0,17,23.0
24235743,Male,23.0,17,23.0
24519761,Male,32.0,17,32.0
24136567,Female,123.0,17,17.0
24170139,Female,29.0,17,29.0
24240783,Male,25.0,17,25.0
24173625,Male,28.0,17,28.0
24641939,Male,51.0,17,51.0
24192427,Male,25.0,17,25.0
24623179,Female,25.0,17,25.0
24552941,Male,5.0,17,17.0
24538353,Male,5.0,17,17.0
23883587,Male,123.0,17,17.0
24596901,Male,123.0,17,17.0
24465679,Male,123.0,17,17.0
24101567,Female,123.0,17,17.0
24684807,Female,48.0,17,48.0
23906533,Female,43.0,17,43.0
24551230,Male,36.0,17,36.0
24520433,Male,48.0,17,48.0
24782177,Female,22.0,17,22.0
24285037,Male,27.0,17,27.0
24854305,Male,5.0,17,17.0
24258647,Male,5.0,17,17.0
24609795,Female,123.0,17,17.0
24394480,Female,123.0,17,17.0
24135867,Male,123.0,17,17.0
24768877,Female,123.0,17,17.0
24269203,Female,123.0,17,17.0
24821041,Male,123.0,17,17.0
24590181,Female,24.0,17,24.0
23886933,Male,27.0,17,27.0
24853717,Male,23.0,17,23.0
24384381,Female,46.0,17,46.0
24353609,Female,34.0,17,34.0
24362457,Female,54.0,17,54.0
24760351,Male,26.0,17,26.0
24390023,Male,25.0,17,25.0
24070123,Female,56.0,17,56.0
24246397,Male,24.0,17,24.0
24205153,Female,24.0,17,24.0
24012821,Male,5.0,17,17.0
24276920,Female,123.0,17,17.0
24119179,Male,123.0,17,17.0
23920155,Male,123.0,17,17.0
24275251,Female,41.0,17,41.0
24487267,Female,39.0,17,39.0
24102155,Male,25.0,17,25.0
24425359,Female,123.0,17,17.0
24679095,Male,5.0,17,17.0
24279857,Male,5.0,17,17.0
24138275,Male,5.0,17,17.0
24617999,Male,123.0,17,17.0
24619245,Female,123.0,17,17.0
24192329,Male,123.0,17,17.0
24770137,Male,23.0,17,23.0
24762311,Male,28.0,17,28.0
24748059,Male,24.0,17,24.0
24213539,Male,24.0,17,24.0
24810555,Male,22.0,17,22.0
24577665,Male,43.0,17,43.0
24632701,Male,28.0,17,28.0
24855215,Male,5.0,17,17.0
24411569,Male,123.0,17,17.0
24738203,Male,123.0,17,17.0
24445211,Female,123.0,17,17.0
24591007,Male,123.0,17,17.0
24546487,Male,123.0,17,17.0
24088547,Male,41.0,17,41.0
24311091,Male,48.0,17,48.0
24105949,Female,46.0,17,46.0
24245375,Male,30.0,17,30.0
24268979,Male,31.0,17,31.0
24508645,Male,23.0,17,23.0
23909193,Male,29.0,17,29.0
24543477,Female,39.0,17,39.0
24835923,Male,5.0,17,17.0
24876173,Female,123.0,17,17.0
24850721,Male,123.0,17,17.0
24741535,Male,123.0,17,17.0
24196245,Male,123.0,17,17.0
24323019,Female,26.0,17,26.0
24367469,Male,28.0,17,28.0
24492041,Male,120.0,17,17.0
24748003,Male,23.0,17,23.0
24385123,Male,25.0,17,25.0
24774085,Female,33.0,17,33.0
24695391,Male,123.0,17,17.0
24059861,Female,123.0,17,17.0
24865267,Female,123.0,17,17.0
24725659,Female,123.0,17,17.0
24579843,Male,123.0,17,17.0
24592267,Male,123.0,17,17.0
24523583,Female,123.0,17,17.0
24360637,Male,123.0,17,17.0
24491733,Male,28.0,17,28.0
24752637,Female,59.0,17,59.0
24717973,Female,28.0,17,28.0
24399067,Male,123.0,17,17.0
24235505,Male,123.0,17,17.0
24136161,Male,123.0,17,17.0
24481499,Male,40.0,17,40.0
24545507,Female,29.0,17,29.0
24571099,Female,38.0,17,38.0
24529743,Female,32.0,17,32.0
24472469,Male,26.0,17,26.0
24590685,Male,44.0,17,44.0
24402511,Male,5.0,17,17.0
24260733,Male,5.0,17,17.0
24417799,Male,5.0,17,17.0
24068919,Male,5.0,17,17.0
24394839,Male,5.0,17,17.0
24094903,Male,123.0,17,17.0
24510059,Male,123.0,17,17.0
24268139,Male,123.0,17,17.0
23915339,Male,123.0,17,17.0
24611097,Female,123.0,17,17.0
24743789,Male,123.0,17,17.0
24634309,Male,35.0,17,35.0
24817317,Female,33.0,17,33.0
24275349,Male,24.0,17,24.0
24521105,Male,30.0,17,30.0
24811857,Male,27.0,17,27.0
24788938,Female,33.0,17,33.0
24301613,Male,35.0,17,35.0
24430185,Female,23.0,17,23.0
23924383,Male,5.0,17,17.0
24430750,Male,5.0,17,17.0
24351369,Male,5.0,17,17.0
24438911,Female,123.0,17,17.0
24478727,Male,123.0,17,17.0
23889817,Female,123.0,17,17.0
24545216,Male,123.0,17,17.0
24759240,Female,123.0,17,17.0
24276858,Male,30.0,17,30.0
24634911,Male,28.0,17,28.0
24324895,Male,39.0,17,39.0
24412311,Female,29.0,17,29.0
24673369,Male,25.0,17,25.0
24011925,Male,5.0,17,17.0
23901563,Male,5.0,17,17.0
24444077,Male,123.0,17,17.0
24474191,Female,123.0,17,17.0
24476305,Male,123.0,17,17.0
24492111,Male,123.0,17,17.0
24837309,Female,35.0,17,35.0
24744293,Female,39.0,17,39.0
24789177,Male,28.0,17,28.0
24450881,Female,123.0,17,17.0
24512677,Male,25.0,17,25.0
24804787,Female,33.0,17,33.0
24247111,Female,41.0,17,41.0
24443139,Female,24.0,17,24.0
24526901,Female,28.0,17,28.0
24590993,Male,23.0,17,23.0
24247685,Male,5.0,17,17.0
24385109,Male,123.0,17,17.0
24740009,Male,123.0,17,17.0
24617145,Male,123.0,17,17.0
24456537,Male,123.0,17,17.0
24233405,Male,123.0,17,17.0
23896425,Male,123.0,17,17.0
24685283,Female,123.0,17,17.0
24235827,Male,123.0,17,17.0
24721059,Female,24.0,17,24.0
24264191,Female,73.0,17,73.0
23900723,Female,20.0,17,20.0
24844785,Male,22.0,17,22.0
24392235,Male,33.0,17,33.0
24519859,Male,5.0,17,17.0
24429797,Male,5.0,17,17.0
24753071,Male,123.0,17,17.0
23877721,Female,123.0,17,17.0
24465483,Female,123.0,17,17.0
24547985,Female,29.0,17,29.0
24879379,Male,25.0,17,25.0
24852247,Male,31.0,17,31.0
24412843,Female,43.0,17,43.0
24465861,Male,30.0,17,30.0
24029187,Male,5.0,17,17.0
24724651,Male,123.0,17,17.0
23903285,Male,123.0,17,17.0
24104087,Male,123.0,17,17.0
24479973,Male,123.0,17,17.0
24386361,Female,123.0,17,17.0
23895768,Male,123.0,17,17.0
24610243,Male,123.0,17,17.0
24437007,Female,21.0,17,21.0
24626357,Male,117.0,17,17.0
24233769,Male,30.0,17,30.0
24692591,Female,84.0,17,17.0
24094553,Male,29.0,17,29.0
23881515,Female,35.0,17,35.0
24850161,Male,26.0,17,26.0
24468673,Male,27.0,17,27.0
24198381,Female,24.0,17,24.0
24514903,Male,5.0,17,17.0
24812053,Male,5.0,17,17.0
23893541,Male,5.0,17,17.0
24641225,Male,123.0,17,17.0
24260845,Female,123.0,17,17.0
23891133,Male,123.0,17,17.0
24172281,Male,123.0,17,17.0
23926133,Male,123.0,17,17.0
24585377,Female,123.0,17,17.0
24694509,Female,32.0,17,32.0
24519515,Male,30.0,17,30.0
24641309,Female,24.0,17,24.0
24417225,Male,22.0,17,22.0
24240321,Female,22.0,17,22.0
24394351,Male,34.0,17,34.0
24707921,Male,75.0,17,75.0
24844071,Female,38.0,17,38.0
24829917,Male,20.0,17,20.0
24724301,Male,44.0,17,44.0
24815007,Male,22.0,17,22.0
24592281,Male,5.0,17,17.0
24620223,Male,5.0,17,17.0
24681379,Male,5.0,17,17.0
24708719,Male,123.0,17,17.0
24420067,Female,123.0,17,17.0
24032393,Male,123.0,17,17.0
24714879,Male,123.0,17,17.0
24273822,Male,123.0,17,17.0
24636451,Female,123.0,17,17.0
24466715,Female,72.0,17,72.0
24588067,Male,34.0,17,34.0
24441081,Female,22.0,17,22.0
24060715,Male,24.0,17,24.0
24781939,Male,34.0,17,34.0
24392255,Male,23.0,17,23.0
24534288,Male,27.0,17,27.0
24320037,Male,123.0,17,17.0
24409231,Male,123.0,17,17.0
24266557,Male,123.0,17,17.0
23880073,Male,123.0,17,17.0
24554705,Male,123.0,17,17.0
24489871,Male,123.0,17,17.0
23995699,Female,123.0,17,17.0
23903103,Female,65.0,17,65.0
23877217,Female,23.0,17,23.0
24257681,Male,33.0,17,33.0
24451613,Male,28.0,17,28.0
24095673,Male,44.0,17,44.0
23887913,Male,36.0,17,36.0
24641127,Male,30.0,17,30.0
24374469,Male,40.0,17,40.0
24269843,Male,40.0,17,40.0
24114743,Male,5.0,17,17.0
24055171,Male,5.0,17,17.0
24443097,Female,123.0,17,17.0
24114671,Male,123.0,17,17.0
24498537,Male,123.0,17,17.0
24443699,Female,123.0,17,17.0
24545353,Female,123.0,17,17.0
24374273,Male,24.0,17,24.0
24276147,Male,41.0,17,41.0
24458749,Female,24.0,17,24.0
24004291,Male,23.0,17,23.0
24006353,Female,27.0,17,27.0
24750579,Male,55.0,17,55.0
24524087,Male,23.0,17,23.0
24393957,Female,48.0,17,48.0
24096877,Male,44.0,17,44.0
24774869,Male,37.0,17,37.0
24868529,Male,23.0,17,23.0
24762731,Female,123.0,17,17.0
24804969,Male,5.0,17,17.0
24812557,Male,5.0,17,17.0
24257723,Male,5.0,17,17.0
24560473,Male,123.0,17,17.0
24591161,Female,123.0,17,17.0
24701075,Male,123.0,17,17.0
24790297,Male,25.0,17,25.0
24795127,Male,23.0,17,23.0
24246439,Male,50.0,17,50.0
24187905,Male,36.0,17,36.0
24190075,Male,41.0,17,41.0
24145107,Female,51.0,17,51.0
24479189,Male,123.0,17,17.0
24098249,Female,27.0,17,27.0
24147879,Male,22.0,17,22.0
24430021,Female,30.0,17,30.0
24276539,Female,51.0,17,51.0
24379943,Male,5.0,17,17.0
24691163,Male,123.0,17,17.0
24248553,Male,123.0,17,17.0
24569867,Male,123.0,17,17.0
23871687,Male,123.0,17,17.0
24191335,Female,43.0,17,43.0
24240839,Female,21.0,17,21.0
23896430,Male,24.0,17,24.0
24542329,Female,55.0,17,55.0
24301515,Male,45.0,17,45.0
24628782,Male,28.0,17,28.0
24171749,Female,27.0,17,27.0
23894983,Male,28.0,17,28.0
24395903,Male,23.0,17,23.0
24359377,Female,26.0,17,26.0
24387195,Female,27.0,17,27.0
24064131,Male,123.0,17,17.0
24678451,Male,123.0,17,17.0
24601269,Male,123.0,17,17.0
24449827,Male,123.0,17,17.0
24405297,Female,28.0,17,28.0
24098739,Male,26.0,17,26.0
24416105,Male,41.0,17,41.0
24513083,Female,34.0,17,34.0
24135813,Male,24.0,17,24.0
24180247,Male,24.0,17,24.0
24686459,Female,30.0,17,30.0
24493427,Male,5.0,17,17.0
24554411,Male,5.0,17,17.0
24540747,Male,123.0,17,17.0
24570609,Male,123.0,17,17.0
24500637,Female,123.0,17,17.0
24852457,Male,123.0,17,17.0
24505915,Male,123.0,17,17.0
24629353,Female,123.0,17,17.0
24774039,Male,123.0,17,17.0
23573417,Male,123.0,18,18.0
23400181,Female,24.0,18,24.0
23503109,Male,24.0,18,24.0
23608641,Male,33.0,18,33.0
23557499,Male,27.0,18,27.0
23434131,Female,23.0,18,23.0
23592051,Male,5.0,18,18.0
23805551,Male,5.0,18,18.0
23754941,Male,123.0,18,18.0
23440277,Male,123.0,18,18.0
23717077,Male,123.0,18,18.0
23524310,Male,123.0,18,18.0
23746163,Female,29.0,18,29.0
23710393,Male,22.0,18,22.0
23789297,Male,24.0,18,24.0
23774247,Female,25.0,18,25.0
23825415,Female,36.0,18,36.0
23450651,Female,24.0,18,24.0
23749159,Male,22.0,18,22.0
23432731,Female,26.0,18,26.0
23477181,Male,123.0,18,18.0
23550793,Male,123.0,18,18.0
23738715,Male,123.0,18,18.0
23851695,Male,21.0,18,21.0
23620751,Male,29.0,18,29.0
23581677,Female,26.0,18,26.0
23725023,Male,26.0,18,26.0
23654953,Female,23.0,18,23.0
23528743,Male,123.0,18,18.0
23523787,Male,27.0,18,27.0
23540979,Male,24.0,18,24.0
23614968,Male,21.0,18,21.0
23842539,Male,5.0,18,18.0
23537675,Male,123.0,18,18.0
23414979,Male,123.0,18,18.0
23647953,Male,123.0,18,18.0
23671081,Male,25.0,18,25.0
23808127,Male,33.0,18,33.0
23562077,Male,22.0,18,22.0
23524249,Male,30.0,18,30.0
23769499,Male,22.0,18,22.0
23675071,Male,38.0,18,38.0
23747465,Male,5.0,18,18.0
23754059,Male,5.0,18,18.0
23646077,Male,123.0,18,18.0
23507351,Male,123.0,18,18.0
23502353,Male,123.0,18,18.0
23815491,Male,123.0,18,18.0
23425549,Female,123.0,18,18.0
23526419,Female,24.0,18,24.0
23816233,Female,20.0,18,20.0
23607143,Female,68.0,18,68.0
23634107,Male,21.0,18,21.0
23527427,Male,42.0,18,42.0
23495535,Male,23.0,18,23.0
23685585,Male,5.0,18,18.0
23759246,Male,123.0,18,18.0
23450665,Male,123.0,18,18.0
23521323,Male,123.0,18,18.0
23564919,Male,123.0,18,18.0
23774037,Male,27.0,18,27.0
23770215,Male,24.0,18,24.0
23502016,Female,22.0,18,22.0
23813195,Female,22.0,18,22.0
23526881,Male,31.0,18,31.0
23460367,Female,27.0,18,27.0
23665131,Female,27.0,18,27.0
23661183,Male,23.0,18,23.0
23738631,Male,39.0,18,39.0
23699039,Male,25.0,18,25.0
23422413,Male,123.0,18,18.0
23445820,Male,123.0,18,18.0
23607871,Male,123.0,18,18.0
23679565,Female,30.0,18,30.0
23397773,Female,24.0,18,24.0
23667063,Male,30.0,18,30.0
23475599,Female,33.0,18,33.0
23569749,Female,22.0,18,22.0
23725737,Male,5.0,18,18.0
23742299,Female,5.0,18,18.0
23658215,Male,5.0,18,18.0
23463111,Female,123.0,18,18.0
23726353,Male,123.0,18,18.0
23770691,Male,123.0,18,18.0
23735429,Female,123.0,18,18.0
23690093,Male,123.0,18,18.0
23395141,Female,123.0,18,18.0
23676625,Female,123.0,18,18.0
23722391,Female,25.0,18,25.0
23751623,Male,65.0,18,65.0
23643347,Female,71.0,18,71.0
23524921,Female,25.0,18,25.0
23485287,Female,48.0,18,48.0
23441929,Female,22.0,18,22.0
23393293,Male,41.0,18,41.0
23480681,Male,45.0,18,45.0
23791383,Male,21.0,18,21.0
23637957,Female,123.0,18,18.0
23789311,Male,5.0,18,18.0
23540391,Male,123.0,18,18.0
23847733,Female,123.0,18,18.0
23863287,Female,35.0,18,35.0
23581481,Male,37.0,18,37.0
23854957,Female,74.0,18,74.0
23387189,Female,37.0,18,37.0
23658453,Male,23.0,18,23.0
23510977,Male,20.0,18,20.0
23769781,Male,5.0,18,18.0
23745211,Male,5.0,18,18.0
23697947,Male,5.0,18,18.0
23515387,Male,5.0,18,18.0
23472967,Male,123.0,18,18.0
23825683,Male,123.0,18,18.0
23435959,Male,123.0,18,18.0
23426053,Male,25.0,18,25.0
23457464,Female,35.0,18,35.0
23490271,Male,77.0,18,77.0
23791131,Female,22.0,18,22.0
23434803,Male,23.0,18,23.0
23757755,Male,22.0,18,22.0
23713445,Male,5.0,18,18.0
23639721,Male,123.0,18,18.0
23458219,Male,123.0,18,18.0
23663141,Male,123.0,18,18.0
23411311,Male,123.0,18,18.0
23380735,Female,28.0,18,28.0
23669107,Male,57.0,18,57.0
23636823,Female,23.0,18,23.0
23384235,Male,45.0,18,45.0
23522102,Male,120.0,18,18.0
23594011,Male,123.0,18,18.0
23839067,Male,38.0,18,38.0
23805285,Female,25.0,18,25.0
23442223,Male,5.0,18,18.0
23465855,Male,123.0,18,18.0
23578583,Male,123.0,18,18.0
23732163,Male,123.0,18,18.0
23689029,Female,123.0,18,18.0
23708377,Male,29.0,18,29.0
23860221,Male,27.0,18,27.0
23485194,Female,30.0,18,30.0
23481689,Male,57.0,18,57.0
23809625,Female,23.0,18,23.0
23459009,Male,22.0,18,22.0
23744902,Male,123.0,18,18.0
23423533,Male,123.0,18,18.0
23571905,Female,123.0,18,18.0
23791425,Male,123.0,18,18.0
23671069,Male,123.0,18,18.0
23699711,Female,123.0,18,18.0
23510067,Male,123.0,18,18.0
23529093,Male,123.0,18,18.0
23726983,Male,123.0,18,18.0
23784243,Male,23.0,18,23.0
23677297,Female,23.0,18,23.0
23487667,Male,27.0,18,27.0
23771475,Male,26.0,18,26.0
23580025,Female,37.0,18,37.0
23560425,Male,5.0,18,18.0
23715825,Male,5.0,18,18.0
23789605,Male,5.0,18,18.0
23784229,Male,123.0,18,18.0
23664711,Male,123.0,18,18.0
23602467,Male,123.0,18,18.0
23679789,Male,123.0,18,18.0
23587025,Male,25.0,18,25.0
23625371,Male,56.0,18,56.0
23540307,Male,40.0,18,40.0
23399005,Male,24.0,18,24.0
23670395,Female,33.0,18,33.0
23669711,Male,52.0,18,52.0
23793609,Male,45.0,18,45.0
23728509,Male,123.0,18,18.0
23539579,Male,26.0,18,26.0
23502255,Female,123.0,18,18.0
23847285,Male,123.0,18,18.0
23854705,Female,123.0,18,18.0
23721117,Female,123.0,18,18.0
23623213,Male,123.0,18,18.0
23482977,Male,123.0,18,18.0
23841517,Male,49.0,18,49.0
23725429,Male,25.0,18,25.0
23727109,Female,35.0,18,35.0
23819313,Female,44.0,18,44.0
23677717,Female,35.0,18,35.0
23438835,Male,24.0,18,24.0
23614353,Female,26.0,18,26.0
23825207,Male,22.0,18,22.0
23858009,Male,30.0,18,30.0
23678367,Male,123.0,18,18.0
23471819,Male,123.0,18,18.0
23584589,Male,123.0,18,18.0
23761717,Female,22.0,18,22.0
23391683,Female,50.0,18,50.0
23680349,Male,35.0,18,35.0
23863609,Male,27.0,18,27.0
23429553,Male,22.0,18,22.0
23858807,Female,41.0,18,41.0
23753163,Male,23.0,18,23.0
23479015,Female,20.0,18,20.0
23859129,Male,25.0,18,25.0
23492315,Male,123.0,18,18.0
23794883,Male,123.0,18,18.0
23605379,Male,123.0,18,18.0
23816289,Male,123.0,18,18.0
23742061,Male,22.0,18,22.0
23633519,Female,20.0,18,20.0
23699837,UNKNOWN,24.0,18,24.0
23658397,Male,22.0,18,22.0
23405302,Male,22.0,18,22.0
23575895,Male,31.0,18,31.0
23384109,Male,5.0,18,18.0
23850407,Male,123.0,18,18.0
23576203,Male,123.0,18,18.0
23643921,Female,123.0,18,18.0
23858947,Male,123.0,18,18.0
23602005,Male,25.0,18,25.0
23522723,Male,30.0,18,30.0
23775087,Female,21.0,18,21.0
23600983,Male,27.0,18,27.0
23838067,Male,43.0,18,43.0
23818627,Male,5.0,18,18.0
23506315,Male,123.0,18,18.0
23755935,Female,123.0,18,18.0
23659881,Male,38.0,18,38.0
23475809,Male,36.0,18,36.0
23632203,Female,45.0,18,45.0
23589601,Male,123.0,18,18.0
23440753,Male,42.0,18,42.0
23620345,Male,35.0,18,35.0
23681371,Male,123.0,18,18.0
23579003,Male,123.0,18,18.0
23439479,Male,123.0,18,18.0
23625861,Male,27.0,18,27.0
23653486,Female,59.0,18,59.0
23709609,Female,42.0,18,42.0
23572521,Male,29.0,18,29.0
23517865,Male,33.0,18,33.0
23865233,Male,31.0,18,31.0
23750307,Female,36.0,18,36.0
23494513,Male,5.0,18,18.0
23518993,Male,5.0,18,18.0
23567145,Male,123.0,18,18.0
23425213,Male,123.0,18,18.0
23813447,Female,27.0,18,27.0
23866717,Male,26.0,18,26.0
23642619,Male,22.0,18,22.0
23607059,Male,22.0,18,22.0
23544311,Male,5.0,18,18.0
23384110,Male,5.0,18,18.0
23474815,Female,123.0,18,18.0
23467661,Male,123.0,18,18.0
23389471,Male,123.0,18,18.0
23372209,Female,123.0,18,18.0
23817101,Female,21.0,18,21.0
23643235,Male,28.0,18,28.0
23706893,Male,123.0,18,18.0
23694475,Male,123.0,18,18.0
23626379,Male,21.0,18,21.0
23564107,Female,32.0,18,32.0
23528673,Male,30.0,18,30.0
23542463,Female,29.0,18,29.0
23583805,Male,33.0,18,33.0
23384165,Male,5.0,18,18.0
23744841,Female,123.0,18,18.0
23589265,Male,123.0,18,18.0
23595086,Male,123.0,18,18.0
23685508,Female,60.0,18,60.0
23671613,Female,38.0,18,38.0
23429581,Male,29.0,18,29.0
23590049,Female,25.0,18,25.0
23842553,Female,23.0,18,23.0
23587319,Male,40.0,18,40.0
23614479,Male,24.0,18,24.0
23490075,Female,5.0,18,18.0
23449811,Male,123.0,18,18.0
23349991,Female,46.0,19,46.0
23260923,Female,26.0,19,26.0
23005339,Male,38.0,19,38.0
23181431,Male,26.0,19,26.0
23115995,Male,27.0,19,27.0
23044441,Male,5.0,19,19.0
23068297,Male,123.0,19,19.0
23017088,Male,123.0,19,19.0
23201773,Male,123.0,19,19.0
23189705,Male,123.0,19,19.0
23290995,Male,28.0,19,28.0
23082689,Female,24.0,19,24.0
23257969,Male,33.0,19,33.0
23092293,Female,24.0,19,24.0
22964697,Female,27.0,19,27.0
23053135,Male,28.0,19,28.0
23123773,Male,28.0,19,28.0
23103465,Male,20.0,19,20.0
23345468,Male,5.0,19,19.0
23256219,Male,123.0,19,19.0
23142749,Male,20.0,19,20.0
23321053,Male,29.0,19,29.0
23032821,Male,26.0,19,26.0
23004184,Male,28.0,19,28.0
23355031,Male,28.0,19,28.0
23290519,Male,24.0,19,24.0
22928602,Male,123.0,19,19.0
23230865,Male,123.0,19,19.0
23188795,Male,41.0,19,41.0
23093189,Male,36.0,19,36.0
23130933,Female,33.0,19,33.0
23212133,Male,23.0,19,23.0
22960077,Female,27.0,19,27.0
23359231,Male,53.0,19,53.0
23261511,Male,45.0,19,45.0
23218469,Male,123.0,19,19.0
23092545,Male,123.0,19,19.0
22940589,Male,123.0,19,19.0
23272165,Female,123.0,19,19.0
23104431,Female,32.0,19,32.0
23353482,Female,59.0,19,59.0
22981903,Female,35.0,19,35.0
23232251,Female,33.0,19,33.0
23284765,Male,45.0,19,45.0
23002409,Female,50.0,19,50.0
23341955,Male,35.0,19,35.0
23333527,Male,123.0,19,19.0
23105107,Female,32.0,19,32.0
22957655,Male,5.0,19,19.0
23225111,Male,5.0,19,19.0
23211391,Male,5.0,19,19.0
23133229,Male,123.0,19,19.0
23203621,Male,123.0,19,19.0
23321277,Male,123.0,19,19.0
23108295,Male,24.0,19,24.0
23129477,Female,24.0,19,24.0
23242485,Male,36.0,19,36.0
23207793,Female,37.0,19,37.0
23076164,Female,19.0,19,19.0
23046065,Male,29.0,19,29.0
23225965,Male,27.0,19,27.0
23366707,Female,47.0,19,47.0
23120041,Male,29.0,19,29.0
23067373,Male,35.0,19,35.0
22954225,Male,5.0,19,19.0
23275623,Male,5.0,19,19.0
23357673,Male,5.0,19,19.0
23043167,Female,123.0,19,19.0
23094687,Female,123.0,19,19.0
22928255,Male,123.0,19,19.0
23354275,Male,42.0,19,42.0
23114245,Male,23.0,19,23.0
23174865,Male,23.0,19,23.0
22988329,Male,123.0,19,19.0
22976219,Male,123.0,19,19.0
23354530,Male,123.0,19,19.0
23319387,Male,27.0,19,27.0
23180913,Female,64.0,19,64.0
23088877,Male,35.0,19,35.0
23229913,Male,19.0,19,19.0
22941079,Male,5.0,19,19.0
23073341,Male,123.0,19,19.0
23195039,Female,16.0,19,16.0
23050139,Female,37.0,19,37.0
23245691,Male,41.0,19,41.0
22931391,Male,123.0,19,19.0
23154453,Female,25.0,19,25.0
23237529,Male,30.0,19,30.0
23286563,Male,5.0,19,19.0
23051140,Male,123.0,19,19.0
23181039,Male,123.0,19,19.0
23114399,Male,22.0,19,22.0
23271829,Male,35.0,19,35.0
23025107,Male,26.0,19,26.0
23057752,Male,118.0,19,19.0
23294733,Male,37.0,19,37.0
23149651,Male,25.0,19,25.0
23177007,Male,32.0,19,32.0
23284093,Male,42.0,19,42.0
23298429,Female,42.0,19,42.0
23006711,Male,123.0,19,19.0
23360659,Male,123.0,19,19.0
23126481,Male,123.0,19,19.0
23218454,Male,123.0,19,19.0
23042047,Male,20.0,19,20.0
23330839,Male,21.0,19,21.0
23333135,Female,32.0,19,32.0
23038547,Male,5.0,19,19.0
23153235,Male,123.0,19,19.0
23152543,Male,123.0,19,19.0
23128133,Male,123.0,19,19.0
23124913,Male,27.0,19,27.0
23018107,Female,33.0,19,33.0
23126215,Male,31.0,19,31.0
23291401,Female,39.0,19,39.0
23014075,Male,5.0,19,19.0
23089871,Female,123.0,19,19.0
23049355,Female,123.0,19,19.0
22934275,Male,41.0,19,41.0
23122421,Male,66.0,19,66.0
23227841,Male,123.0,19,19.0
22980055,Male,24.0,19,24.0
23209445,Male,45.0,19,45.0
23008419,Male,29.0,19,29.0
23221037,Female,25.0,19,25.0
22961183,Male,5.0,19,19.0
23184315,Male,123.0,19,19.0
23274965,Male,123.0,19,19.0
23280873,Male,123.0,19,19.0
23004709,Male,123.0,19,19.0
23221947,Male,123.0,19,19.0
23260727,Female,48.0,19,48.0
23114707,Male,23.0,19,23.0
23006165,Male,45.0,19,45.0
23268343,Female,33.0,19,33.0
23110941,Male,34.0,19,34.0
22982785,Male,34.0,19,34.0
23319149,Female,37.0,19,37.0
23148097,Female,24.0,19,24.0
23160515,Male,5.0,19,19.0
23030315,Male,5.0,19,19.0
22934093,Male,123.0,19,19.0
23034977,Female,123.0,19,19.0
23290869,Male,27.0,19,27.0
23069431,Male,22.0,19,22.0
23163819,Female,24.0,19,24.0
22940525,Female,26.0,19,26.0
23237571,Female,27.0,19,27.0
23070607,Male,26.0,19,26.0
22982813,Male,25.0,19,25.0
23123681,Female,25.0,19,25.0
23201941,Male,24.0,19,24.0
22954883,Male,37.0,19,37.0
23362633,Male,27.0,19,27.0
23067541,Male,5.0,19,19.0
23280930,Male,123.0,19,19.0
23275472,Female,123.0,19,19.0
22964781,Male,123.0,19,19.0
23033465,Male,23.0,19,23.0
22973293,Male,23.0,19,23.0
23358013,Male,5.0,19,19.0
23022349,Male,123.0,19,19.0
23294761,Female,123.0,19,19.0
22944394,Male,123.0,19,19.0
23212875,Male,25.0,19,25.0
23240812,Male,22.0,19,22.0
22927611,Female,28.0,19,28.0
23184469,Female,27.0,19,27.0
23078965,Female,36.0,19,36.0
23134475,Male,21.0,19,21.0
22941457,Male,5.0,19,19.0
23092909,Male,5.0,19,19.0
22987475,Male,123.0,19,19.0
23023805,Male,123.0,19,19.0
23294271,Male,123.0,19,19.0
23037399,Male,123.0,19,19.0
23351055,Male,123.0,19,19.0
23053575,Male,25.0,19,25.0
23272291,Male,23.0,19,23.0
23164785,Male,19.0,19,19.0
23055795,Male,24.0,19,24.0
23331791,Male,28.0,19,28.0
23245033,Male,28.0,19,28.0
23033255,Female,27.0,19,27.0
23271997,Female,35.0,19,35.0
23354499,Male,123.0,19,19.0
23031281,Male,123.0,19,19.0
23217495,Male,123.0,19,19.0
23287313,Female,123.0,19,19.0
23325743,Female,117.0,19,19.0
23069207,Female,33.0,19,33.0
23203775,Male,26.0,19,26.0
23084817,Male,22.0,19,22.0
23100413,Male,5.0,19,19.0
23044147,Male,5.0,19,19.0
23277163,Male,123.0,19,19.0
23317973,Female,123.0,19,19.0
23003855,Female,123.0,19,19.0
23130569,Male,123.0,19,19.0
23156931,Female,34.0,19,34.0
23267531,Female,24.0,19,24.0
22936837,Male,23.0,19,23.0
23168649,Male,123.0,19,19.0
23204461,Female,39.0,19,39.0
23227351,Male,39.0,19,39.0
23095863,Male,31.0,19,31.0
23005577,Male,42.0,19,42.0
23095485,Male,123.0,19,19.0
23247539,Male,123.0,19,19.0
23144877,Male,123.0,19,19.0
23122855,Male,123.0,19,19.0
23031757,Male,123.0,19,19.0
23001391,Male,21.0,19,21.0
22962513,Male,30.0,19,30.0
22944467,Male,28.0,19,28.0
23202123,Male,25.0,19,25.0
22951537,Male,5.0,19,19.0
23106363,Male,123.0,19,19.0
23313157,Female,123.0,19,19.0
23139879,Male,123.0,19,19.0
23240581,Female,119.0,19,19.0
23325785,Male,27.0,19,27.0
22970243,Male,32.0,19,32.0
22951912,Female,30.0,19,30.0
23311953,Female,46.0,19,46.0
23212497,Male,24.0,19,24.0
23323951,Male,31.0,19,31.0
23145507,Female,30.0,19,30.0
23165037,Male,25.0,19,25.0
23366081,Male,5.0,19,19.0
23071498,Male,5.0,19,19.0
22961673,Male,123.0,19,19.0
23318691,Male,23.0,19,23.0
23272039,Male,25.0,19,25.0
23022083,Female,43.0,19,43.0
23136785,Male,34.0,19,34.0
23245201,Male,28.0,19,28.0
23179079,Female,24.0,19,24.0
23197405,Male,21.0,19,21.0
23226189,Male,123.0,19,19.0
23103045,Male,123.0,19,19.0
23040773,Male,23.0,19,23.0
23150547,Male,26.0,19,26.0
22934829,Male,5.0,19,19.0
23081303,Male,5.0,19,19.0
23138087,Male,123.0,19,19.0
23179191,Male,123.0,19,19.0
22564619,Male,26.0,20,26.0
22662152,Male,24.0,20,24.0
22737897,Male,53.0,20,53.0
22576099,Female,34.0,20,34.0
22875139,Male,17.0,20,17.0
22670291,Male,23.0,20,23.0
22899359,Male,23.0,20,23.0
22436127,Male,39.0,20,39.0
22580971,Male,32.0,20,32.0
22818705,Male,35.0,20,35.0
22577947,Female,52.0,20,52.0
22838235,Female,5.0,20,20.0
22714335,Male,5.0,20,20.0
22645119,Male,5.0,20,20.0
22516109,Male,123.0,20,20.0
22817697,Male,123.0,20,20.0
22764357,Male,123.0,20,20.0
22707042,Male,123.0,20,20.0
22445157,Male,123.0,20,20.0
22895061,Male,123.0,20,20.0
22621417,Male,122.0,20,20.0
22830327,Male,32.0,20,32.0
22541477,Female,36.0,20,36.0
22549737,Male,27.0,20,27.0
22859445,Male,5.0,20,20.0
22688169,Male,5.0,20,20.0
22548029,Male,123.0,20,20.0
22462111,Male,123.0,20,20.0
22759513,Male,123.0,20,20.0
22773233,Female,25.0,20,25.0
22789935,Male,34.0,20,34.0
22833937,Male,45.0,20,45.0
22600753,Female,34.0,20,34.0
22488431,Female,37.0,20,37.0
22872835,Male,26.0,20,26.0
22828953,Male,27.0,20,27.0
22734411,Male,31.0,20,31.0
22653855,Female,21.0,20,21.0
22747459,Male,23.0,20,23.0
22911595,Female,46.0,20,46.0
22554388,Male,27.0,20,27.0
22760675,Male,5.0,20,20.0
22774031,Male,5.0,20,20.0
22721657,Male,123.0,20,20.0
22550451,Male,123.0,20,20.0
22882111,Male,123.0,20,20.0
22736071,Female,123.0,20,20.0
22493371,Female,123.0,20,20.0
22717149,Male,123.0,20,20.0
22849383,Female,31.0,20,31.0
22668835,Male,28.0,20,28.0
22792003,Male,32.0,20,32.0
22534757,Male,40.0,20,40.0
22809731,Male,53.0,20,53.0
22871975,Male,5.0,20,20.0
22563163,Male,5.0,20,20.0
22530417,Male,123.0,20,20.0
22650495,Male,123.0,20,20.0
22559775,Male,123.0,20,20.0
22556212,Male,26.0,20,26.0
22548113,Male,118.0,20,20.0
22498559,Female,34.0,20,34.0
22639449,Female,32.0,20,32.0
22682009,Male,123.0,20,20.0
22679909,Male,123.0,20,20.0
22600221,Male,22.0,20,22.0
22715091,Male,31.0,20,31.0
22845705,Male,5.0,20,20.0
22667043,Male,123.0,20,20.0
22694287,Female,123.0,20,20.0
22878360,Male,123.0,20,20.0
22460767,Male,123.0,20,20.0
22587047,Male,34.0,20,34.0
22759027,Female,40.0,20,40.0
22805657,Male,24.0,20,24.0
22435623,Female,123.0,20,20.0
22689163,Male,24.0,20,24.0
22468621,Male,35.0,20,35.0
22557829,Male,37.0,20,37.0
22477833,Male,5.0,20,20.0
22762355,Male,5.0,20,20.0
22615131,Male,123.0,20,20.0
22595909,Male,123.0,20,20.0
22606801,Female,123.0,20,20.0
22626429,Male,123.0,20,20.0
22760227,Male,123.0,20,20.0
22753871,Male,123.0,20,20.0
22880123,Male,123.0,20,20.0
22685985,Male,123.0,20,20.0
22909509,Male,30.0,20,30.0
22526917,Male,26.0,20,26.0
22870015,Male,40.0,20,40.0
22566159,Male,25.0,20,25.0
22652441,Male,5.0,20,20.0
22834202,Male,123.0,20,20.0
22767367,Female,123.0,20,20.0
22823087,Male,123.0,20,20.0
22727803,Female,26.0,20,26.0
22918861,Male,42.0,20,42.0
22736399,Male,123.0,20,20.0
22604939,Male,30.0,20,30.0
22815219,Female,41.0,20,41.0
22627017,Male,27.0,20,27.0
22455461,Male,38.0,20,38.0
22594831,Male,29.0,20,29.0
22661247,Male,26.0,20,26.0
22679349,Female,41.0,20,41.0
22608474,Male,5.0,20,20.0
22799931,Male,5.0,20,20.0
22919477,Male,5.0,20,20.0
22705053,Male,123.0,20,20.0
22862049,Male,123.0,20,20.0
22680511,Male,123.0,20,20.0
22717723,Male,123.0,20,20.0
22473731,Female,38.0,20,38.0
22812237,Male,36.0,20,36.0
22612737,Male,27.0,20,27.0
22922049,Male,32.0,20,32.0
22777755,Male,123.0,20,20.0
22466325,Male,123.0,20,20.0
22666945,Male,123.0,20,20.0
22800057,Male,123.0,20,20.0
22547455,Male,34.0,20,34.0
22700125,Male,27.0,20,27.0
22623839,Male,30.0,20,30.0
22909797,Male,23.0,20,23.0
22586235,Male,25.0,20,25.0
22842169,Male,23.0,20,23.0
22803837,Male,24.0,20,24.0
22489859,Male,27.0,20,27.0
22594201,Male,5.0,20,20.0
22883889,Male,5.0,20,20.0
22739773,Male,5.0,20,20.0
22641787,Male,123.0,20,20.0
22724247,Male,123.0,20,20.0
22829541,Male,123.0,20,20.0
22447571,Male,123.0,20,20.0
22880409,Male,123.0,20,20.0
22544935,Female,123.0,20,20.0
22707643,Male,123.0,20,20.0
22597393,Male,26.0,20,26.0
22876707,Female,47.0,20,47.0
22500975,Female,54.0,20,54.0
22885233,Male,26.0,20,26.0
22524187,Male,27.0,20,27.0
22524915,Male,31.0,20,31.0
22776985,Male,26.0,20,26.0
22606409,Male,28.0,20,28.0
22668429,Female,39.0,20,39.0
22775795,Male,22.0,20,22.0
22843373,Male,31.0,20,31.0
22499729,Female,123.0,20,20.0
22748189,Male,123.0,20,20.0
22861671,Male,24.0,20,24.0
22494227,Male,120.0,20,20.0
22566089,Male,42.0,20,42.0
22570947,Female,62.0,20,62.0
22603560,Male,47.0,20,47.0
22570933,Male,5.0,20,20.0
22529689,Male,123.0,20,20.0
22527239,Female,123.0,20,20.0
22837563,Male,123.0,20,20.0
22604631,Male,24.0,20,24.0
22719725,Male,30.0,20,30.0
22618533,Female,31.0,20,31.0
22664691,Male,28.0,20,28.0
22499071,Male,31.0,20,31.0
22903979,Male,23.0,20,23.0
22469475,Male,37.0,20,37.0
22536885,Male,22.0,20,22.0
22798769,Male,39.0,20,39.0
22737001,Male,27.0,20,27.0
22462023,Male,123.0,20,20.0
22463119,Male,123.0,20,20.0
22459367,Male,123.0,20,20.0
22442651,Male,123.0,20,20.0
22909243,Female,123.0,20,20.0
22647261,Female,42.0,20,42.0
22444513,Female,50.0,20,50.0
22798755,Male,20.0,20,20.0
22702773,Male,30.0,20,30.0
22716372,Male,120.0,20,20.0
22692537,Female,25.0,20,25.0
22573803,Male,5.0,20,20.0
22789459,Male,123.0,20,20.0
22756937,Male,123.0,20,20.0
22705823,Male,123.0,20,20.0
22520379,Male,39.0,20,39.0
22911931,Male,123.0,20,20.0
22523221,Female,23.0,20,23.0
22768151,Male,5.0,20,20.0
22847587,Male,123.0,20,20.0
22533049,Male,123.0,20,20.0
22575035,Male,34.0,20,34.0
22613129,Male,55.0,20,55.0
22568259,Female,47.0,20,47.0
22634339,Male,23.0,20,23.0
22625813,Male,29.0,20,29.0
22736791,Female,33.0,20,33.0
22670697,Male,5.0,20,20.0
22616573,Male,5.0,20,20.0
22724863,Male,5.0,20,20.0
22512077,Male,123.0,20,20.0
22508115,Male,123.0,20,20.0
22856085,Female,123.0,20,20.0
22824501,Female,25.0,20,25.0
22618547,Male,68.0,20,68.0
22837507,Male,31.0,20,31.0
22862063,Male,23.0,20,23.0
22899807,Female,36.0,20,36.0
22714573,Male,123.0,20,20.0
22542415,Male,123.0,20,20.0
22443211,Male,123.0,20,20.0
22793001,Male,123.0,20,20.0
22545033,Male,123.0,20,20.0
22468663,Male,123.0,20,20.0
22897315,Male,123.0,20,20.0
22671980,Male,26.0,20,26.0
22644587,Male,24.0,20,24.0
22671970,Male,25.0,20,25.0
22811075,Female,31.0,20,31.0
22595783,Male,27.0,20,27.0
22889937,Male,39.0,20,39.0
22925385,Female,41.0,20,41.0
22905603,Male,54.0,20,54.0
22847923,Male,42.0,20,42.0
22817687,Female,41.0,20,41.0
22802829,Female,34.0,20,34.0
22586901,Male,5.0,20,20.0
22904749,Male,123.0,20,20.0
22454943,Male,123.0,20,20.0
22523459,Male,123.0,20,20.0
22512973,Male,123.0,20,20.0
22618729,Male,123.0,20,20.0
22718465,Male,123.0,20,20.0
22838431,Male,123.0,20,20.0
22664705,Male,35.0,20,35.0
22457911,Male,30.0,20,30.0
22632715,Male,38.0,20,38.0
22673539,Male,36.0,20,36.0
22748229,Female,23.0,20,23.0
22720215,Male,31.0,20,31.0
22597640,Female,26.0,20,26.0
22731975,Male,26.0,20,26.0
22884939,Male,30.0,20,30.0
22528954,Female,123.0,20,20.0
22454369,Male,123.0,20,20.0
22633219,Female,123.0,20,20.0
22869945,Female,39.0,20,39.0
22751757,Female,51.0,20,51.0
22861657,Male,30.0,20,30.0
22649081,Male,23.0,20,23.0
22521933,Male,40.0,20,40.0
22453303,Male,46.0,20,46.0
22920639,Male,38.0,20,38.0
22578339,Female,25.0,20,25.0
22768459,Male,32.0,20,32.0
22586459,Male,23.0,20,23.0
22793141,Male,123.0,20,20.0
22727467,Male,33.0,20,33.0
22746437,Female,43.0,20,43.0
22529913,Male,57.0,20,57.0
22906317,Male,25.0,20,25.0
22738135,Female,35.0,20,35.0
22796333,Male,123.0,20,20.0
22926841,Male,123.0,20,20.0
22689247,Male,123.0,20,20.0
22817669,Male,123.0,20,20.0
22604155,Male,23.0,20,23.0
22838403,Female,29.0,20,29.0
22704545,Male,41.0,20,41.0
22482943,Male,29.0,20,29.0
22896265,Female,50.0,20,50.0
22796515,Male,31.0,20,31.0
22620227,Male,29.0,20,29.0
22817431,Female,5.0,20,20.0
22494199,Male,123.0,20,20.0
22490083,Male,123.0,20,20.0
22694945,Male,123.0,20,20.0
22441615,Male,21.0,20,21.0
22531943,Male,32.0,20,32.0
22892961,Male,28.0,20,28.0
22622509,Female,55.0,20,55.0
22740165,Female,35.0,20,35.0
22689429,Female,30.0,20,30.0
22755007,Male,26.0,20,26.0
22883301,Male,26.0,20,26.0
22506295,Female,53.0,20,53.0
22689779,Male,21.0,20,21.0
22517078,Male,5.0,20,20.0
22592857,Male,5.0,20,20.0
22614011,Male,5.0,20,20.0
22620983,Female,123.0,20,20.0
22504475,Male,123.0,20,20.0
22007195,Female,40.0,21,40.0
22376263,Male,24.0,21,24.0
22209285,Male,28.0,21,28.0
21863583,Male,22.0,21,22.0
22055215,Female,41.0,21,41.0
22284367,Male,29.0,21,29.0
22238951,Male,42.0,21,42.0
22021503,Female,22.0,21,22.0
22251593,Male,22.0,21,22.0
22346037,Male,5.0,21,21.0
22134637,Male,5.0,21,21.0
22054669,Male,5.0,21,21.0
22408925,Male,123.0,21,21.0
22273111,Male,123.0,21,21.0
21874335,Male,123.0,21,21.0
21833189,Male,26.0,21,26.0
21802577,Male,32.0,21,32.0
22239441,Female,37.0,21,37.0
22254477,Male,39.0,21,39.0
21935277,Male,123.0,21,21.0
22323735,Male,24.0,21,24.0
21838411,Male,24.0,21,24.0
22254701,Female,32.0,21,32.0
21845355,Male,29.0,21,29.0
21814191,Male,47.0,21,47.0
22391915,Female,49.0,21,49.0
21885689,Male,123.0,21,21.0
22368997,Male,123.0,21,21.0
22226351,Male,123.0,21,21.0
22300019,Male,123.0,21,21.0
22286257,Male,123.0,21,21.0
22099651,Female,32.0,21,32.0
21961723,Female,122.0,21,21.0
22115275,Female,51.0,21,51.0
21917945,Male,39.0,21,39.0
22358413,Male,25.0,21,25.0
22363002,Male,28.0,21,28.0
21822171,Female,24.0,21,24.0
21932110,Male,25.0,21,25.0
21829873,Male,21.0,21,21.0
22070055,Male,24.0,21,24.0
22170603,Male,41.0,21,41.0
22091503,Female,27.0,21,27.0
21789691,Male,5.0,21,21.0
21966119,Male,123.0,21,21.0
22210195,Male,123.0,21,21.0
21845943,Male,123.0,21,21.0
21913437,Male,123.0,21,21.0
22188607,Male,39.0,21,39.0
21862855,Male,24.0,21,24.0
21821499,Male,43.0,21,43.0
21785897,Female,25.0,21,25.0
22307061,Male,28.0,21,28.0
22190693,Female,26.0,21,26.0
21830613,Male,25.0,21,25.0
21999201,Male,25.0,21,25.0
21907977,Male,27.0,21,27.0
22094387,Female,32.0,21,32.0
21922431,Female,29.0,21,29.0
21900319,Female,42.0,21,42.0
21935253,Male,32.0,21,32.0
22393749,Male,18.0,21,18.0
21890323,Male,24.0,21,24.0
21954947,Female,44.0,21,44.0
21936481,Male,22.0,21,22.0
21943943,Male,4.0,21,21.0
22037015,Male,5.0,21,21.0
21861301,Male,5.0,21,21.0
21850031,Male,123.0,21,21.0
22058337,Male,123.0,21,21.0
22103263,Female,123.0,21,21.0
22038107,Male,123.0,21,21.0
22395107,Male,123.0,21,21.0
22289575,Male,123.0,21,21.0
22108373,Female,46.0,21,46.0
21959231,Female,30.0,21,30.0
21928669,Male,20.0,21,20.0
22046059,Male,35.0,21,35.0
21874937,Female,32.0,21,32.0
22185919,Female,31.0,21,31.0
22238545,Male,29.0,21,29.0
22049111,Male,5.0,21,21.0
22327459,Male,5.0,21,21.0
21871927,Male,123.0,21,21.0
21982835,Male,123.0,21,21.0
22013803,Female,123.0,21,21.0
22237229,Male,123.0,21,21.0
22188173,Male,123.0,21,21.0
21995127,Male,123.0,21,21.0
22158465,Male,34.0,21,34.0
22238475,Female,24.0,21,24.0
21879375,Female,23.0,21,23.0
22414609,Female,43.0,21,43.0
22308601,Male,5.0,21,21.0
22177029,Male,5.0,21,21.0
21930755,Male,123.0,21,21.0
22037421,Male,123.0,21,21.0
22115191,Female,123.0,21,21.0
22154349,Male,24.0,21,24.0
22423583,Male,20.0,21,20.0
22066408,Male,22.0,21,22.0
22214479,Male,29.0,21,29.0
21897094,Male,22.0,21,22.0
21798399,Male,123.0,21,21.0
22101009,Male,123.0,21,21.0
22164163,Male,123.0,21,21.0
22174425,Male,123.0,21,21.0
21999439,Male,123.0,21,21.0
22135337,Male,123.0,21,21.0
22045695,Female,28.0,21,28.0
21849849,Female,31.0,21,31.0
21957467,Male,19.0,21,19.0
21950131,Male,30.0,21,30.0
21867797,Female,36.0,21,36.0
22244243,Male,24.0,21,24.0
22001749,Female,25.0,21,25.0
22377299,Male,29.0,21,29.0
22396549,Male,30.0,21,30.0
21895993,Male,5.0,21,21.0
22129513,Male,123.0,21,21.0
21787465,Female,123.0,21,21.0
21967015,Male,123.0,21,21.0
21933751,Male,123.0,21,21.0
22310281,Male,123.0,21,21.0
21993965,Female,42.0,21,42.0
21920031,Male,27.0,21,27.0
22174621,Male,36.0,21,36.0
22311457,Male,29.0,21,29.0
22370873,Male,33.0,21,33.0
22097201,Female,123.0,21,21.0
21900179,Male,123.0,21,21.0
21939981,Female,123.0,21,21.0
21983451,Male,123.0,21,21.0
22257361,Male,123.0,21,21.0
21859439,Male,47.0,21,47.0
21911180,Male,29.0,21,29.0
22123857,Male,40.0,21,40.0
22074129,Male,25.0,21,25.0
22344329,Female,21.0,21,21.0
22370607,Male,33.0,21,33.0
22229823,Male,42.0,21,42.0
22289365,Female,18.0,21,18.0
21814541,Male,5.0,21,21.0
21967953,Male,5.0,21,21.0
22183651,Male,5.0,21,21.0
21928907,Male,123.0,21,21.0
21934955,Male,123.0,21,21.0
22274049,Male,123.0,21,21.0
21843605,Male,123.0,21,21.0
22261309,Female,123.0,21,21.0
22104915,Female,123.0,21,21.0
21828219,Female,26.0,21,26.0
21987147,Male,24.0,21,24.0
21950040,Female,27.0,21,27.0
22380533,Male,58.0,21,58.0
21943859,Female,28.0,21,28.0
22078665,Male,32.0,21,32.0
22257879,Male,5.0,21,21.0
22320781,Male,5.0,21,21.0
21827629,Male,123.0,21,21.0
21961121,Female,46.0,21,46.0
22352337,Male,25.0,21,25.0
21984865,Male,24.0,21,24.0
22172115,Female,23.0,21,23.0
22029777,Male,23.0,21,23.0
22399629,Female,22.0,21,22.0
21882357,Male,23.0,21,23.0
21789901,Male,52.0,21,52.0
21972251,Male,21.0,21,21.0
22163939,Male,28.0,21,28.0
22293958,Male,29.0,21,29.0
21802249,Male,67.0,21,67.0
21948031,Male,36.0,21,36.0
22049027,Male,5.0,21,21.0
22301895,Male,5.0,21,21.0
21830179,Male,5.0,21,21.0
22111397,Female,123.0,21,21.0
22291535,Male,123.0,21,21.0
22425431,Male,123.0,21,21.0
21933163,Male,123.0,21,21.0
21860461,Male,123.0,21,21.0
21929707,Male,123.0,21,21.0
22434237,Male,123.0,21,21.0
22122128,Male,22.0,21,22.0
21837053,Male,25.0,21,25.0
22321131,Male,30.0,21,30.0
21912107,Female,44.0,21,44.0
22110228,Male,123.0,21,21.0
22193042,Male,23.0,21,23.0
22111887,Female,27.0,21,27.0
21888881,Male,25.0,21,25.0
22061473,Male,30.0,21,30.0
22126993,Male,5.0,21,21.0
22410507,Male,5.0,21,21.0
21992176,Male,123.0,21,21.0
21821569,Male,123.0,21,21.0
22094065,Male,123.0,21,21.0
22240057,Female,29.0,21,29.0
22119391,Male,31.0,21,31.0
21885633,Male,21.0,21,21.0
21852551,Male,30.0,21,30.0
22397865,Female,30.0,21,30.0
22220373,Male,22.0,21,22.0
22060395,Male,29.0,21,29.0
22341053,Male,23.0,21,23.0
22370985,Male,36.0,21,36.0
22074437,Male,30.0,21,30.0
22041145,Male,5.0,21,21.0
21886809,Male,5.0,21,21.0
21849429,Male,123.0,21,21.0
21825321,Male,123.0,21,21.0
21996989,Female,123.0,21,21.0
22341585,Male,123.0,21,21.0
21824915,Male,33.0,21,33.0
21865991,Female,39.0,21,39.0
21847861,Male,123.0,21,21.0
22052835,Female,35.0,21,35.0
22148217,Male,23.0,21,23.0
22266307,Male,26.0,21,26.0
22381737,Female,23.0,21,23.0
21853769,Male,27.0,21,27.0
21824327,Male,33.0,21,33.0
21983353,Male,25.0,21,25.0
22236221,Male,123.0,21,21.0
22131165,Male,123.0,21,21.0
21986769,Female,123.0,21,21.0
22028895,Male,123.0,21,21.0
21875231,Male,123.0,21,21.0
22086197,Male,123.0,21,21.0
21822843,Male,123.0,21,21.0
22170281,Female,27.0,21,27.0
22133573,Female,32.0,21,32.0
22202271,Male,24.0,21,24.0
21813463,Male,25.0,21,25.0
22201459,Male,33.0,21,33.0
22320137,Female,36.0,21,36.0
22408421,Male,34.0,21,34.0
22034467,Male,26.0,21,26.0
22391509,Male,29.0,21,29.0
21816571,Male,32.0,21,32.0
21989219,Female,31.0,21,31.0
22074365,Male,26.0,21,26.0
22324225,Male,31.0,21,31.0
21968835,Male,5.0,21,21.0
22014836,Male,5.0,21,21.0
22412853,Male,5.0,21,21.0
21886459,Male,5.0,21,21.0
21973035,Female,123.0,21,21.0
21948535,Male,123.0,21,21.0
22421427,Male,123.0,21,21.0
22302231,Female,123.0,21,21.0
22165521,Male,123.0,21,21.0
22426453,Male,123.0,21,21.0
22091867,Female,123.0,21,21.0
21899171,Male,23.0,21,23.0
21973245,Female,23.0,21,23.0
22081297,Female,25.0,21,25.0
22203461,Male,39.0,21,39.0
21867069,Female,32.0,21,32.0
22256829,Male,27.0,21,27.0
22227648,Male,28.0,21,28.0
21879461,Female,43.0,21,43.0
21828807,Male,24.0,21,24.0
22077083,Male,35.0,21,35.0
21957607,Male,5.0,21,21.0
22368661,Male,5.0,21,21.0
22151479,Male,5.0,21,21.0
21998473,Female,123.0,21,21.0
21811153,Male,123.0,21,21.0
22091139,Male,123.0,21,21.0
21982737,Male,123.0,21,21.0
22019753,Female,47.0,21,47.0
21907162,Male,31.0,21,31.0
22130479,Male,26.0,21,26.0
21976885,Male,26.0,21,26.0
22304737,Female,26.0,21,26.0
21814457,Male,26.0,21,26.0
21935319,Female,35.0,21,35.0
21815325,Male,31.0,21,31.0
22054209,Male,5.0,21,21.0
21971145,Male,123.0,21,21.0
21945441,Female,123.0,21,21.0
22178219,Female,38.0,21,38.0
21865333,Female,29.0,21,29.0
22396104,Female,123.0,21,21.0
22424353,Male,26.0,21,26.0
22363985,Male,23.0,21,23.0
22077685,Male,32.0,21,32.0
21812203,Male,29.0,21,29.0
22136331,Male,5.0,21,21.0
22023841,Male,123.0,21,21.0
21875791,Male,123.0,21,21.0
22317659,Male,123.0,21,21.0
22125019,Male,44.0,21,44.0
22019291,Male,23.0,21,23.0
22324323,Male,29.0,21,29.0
22186269,Male,27.0,21,27.0
22388051,Male,24.0,21,24.0
21930195,Male,43.0,21,43.0
22092609,Male,27.0,21,27.0
22108569,Male,5.0,21,21.0
21935851,Male,123.0,21,21.0
22369546,Female,123.0,21,21.0
21981365,Male,123.0,21,21.0
22144143,Female,50.0,21,50.0
21842975,Male,28.0,21,28.0
22323693,Male,22.0,21,22.0
22243529,Male,33.0,21,33.0
22144395,Female,35.0,21,35.0
21895362,Male,22.0,21,22.0
22309245,Male,35.0,21,35.0
21952762,Male,28.0,21,28.0
22430597,Male,123.0,21,21.0
21809683,Male,123.0,21,21.0
22081213,Male,25.0,21,25.0
22355767,Male,29.0,21,29.0
22096865,Female,30.0,21,30.0
22388835,Female,31.0,21,31.0
22044841,Male,24.0,21,24.0
22158339,Male,5.0,21,21.0
22343741,Male,5.0,21,21.0
21810887,Male,5.0,21,21.0
22246049,Male,5.0,21,21.0
22101597,Male,5.0,21,21.0
22321327,Male,123.0,21,21.0
22423219,Male,123.0,21,21.0
22288833,Male,123.0,21,21.0
22370243,Male,123.0,21,21.0
22322727,Male,123.0,21,21.0
21839632,Male,123.0,21,21.0
22054207,Male,123.0,21,21.0
22039773,Male,123.0,21,21.0
22109871,Male,123.0,21,21.0
22397053,Male,26.0,21,26.0
22166445,Male,28.0,21,28.0
21887677,Female,33.0,21,33.0
22270465,Male,24.0,21,24.0
21885997,Female,22.0,21,22.0
21905177,Male,5.0,21,21.0
21887509,Male,123.0,21,21.0
22376450,Male,123.0,21,21.0
22152801,Male,123.0,21,21.0
21818769,Female,123.0,21,21.0
21832167,Male,123.0,21,21.0
22148497,Male,28.0,21,28.0
22109566,Female,27.0,21,27.0
22237019,Male,34.0,21,34.0
22299207,Female,22.0,21,22.0
22106399,Female,55.0,21,55.0
21943005,Female,29.0,21,29.0
22385027,Female,31.0,21,31.0
21851361,Male,28.0,21,28.0
22140783,Male,42.0,21,42.0
21994343,Female,27.0,21,27.0
22330847,Male,29.0,21,29.0
22185667,Male,23.0,21,23.0
22074689,Male,5.0,21,21.0
22096678,Male,5.0,21,21.0
21948073,Male,123.0,21,21.0
22428889,Male,123.0,21,21.0
22321607,Female,123.0,21,21.0
21849471,Male,123.0,21,21.0
22376473,Female,29.0,21,29.0
22215123,Male,27.0,21,27.0
21977585,Female,31.0,21,31.0
21841547,Male,28.0,21,28.0
22130437,Female,35.0,21,35.0
22318821,Male,5.0,21,21.0
22055651,Male,123.0,21,21.0
21919374,Male,123.0,21,21.0
22186577,Male,123.0,21,21.0
22124823,Male,123.0,21,21.0
22220303,Male,123.0,21,21.0
21504553,Female,23.0,22,23.0
21538881,Female,31.0,22,31.0
21716933,Male,28.0,22,28.0
21687659,Male,26.0,22,26.0
21590037,Female,27.0,22,27.0
21474901,Male,123.0,22,22.0
21608643,Male,123.0,22,22.0
21548107,Male,123.0,22,22.0
21583653,Male,123.0,22,22.0
21611793,Female,44.0,22,44.0
21565929,Female,20.0,22,20.0
21515837,Male,31.0,22,31.0
21453565,Male,42.0,22,42.0
21493871,Male,5.0,22,22.0
21584311,Male,27.0,22,27.0
21676711,Female,35.0,22,35.0
21760501,Female,40.0,22,40.0
21480319,Male,31.0,22,31.0
21642215,Male,29.0,22,29.0
21743141,Male,5.0,22,22.0
21501039,Male,123.0,22,22.0
21458745,Female,123.0,22,22.0
21700441,Female,26.0,22,26.0
21614662,Female,32.0,22,32.0
21742427,Male,42.0,22,42.0
21696241,Male,36.0,22,36.0
21674303,Female,41.0,22,41.0
21569219,Male,34.0,22,34.0
21598815,Female,31.0,22,31.0
21630231,Male,17.0,22,17.0
21690232,Male,23.0,22,23.0
21509943,Female,123.0,22,22.0
21502789,Male,123.0,22,22.0
21691173,Male,123.0,22,22.0
21552550,Female,123.0,22,22.0
21655753,Female,36.0,22,36.0
21782117,Male,34.0,22,34.0
21454741,Male,26.0,22,26.0
21563899,Male,26.0,22,26.0
21530383,Male,22.0,22,22.0
21764519,Male,30.0,22,30.0
21662193,Male,24.0,22,24.0
21781319,Male,48.0,22,48.0
21717432,Male,28.0,22,28.0
21666491,Female,123.0,22,22.0
21464961,Male,123.0,22,22.0
21588553,Male,123.0,22,22.0
21474187,Male,123.0,22,22.0
21527975,Male,31.0,22,31.0
21449463,Female,60.0,22,60.0
21527177,Female,23.0,22,23.0
21711901,Male,25.0,22,25.0
21691887,Male,37.0,22,37.0
21687351,Male,32.0,22,32.0
21526603,Female,30.0,22,30.0
21496965,Male,29.0,22,29.0
21483847,Male,5.0,22,22.0
21711781,Male,5.0,22,22.0
21472536,Male,123.0,22,22.0
21508347,Male,123.0,22,22.0
21507003,Male,123.0,22,22.0
21733257,Female,123.0,22,22.0
21524237,Male,32.0,22,32.0
21637721,Male,34.0,22,34.0
21623924,Male,5.0,22,22.0
21542997,Male,31.0,22,31.0
21696507,Male,30.0,22,30.0
21737061,Female,30.0,22,30.0
21600117,Male,51.0,22,51.0
21456855,Female,31.0,22,31.0
21401891,Male,123.0,22,22.0
21700763,Male,123.0,22,22.0
21699223,Female,123.0,22,22.0
21469749,Female,43.0,22,43.0
21423521,Male,28.0,22,28.0
21631015,Male,29.0,22,29.0
21443961,Male,35.0,22,35.0
21664783,Female,26.0,22,26.0
21705005,Male,29.0,22,29.0
21772751,Male,5.0,22,22.0
21566853,Male,123.0,22,22.0
21612241,Male,123.0,22,22.0
21578893,Female,26.0,22,26.0
21400855,Male,44.0,22,44.0
21784049,UNKNOWN,24.0,22,24.0
21728959,Female,41.0,22,41.0
21631799,Male,30.0,22,30.0
21569477,Male,34.0,22,34.0
21764001,Male,33.0,22,33.0
21504722,Male,5.0,22,22.0
21626745,Female,123.0,22,22.0
21550319,Male,123.0,22,22.0
21601797,Male,39.0,22,39.0
21548989,Female,43.0,22,43.0
21419937,Male,29.0,22,29.0
21574805,Female,26.0,22,26.0
21552545,Male,22.0,22,22.0
21756245,Male,30.0,22,30.0
21660821,Male,21.0,22,21.0
21778281,Male,5.0,22,22.0
21578977,Male,123.0,22,22.0
21655935,Female,123.0,22,22.0
21508515,Male,123.0,22,22.0
21470309,Female,42.0,22,42.0
21404971,Male,46.0,22,46.0
21417109,Female,24.0,22,24.0
21562555,Male,38.0,22,38.0
21539931,Female,24.0,22,24.0
21692342,Male,26.0,22,26.0
21439733,Male,5.0,22,22.0
21576359,Male,123.0,22,22.0
21508991,Male,123.0,22,22.0
21729561,Male,29.0,22,29.0
21560007,Female,32.0,22,32.0
21408863,Male,32.0,22,32.0
21527569,Female,18.0,22,18.0
21732851,Male,40.0,22,40.0
21702485,Male,123.0,22,22.0
21409619,Male,49.0,22,49.0
21463729,Male,46.0,22,46.0
21733985,Male,46.0,22,46.0
21611415,Male,5.0,22,22.0
21642173,Male,123.0,22,22.0
21600299,Male,123.0,22,22.0
21652155,Female,123.0,22,22.0
21433276,Male,38.0,22,38.0
21443527,Male,5.0,22,22.0
21643851,Male,123.0,22,22.0
21435477,Female,123.0,22,22.0
21596365,Male,123.0,22,22.0
21425481,Female,28.0,22,28.0
21726719,Female,32.0,22,32.0
21584493,Male,35.0,22,35.0
21407939,Male,31.0,22,31.0
21729617,Male,55.0,22,55.0
21599529,Male,41.0,22,41.0
21615909,Male,5.0,22,22.0
21455805,Male,5.0,22,22.0
21518903,Male,5.0,22,22.0
21567903,Male,5.0,22,22.0
21684551,Male,51.0,22,51.0
21714483,Female,23.0,22,23.0
21695569,Male,33.0,22,33.0
21651497,Male,22.0,22,22.0
21533491,Female,33.0,22,33.0
21699979,Male,25.0,22,25.0
21744373,Female,46.0,22,46.0
21755587,Female,19.0,22,19.0
21779270,Male,123.0,22,22.0
21516458,Male,123.0,22,22.0
21606389,Female,123.0,22,22.0
21483763,Male,123.0,22,22.0
21688863,Male,30.0,22,30.0
21617981,Female,41.0,22,41.0
21735301,Male,34.0,22,34.0
21468741,Male,35.0,22,35.0
21668605,Male,40.0,22,40.0
21569835,Male,123.0,22,22.0
21413679,Male,123.0,22,22.0
21777791,Female,23.0,22,23.0
21724409,Male,29.0,22,29.0
21622909,Male,29.0,22,29.0
21642481,Female,22.0,22,22.0
21433013,Female,25.0,22,25.0
21538002,Male,30.0,22,30.0
21711389,Male,5.0,22,22.0
21448055,Male,123.0,22,22.0
21465213,Male,123.0,22,22.0
21483623,Male,123.0,22,22.0
21708057,Male,123.0,22,22.0
21621005,Male,123.0,22,22.0
21648767,Male,31.0,22,31.0
21584269,Male,123.0,22,22.0
21622405,Male,123.0,22,22.0
21641277,Male,28.0,22,28.0
21556871,Male,31.0,22,31.0
21678685,Male,24.0,22,24.0
21547379,Male,28.0,22,28.0
21507143,Male,38.0,22,38.0
21457541,Male,5.0,22,22.0
21568015,Male,5.0,22,22.0
21656103,Male,123.0,22,22.0
21662417,Female,123.0,22,22.0
21516187,Male,24.0,22,24.0
21513569,Female,31.0,22,31.0
21663719,Male,29.0,22,29.0
21414925,Female,36.0,22,36.0
21512071,Male,27.0,22,27.0
21525035,Female,35.0,22,35.0
21571627,Male,123.0,22,22.0
21511665,Male,51.0,22,51.0
21493507,Male,5.0,22,22.0
21479311,Male,5.0,22,22.0
21640927,Male,5.0,22,22.0
21447181,Male,5.0,22,22.0
21476861,Female,123.0,22,22.0
21533897,Female,123.0,22,22.0
21593607,Female,123.0,22,22.0
21482517,Male,24.0,22,24.0
21420749,Male,46.0,22,46.0
21408583,Male,35.0,22,35.0
21407463,Male,35.0,22,35.0
21629335,Male,5.0,22,22.0
21615881,Male,123.0,22,22.0
21450037,Male,123.0,22,22.0
21716107,Male,35.0,22,35.0
21601713,Male,31.0,22,31.0
21765975,Female,67.0,22,67.0
21693217,Male,24.0,22,24.0
21655207,Female,53.0,22,53.0
21684831,Male,123.0,22,22.0
21415874,Female,21.0,22,21.0
21710199,Male,26.0,22,26.0
21561435,Male,38.0,22,38.0
21638967,Male,5.0,22,22.0
21708743,Male,123.0,22,22.0
21760347,Male,123.0,22,22.0
21758723,Male,123.0,22,22.0
21721259,Female,38.0,22,38.0
21588511,Female,123.0,22,22.0
21446047,Male,26.0,22,26.0
21582631,Female,24.0,22,24.0
21582309,Male,16.0,22,16.0
21436597,Female,66.0,22,66.0
21644399,Male,123.0,22,22.0
21478709,Male,123.0,22,22.0
21739962,Female,123.0,22,22.0
21563661,Male,123.0,22,22.0
21416605,Male,123.0,22,22.0
21775803,Female,45.0,22,45.0
21715267,Female,27.0,22,27.0
21409787,Female,48.0,22,48.0
21542199,Male,26.0,22,26.0
21411593,Female,27.0,22,27.0
21690893,Male,123.0,22,22.0
21478510,Male,5.0,22,22.0
21652043,Male,5.0,22,22.0
21742413,Male,5.0,22,22.0
21723233,Female,123.0,22,22.0
21693987,Male,123.0,22,22.0
21569891,Male,123.0,22,22.0
21693343,Male,123.0,22,22.0
21769783,Male,123.0,22,22.0
21023275,Female,37.0,23,37.0
21264411,Male,29.0,23,29.0
21011949,Male,24.0,23,24.0
21115437,Male,23.0,23,23.0
21005635,Male,35.0,23,35.0
21151753,Female,27.0,23,27.0
21045059,Female,25.0,23,25.0
21055139,Female,30.0,23,30.0
20976053,Female,31.0,23,31.0
21314083,Male,25.0,23,25.0
21143387,Male,23.0,23,23.0
21099267,Male,26.0,23,26.0
21288897,Male,5.0,23,23.0
21300727,Male,5.0,23,23.0
21032151,Male,123.0,23,23.0
21383371,Male,123.0,23,23.0
21167881,Male,123.0,23,23.0
21303507,Female,123.0,23,23.0
21195027,Male,123.0,23,23.0
21167461,Male,123.0,23,23.0
21277249,Male,123.0,23,23.0
21104433,Male,123.0,23,23.0
21072653,Male,123.0,23,23.0
21110946,Female,123.0,23,23.0
21184079,Male,25.0,23,25.0
20954311,Male,40.0,23,40.0
20907215,Male,57.0,23,57.0
20874469,Male,52.0,23,52.0
21321671,Male,30.0,23,30.0
21238853,Female,28.0,23,28.0
21189007,Male,5.0,23,23.0
21108269,Male,5.0,23,23.0
21150731,Male,123.0,23,23.0
21011767,Male,123.0,23,23.0
21310499,Male,123.0,23,23.0
20964237,Female,123.0,23,23.0
21106897,Male,123.0,23,23.0
21285705,Male,123.0,23,23.0
21101157,Male,24.0,23,24.0
21339661,Female,31.0,23,31.0
21276143,Male,49.0,23,49.0
21039991,Male,5.0,23,23.0
21294081,Male,5.0,23,23.0
21203651,Male,123.0,23,23.0
21235375,Male,123.0,23,23.0
21337491,Female,123.0,23,23.0
21205401,Male,123.0,23,23.0
21291599,Female,123.0,23,23.0
20965469,Female,123.0,23,23.0
21379939,Male,24.0,23,24.0
21004655,Male,28.0,23,28.0
21030303,Male,27.0,23,27.0
21085939,Male,43.0,23,43.0
21164871,Female,29.0,23,29.0
21076433,Male,38.0,23,38.0
21254597,Male,5.0,23,23.0
21067879,Male,123.0,23,23.0
21030023,Male,123.0,23,23.0
21209391,Male,123.0,23,23.0
20890905,Female,123.0,23,23.0
20928677,Male,26.0,23,26.0
21157563,Male,23.0,23,23.0
20926311,Male,22.0,23,22.0
21265237,Male,21.0,23,21.0
21353213,Male,45.0,23,45.0
21209657,Male,27.0,23,27.0
21039095,Male,34.0,23,34.0
20891115,Male,30.0,23,30.0
20949285,Male,123.0,23,23.0
21041335,Male,123.0,23,23.0
20933899,Male,123.0,23,23.0
21395577,Female,123.0,23,23.0
21168931,Male,123.0,23,23.0
21364413,Male,123.0,23,23.0
20885809,Male,123.0,23,23.0
21001085,Female,25.0,23,25.0
21370951,Male,60.0,23,60.0
21199829,Female,34.0,23,34.0
21303261,Male,33.0,23,33.0
21079627,Male,53.0,23,53.0
21259455,Male,27.0,23,27.0
20935943,Male,5.0,23,23.0
21012089,Male,5.0,23,23.0
21105679,Male,5.0,23,23.0
21171493,Male,5.0,23,23.0
20939793,Female,123.0,23,23.0
21348705,Male,123.0,23,23.0
21064925,Male,123.0,23,23.0
20933171,Male,123.0,23,23.0
20904709,Male,123.0,23,23.0
21090363,Female,24.0,23,24.0
20949523,Female,30.0,23,30.0
20880517,Female,30.0,23,30.0
20908685,Male,28.0,23,28.0
20973403,Female,29.0,23,29.0
20923273,Male,31.0,23,31.0
20946849,Male,25.0,23,25.0
21240597,Male,5.0,23,23.0
21039501,Male,5.0,23,23.0
21134673,Male,123.0,23,23.0
21142042,Male,123.0,23,23.0
21224119,Female,123.0,23,23.0
21394036,Male,123.0,23,23.0
21073787,Male,40.0,23,40.0
21375823,Male,22.0,23,22.0
21062153,Male,25.0,23,25.0
21176365,Female,30.0,23,30.0
21362593,Male,22.0,23,22.0
21096019,Male,24.0,23,24.0
21335812,Male,123.0,23,23.0
20871697,Male,25.0,23,25.0
21246046,Female,27.0,23,27.0
20942691,Female,52.0,23,52.0
21290297,Male,5.0,23,23.0
21243201,Female,123.0,23,23.0
20889589,Male,123.0,23,23.0
20886439,Male,123.0,23,23.0
21311815,Male,123.0,23,23.0
20888413,Male,32.0,23,32.0
21216685,Female,38.0,23,38.0
21327355,Male,24.0,23,24.0
20894237,Female,48.0,23,48.0
21026621,Female,38.0,23,38.0
21038661,Male,29.0,23,29.0
21088655,Male,123.0,23,23.0
21105637,Female,28.0,23,28.0
21089075,Female,45.0,23,45.0
21041937,Female,23.0,23,23.0
21377097,Female,21.0,23,21.0
21024437,Male,28.0,23,28.0
21293867,Male,123.0,23,23.0
20999881,Male,123.0,23,23.0
21046303,Female,123.0,23,23.0
20920347,Male,123.0,23,23.0
21309547,Male,123.0,23,23.0
21190295,Female,123.0,23,23.0
21219597,Male,123.0,23,23.0
21096989,Male,123.0,23,23.0
21170604,Female,28.0,23,28.0
21051345,Female,57.0,23,57.0
21286265,Male,26.0,23,26.0
21363153,Male,35.0,23,35.0
20916035,Female,30.0,23,30.0
21120169,Male,24.0,23,24.0
20913753,Female,28.0,23,28.0
21003185,Male,36.0,23,36.0
21010213,Male,5.0,23,23.0
21279965,Male,123.0,23,23.0
21268527,Male,123.0,23,23.0
21090804,Male,123.0,23,23.0
21309491,Male,123.0,23,23.0
21331555,Male,123.0,23,23.0
21049343,Male,22.0,23,22.0
21311843,Female,29.0,23,29.0
21192199,Female,50.0,23,50.0
21003913,Female,57.0,23,57.0
21166299,Male,36.0,23,36.0
21028441,Male,25.0,23,25.0
20969571,Male,24.0,23,24.0
21249530,Male,5.0,23,23.0
21092799,Male,5.0,23,23.0
21217679,Male,123.0,23,23.0
21294483,Male,123.0,23,23.0
21178381,Male,123.0,23,23.0
21045857,Male,37.0,23,37.0
21033453,Male,28.0,23,28.0
20891129,Female,25.0,23,25.0
21133973,Male,23.0,23,23.0
21016534,Female,26.0,23,26.0
20916567,Female,38.0,23,38.0
21381185,Female,30.0,23,30.0
21039403,Male,41.0,23,41.0
20903519,Male,5.0,23,23.0
21374801,Male,123.0,23,23.0
21214375,Male,123.0,23,23.0
21349713,Male,31.0,23,31.0
20894065,Male,37.0,23,37.0
20887139,Male,35.0,23,35.0
21100261,Male,25.0,23,25.0
21068383,Female,34.0,23,34.0
21067533,Female,29.0,23,29.0
21302295,Male,53.0,23,53.0
20910855,Female,33.0,23,33.0
20872173,Male,27.0,23,27.0
21301987,Male,123.0,23,23.0
21393855,Male,123.0,23,23.0
21365113,Male,123.0,23,23.0
21391461,Male,123.0,23,23.0
20986287,Female,41.0,23,41.0
21362761,Male,28.0,23,28.0
20919661,Male,26.0,23,26.0
20903337,Male,123.0,23,23.0
21362817,Male,38.0,23,38.0
21262185,Female,19.0,23,19.0
21380669,Male,123.0,23,23.0
21041755,Female,123.0,23,23.0
21375291,Male,123.0,23,23.0
21386575,Male,24.0,23,24.0
21260687,Male,42.0,23,42.0
21352023,Female,30.0,23,30.0
21017269,Male,26.0,23,26.0
21290484,Male,47.0,23,47.0
20946079,Male,21.0,23,21.0
20938225,Male,5.0,23,23.0
21308917,Male,123.0,23,23.0
20896071,Male,123.0,23,23.0
20886971,Male,23.0,23,23.0
21050323,Female,40.0,23,40.0
21033789,Male,38.0,23,38.0
21168552,Female,27.0,23,27.0
21240541,Male,33.0,23,33.0
21364861,Female,18.0,23,18.0
21304521,Male,5.0,23,23.0
21120183,Male,123.0,23,23.0
21158164,Male,123.0,23,23.0
21122549,Male,123.0,23,23.0
20930469,Male,29.0,23,29.0
21295491,Male,33.0,23,33.0
21007931,Female,118.0,23,23.0
21237419,Female,46.0,23,46.0
21001715,Female,55.0,23,55.0
20971629,Male,28.0,23,28.0
21133727,Male,27.0,23,27.0
21094712,Male,24.0,23,24.0
21243453,Male,5.0,23,23.0
21148939,Male,5.0,23,23.0
21104438,Male,123.0,23,23.0
21218953,Female,123.0,23,23.0
21306397,Male,23.0,23,23.0
20909721,Male,46.0,23,46.0
20954605,Male,50.0,23,50.0
21290591,Male,33.0,23,33.0
21012621,Male,40.0,23,40.0
21369845,Male,37.0,23,37.0
21095935,Male,42.0,23,42.0
21325507,Female,25.0,23,25.0
20906011,Male,21.0,23,21.0
21322203,Male,5.0,23,23.0
21296947,Male,123.0,23,23.0
20970467,Male,123.0,23,23.0
21131929,Male,123.0,23,23.0
21134127,Male,123.0,23,23.0
21267687,Female,34.0,23,34.0
21198863,Male,25.0,23,25.0
21048363,Male,26.0,23,26.0
20884143,Female,27.0,23,27.0
20931099,Male,27.0,23,27.0
21142247,Male,32.0,23,32.0
20985307,Male,5.0,23,23.0
21396481,Male,5.0,23,23.0
21327537,Male,5.0,23,23.0
21182945,Male,123.0,23,23.0
21248241,Female,33.0,23,33.0
21193977,Female,26.0,23,26.0
21320383,Male,29.0,23,29.0
21320369,Male,26.0,23,26.0
21209489,Male,24.0,23,24.0
21300516,Male,5.0,23,23.0
21044519,Male,5.0,23,23.0
21236523,Male,123.0,23,23.0
20911909,Male,123.0,23,23.0
21235921,Female,123.0,23,23.0
21344099,Male,123.0,23,23.0
21110257,Male,123.0,23,23.0
21394415,Male,29.0,23,29.0
20872495,Female,33.0,23,33.0
21169463,Female,40.0,23,40.0
21265265,Female,27.0,23,27.0
21186739,Female,22.0,23,22.0
21238567,Male,26.0,23,26.0
21358491,Female,40.0,23,40.0
21016163,Male,5.0,23,23.0
21211253,Male,5.0,23,23.0
21237139,Male,123.0,23,23.0
21242613,Female,123.0,23,23.0
21013503,Male,123.0,23,23.0
21091441,Male,123.0,23,23.0
21376565,Female,27.0,23,27.0
20940283,Male,22.0,23,22.0
21188363,Male,25.0,23,25.0
21270683,Female,27.0,23,27.0
21302855,Male,31.0,23,31.0
20972637,Male,25.0,23,25.0
21044594,Male,33.0,23,33.0
21053837,Male,19.0,23,19.0
21078645,Female,29.0,23,29.0
20947157,Male,5.0,23,23.0
20993525,Male,5.0,23,23.0
21180733,Female,123.0,23,23.0
21305417,Male,123.0,23,23.0
21137641,Male,123.0,23,23.0
21347109,Female,36.0,23,36.0
21106183,Female,30.0,23,30.0
21295211,Male,22.0,23,22.0
21315875,Male,19.0,23,19.0
21036099,Male,41.0,23,41.0
21101871,Male,29.0,23,29.0
21182413,Male,28.0,23,28.0
20940549,Male,36.0,23,36.0
20970817,Female,38.0,23,38.0
21373849,Male,27.0,23,27.0
21274869,Male,5.0,23,23.0
21106001,Male,5.0,23,23.0
21237769,Male,5.0,23,23.0
21181769,Male,123.0,23,23.0
21039470,Female,123.0,23,23.0
21338751,Male,123.0,23,23.0
21182035,Male,123.0,23,23.0
21340305,Female,123.0,23,23.0
21060949,Female,123.0,23,23.0
21368361,Male,123.0,23,23.0
21368935,Male,123.0,23,23.0
20526737,Male,21.0,24,21.0
20651955,Female,38.0,24,38.0
20592103,Male,29.0,24,29.0
20603779,Female,26.0,24,26.0
20845839,Male,43.0,24,43.0
20645667,Female,37.0,24,37.0
20491443,Male,29.0,24,29.0
20697873,Male,5.0,24,24.0
20566427,Male,123.0,24,24.0
20497813,Female,123.0,24,24.0
20698377,Male,23.0,24,23.0
20430249,Male,24.0,24,24.0
20485675,Female,43.0,24,43.0
20688087,Female,123.0,24,24.0
20421821,Male,28.0,24,28.0
20854715,Female,24.0,24,24.0
20629763,Male,123.0,24,24.0
20722825,Male,30.0,24,30.0
20500655,Male,37.0,24,37.0
20496021,Male,28.0,24,28.0
20651911,Male,5.0,24,24.0
20745151,Female,123.0,24,24.0
20808921,Male,123.0,24,24.0
20839049,Male,27.0,24,27.0
20482399,Male,22.0,24,22.0
20490561,Male,27.0,24,27.0
20845853,Male,43.0,24,43.0
20798463,Female,30.0,24,30.0
20675179,Female,32.0,24,32.0
20683019,Male,5.0,24,24.0
20852769,Male,5.0,24,24.0
20448309,Male,5.0,24,24.0
20456132,Male,123.0,24,24.0
20653356,Male,123.0,24,24.0
20543803,Male,123.0,24,24.0
20495573,Male,28.0,24,28.0
20843445,Male,28.0,24,28.0
20421219,Male,123.0,24,24.0
20661445,Male,26.0,24,26.0
20429703,Female,20.0,24,20.0
20849787,Male,27.0,24,27.0
20716899,Male,5.0,24,24.0
20459467,Male,5.0,24,24.0
20423123,Male,123.0,24,24.0
20617706,Male,123.0,24,24.0
20572083,Male,123.0,24,24.0
20732089,Male,29.0,24,29.0
20634038,Female,60.0,24,60.0
20449289,Male,35.0,24,35.0
20700435,Male,31.0,24,31.0
20704747,Male,30.0,24,30.0
20529607,Male,24.0,24,24.0
20844859,Male,5.0,24,24.0
20658071,Male,123.0,24,24.0
20726139,Male,123.0,24,24.0
20607139,Male,123.0,24,24.0
20598389,Male,123.0,24,24.0
20608469,Male,24.0,24,24.0
20789769,Male,29.0,24,29.0
20609771,Female,26.0,24,26.0
20664357,Female,52.0,24,52.0
20450675,Male,28.0,24,28.0
20811847,Female,24.0,24,24.0
20455351,Female,24.0,24,24.0
20462785,Male,5.0,24,24.0
20799233,Male,5.0,24,24.0
20460433,Male,5.0,24,24.0
20427267,Male,5.0,24,24.0
20627369,Male,5.0,24,24.0
20685119,Female,123.0,24,24.0
20852881,Male,123.0,24,24.0
20670671,Male,123.0,24,24.0
20458751,Male,24.0,24,24.0
20700463,Female,24.0,24,24.0
20806429,Male,5.0,24,24.0
20482693,Male,5.0,24,24.0
20753649,Male,123.0,24,24.0
20858355,Male,123.0,24,24.0
20462505,Female,55.0,24,55.0
20799205,Male,18.0,24,18.0
20771709,Male,56.0,24,56.0
20705797,Male,123.0,24,24.0
20494971,Male,26.0,24,26.0
20475105,Male,35.0,24,35.0
20521725,Female,27.0,24,27.0
20682249,Female,34.0,24,34.0
20572153,Female,22.0,24,22.0
20852377,Male,32.0,24,32.0
20520829,Female,24.0,24,24.0
20755511,Female,22.0,24,22.0
20414695,Male,38.0,24,38.0
20683369,Male,50.0,24,50.0
20497624,Female,24.0,24,24.0
20580651,Male,5.0,24,24.0
20616505,Male,123.0,24,24.0
20483547,Female,23.0,24,23.0
20731319,Female,31.0,24,31.0
20690915,Male,22.0,24,22.0
20428737,Male,46.0,24,46.0
20426847,Male,31.0,24,31.0
20475245,Male,123.0,24,24.0
20788907,Female,123.0,24,24.0
20521473,Male,123.0,24,24.0
20838179,Male,54.0,24,54.0
20470961,Male,39.0,24,39.0
20600153,Male,46.0,24,46.0
20774663,Male,47.0,24,47.0
20423347,Female,31.0,24,31.0
20620355,Male,28.0,24,28.0
20787375,Male,27.0,24,27.0
20664385,Female,36.0,24,36.0
20806191,Male,123.0,24,24.0
20440933,Female,23.0,24,23.0
20820653,Male,123.0,24,24.0
20607447,Male,123.0,24,24.0
20699203,Male,123.0,24,24.0
20723619,Female,35.0,24,35.0
20828689,Female,27.0,24,27.0
20697117,Male,21.0,24,21.0
20739877,Male,123.0,24,24.0
20613733,Female,123.0,24,24.0
20599019,Female,123.0,24,24.0
20487143,Female,123.0,24,24.0
20837859,Female,23.0,24,23.0
20702381,Male,35.0,24,35.0
20566861,Male,20.0,24,20.0
20781621,Female,123.0,24,24.0
20503701,Female,24.0,24,24.0
20548339,Male,123.0,24,24.0
20606047,Male,27.0,24,27.0
20603793,Female,46.0,24,46.0
20412049,Female,123.0,24,24.0
20498583,Male,123.0,24,24.0
20644309,Male,123.0,24,24.0
20417243,Female,38.0,24,38.0
20469827,Male,25.0,24,25.0
20581253,Female,37.0,24,37.0
20565133,Male,28.0,24,28.0
20438901,Female,5.0,24,24.0
20645530,Male,46.0,24,46.0
20428723,Male,23.0,24,23.0
20657301,Male,39.0,24,39.0
20861211,Female,130.0,24,24.0
20468693,Male,5.0,24,24.0
20539295,Male,123.0,24,24.0
20745792,Male,123.0,24,24.0
20594329,Male,24.0,24,24.0
20706189,Female,24.0,24,24.0
20727987,Female,21.0,24,21.0
20778051,Male,122.0,24,24.0
20438005,Male,34.0,24,34.0
20511763,Male,38.0,24,38.0
20446895,Female,25.0,24,25.0
20715789,Female,39.0,24,39.0
20749169,Male,5.0,24,24.0
20647473,Male,123.0,24,24.0
20500935,Male,123.0,24,24.0
20831173,Male,22.0,24,22.0
20603583,Female,37.0,24,37.0
20869023,Female,26.0,24,26.0
20431201,Male,25.0,24,25.0
20762413,Male,25.0,24,25.0
20743149,Male,43.0,24,43.0
20637771,Male,40.0,24,40.0
20716241,Female,24.0,24,24.0
20762847,Male,5.0,24,24.0
20448953,Female,123.0,24,24.0
20864081,Male,123.0,24,24.0
20600125,Male,123.0,24,24.0
20578565,Male,123.0,24,24.0
20430487,Female,39.0,24,39.0
20642895,Male,37.0,24,37.0
20819967,Male,33.0,24,33.0
20632073,Male,34.0,24,34.0
20751465,Male,31.0,24,31.0
20770673,Male,39.0,24,39.0
20483911,Male,5.0,24,24.0
20536173,Male,123.0,24,24.0
20761657,Male,123.0,24,24.0
20437361,Female,19.0,24,19.0
20645849,Male,35.0,24,35.0
20489819,Male,34.0,24,34.0
20826883,Male,24.0,24,24.0
20553099,Female,41.0,24,41.0
20730633,Male,37.0,24,37.0
20640263,Male,123.0,24,24.0
20427113,Male,5.0,24,24.0
20632129,Male,123.0,24,24.0
20613840,Male,51.0,24,51.0
20863171,Male,22.0,24,22.0
20647305,Male,34.0,24,34.0
20520390,Male,23.0,24,23.0
20737745,Male,29.0,24,29.0
20500991,Male,38.0,24,38.0
20676509,Male,26.0,24,26.0
20434995,Male,25.0,24,25.0
20766417,Male,27.0,24,27.0
20558895,Male,35.0,24,35.0
20531735,Male,26.0,24,26.0
20441253,Male,23.0,24,23.0
20549417,Male,5.0,24,24.0
20762637,Male,5.0,24,24.0
20827303,Female,123.0,24,24.0
20566189,Male,123.0,24,24.0
20620943,Male,123.0,24,24.0
20598109,Female,123.0,24,24.0
20674829,Male,31.0,24,31.0
20653773,Female,30.0,24,30.0
20766389,Male,25.0,24,25.0
20420281,Male,24.0,24,24.0
20776777,Female,38.0,24,38.0
20549991,Male,27.0,24,27.0
20845741,Female,29.0,24,29.0
20522103,Male,35.0,24,35.0
20457465,Male,5.0,24,24.0
20572293,Male,5.0,24,24.0
20847118,Female,123.0,24,24.0
20536061,Male,123.0,24,24.0
20607545,Female,123.0,24,24.0
20714463,Female,28.0,24,28.0
20474699,Female,37.0,24,37.0
20675781,Male,36.0,24,36.0
20412312,Male,25.0,24,25.0
20561373,Male,5.0,24,24.0
20689599,Male,5.0,24,24.0
20854435,Male,123.0,24,24.0
20820205,Female,123.0,24,24.0
20663685,Male,123.0,24,24.0
20730017,Male,60.0,24,60.0
20603065,Male,25.0,24,25.0
20590647,Male,24.0,24,24.0
20737563,Male,123.0,24,24.0
20601385,Male,32.0,24,32.0
20849031,Female,42.0,24,42.0
20831587,Male,26.0,24,26.0
20438383,Female,54.0,24,54.0
20578341,Male,5.0,24,24.0
20565601,Male,5.0,24,24.0
20812197,Male,5.0,24,24.0
20431481,Male,123.0,24,24.0
20502881,Male,123.0,24,24.0
20435835,Female,123.0,24,24.0
20852013,Male,123.0,24,24.0
20852615,Male,123.0,24,24.0
20419700,Male,27.0,24,27.0
20450119,Female,27.0,24,27.0
20690187,Male,41.0,24,41.0
20732271,Male,25.0,24,25.0
20826785,Male,26.0,24,26.0
20587679,Male,36.0,24,36.0
20614279,Male,23.0,24,23.0
20824601,Male,32.0,24,32.0
20483995,Male,23.0,24,23.0
20655943,Male,32.0,24,32.0
20767859,Male,5.0,24,24.0
20679995,Male,5.0,24,24.0
20705895,Male,25.0,24,25.0
20861337,Male,27.0,24,27.0
20617289,Male,28.0,24,28.0
20447483,Female,33.0,24,33.0
20719615,Female,32.0,24,32.0
20540933,Female,27.0,24,27.0
20831685,Male,22.0,24,22.0
20720886,Male,5.0,24,24.0
20665995,Male,5.0,24,24.0
20561779,Male,5.0,24,24.0
20567813,Male,5.0,24,24.0
20749743,Male,123.0,24,24.0
20748287,Male,123.0,24,24.0
20768377,Male,123.0,24,24.0
20617233,Female,123.0,24,24.0
20704635,Male,123.0,24,24.0
20222363,Male,48.0,25,48.0
20114633,Male,32.0,25,32.0
20303549,Female,27.0,25,27.0
20246177,Female,29.0,25,29.0
20362027,Male,37.0,25,37.0
20368061,Female,39.0,25,39.0
20359185,Female,30.0,25,30.0
20365863,Male,24.0,25,24.0
20123270,Female,23.0,25,23.0
20371589,Male,24.0,25,24.0
20280701,Male,5.0,25,25.0
20357848,Male,5.0,25,25.0
20272553,Male,123.0,25,25.0
20191087,Male,32.0,25,32.0
20193915,Male,25.0,25,25.0
20257097,Male,123.0,25,25.0
20214453,Male,46.0,25,46.0
20344807,Male,23.0,25,23.0
20206025,Male,5.0,25,25.0
20167861,Male,123.0,25,25.0
20195637,Female,24.0,25,24.0
20121689,Male,27.0,25,27.0
20373115,Male,22.0,25,22.0
20322547,Female,52.0,25,52.0
20202595,Male,30.0,25,30.0
20110993,Female,28.0,25,28.0
20192235,Female,30.0,25,30.0
20190527,Male,32.0,25,32.0
20332761,Female,123.0,25,25.0
20157291,Male,33.0,25,33.0
20128501,Female,37.0,25,37.0
20164123,Female,38.0,25,38.0
20162989,Female,53.0,25,53.0
20322729,Male,5.0,25,25.0
20274863,Male,5.0,25,25.0
20275577,Female,123.0,25,25.0
20378141,Male,29.0,25,29.0
20352969,Male,36.0,25,36.0
20312341,Male,27.0,25,27.0
20361509,Female,52.0,25,52.0
20171641,Female,59.0,25,59.0
20101893,Female,53.0,25,53.0
20344921,Male,36.0,25,36.0
20360431,Male,5.0,25,25.0
20134639,Female,123.0,25,25.0
20404223,Male,123.0,25,25.0
20212815,Male,123.0,25,25.0
20367025,Male,17.0,25,17.0
20245830,Female,52.0,25,52.0
20343099,Female,34.0,25,34.0
20257195,Female,23.0,25,23.0
20403537,Male,123.0,25,25.0
20343127,Male,123.0,25,25.0
20221651,Male,123.0,25,25.0
20190233,Female,42.0,25,42.0
20353179,Female,34.0,25,34.0
20187293,Male,37.0,25,37.0
20112911,Female,22.0,25,22.0
20180503,Male,35.0,25,35.0
20253205,Male,5.0,25,25.0
20381039,Male,123.0,25,25.0
20370441,Male,25.0,25,25.0
20155639,Male,35.0,25,35.0
20138601,Male,31.0,25,31.0
20328539,Male,24.0,25,24.0
20185361,Male,5.0,25,25.0
20350352,Male,5.0,25,25.0
20138391,Male,5.0,25,25.0
20405357,Female,123.0,25,25.0
20330583,Female,23.0,25,23.0
20332837,Male,30.0,25,30.0
20198143,Female,27.0,25,27.0
20094459,Male,28.0,25,28.0
20277957,Male,21.0,25,21.0
20265553,Male,29.0,25,29.0
20246275,Male,31.0,25,31.0
20249635,Male,32.0,25,32.0
20208153,Male,23.0,25,23.0
20378057,Male,123.0,25,25.0
20286973,Female,123.0,25,25.0
20212941,Male,123.0,25,25.0
20257573,Male,61.0,25,61.0
20289954,Male,30.0,25,30.0
20274611,Male,47.0,25,47.0
20264937,Male,123.0,25,25.0
20374035,Male,24.0,25,24.0
20128675,Female,23.0,25,23.0
20302709,Male,22.0,25,22.0
20133799,Male,36.0,25,36.0
20177633,Female,20.0,25,20.0
20180349,Male,123.0,25,25.0
20373913,Female,123.0,25,25.0
20396411,Male,56.0,25,56.0
20343351,Male,34.0,25,34.0
20178473,Female,23.0,25,23.0
20249528,Male,22.0,25,22.0
20105113,Female,29.0,25,29.0
20311185,Female,42.0,25,42.0
20119855,Male,39.0,25,39.0
20261045,Male,5.0,25,25.0
20378981,Male,123.0,25,25.0
20232485,Male,123.0,25,25.0
20135801,Female,55.0,25,55.0
20162317,Male,27.0,25,27.0
20289297,Female,30.0,25,30.0
20353039,Female,30.0,25,30.0
20199417,Female,51.0,25,51.0
20236456,Male,22.0,25,22.0
20176359,Male,5.0,25,25.0
20219913,Male,5.0,25,25.0
20390727,Male,123.0,25,25.0
20133701,Male,123.0,25,25.0
20214411,Male,26.0,25,26.0
20145195,Male,27.0,25,27.0
20148667,Male,22.0,25,22.0
20143291,Male,28.0,25,28.0
20310619,Male,32.0,25,32.0
20135129,Female,26.0,25,26.0
20272018,Male,23.0,25,23.0
20115389,Male,24.0,25,24.0
20130831,Male,5.0,25,25.0
20394619,Male,123.0,25,25.0
20214047,Male,123.0,25,25.0
20136319,Male,123.0,25,25.0
20168575,Male,22.0,25,22.0
20113331,Male,27.0,25,27.0
20335133,Male,38.0,25,38.0
20260863,Male,26.0,25,26.0
20173097,Male,5.0,25,25.0
20210743,Male,5.0,25,25.0
20330415,Male,123.0,25,25.0
20113387,Male,27.0,25,27.0
20252491,Male,26.0,25,26.0
20118427,Male,123.0,25,25.0
20161505,Male,56.0,25,56.0
20319607,Male,33.0,25,33.0
20208181,Male,5.0,25,25.0
20391245,Male,123.0,25,25.0
20262725,Male,123.0,25,25.0
20113667,Female,123.0,25,25.0
20328203,Female,123.0,25,25.0
20108347,Male,26.0,25,26.0
20343211,Male,27.0,25,27.0
20363161,Male,26.0,25,26.0
20174063,Male,33.0,25,33.0
20359913,Male,24.0,25,24.0
20097063,Male,5.0,25,25.0
20196855,Male,123.0,25,25.0
20120191,Male,123.0,25,25.0
20254758,Male,43.0,25,43.0
20190373,Male,41.0,25,41.0
20382999,Female,24.0,25,24.0
20261731,Male,24.0,25,24.0
20227445,Male,23.0,25,23.0
20157025,Female,51.0,25,51.0
20148751,Female,123.0,25,25.0
20202091,Female,19.0,25,19.0
20361775,Female,40.0,25,40.0
20228691,Male,5.0,25,25.0
20269333,Male,123.0,25,25.0
20217029,Male,123.0,25,25.0
20386496,Male,123.0,25,25.0
20407877,Male,123.0,25,25.0
20251343,Male,123.0,25,25.0
20287155,Male,27.0,25,27.0
20165299,Male,34.0,25,34.0
20241717,Female,41.0,25,41.0
20321525,Female,51.0,25,51.0
20343323,Female,55.0,25,55.0
20332179,Male,5.0,25,25.0
20319348,Female,123.0,25,25.0
20255921,Male,123.0,25,25.0
20250405,Male,24.0,25,24.0
20178739,Male,24.0,25,24.0
20382614,Female,22.0,25,22.0
20248039,Male,30.0,25,30.0
20206249,Female,5.0,25,25.0
20340313,Male,123.0,25,25.0
20146735,Male,123.0,25,25.0
20104679,Male,123.0,25,25.0
20223413,Male,31.0,25,31.0
20269081,Male,25.0,25,25.0
20294141,Female,43.0,25,43.0
20393373,Male,53.0,25,53.0
20224967,Female,42.0,25,42.0
20152951,Male,28.0,25,28.0
20283627,Male,36.0,25,36.0
20224068,Male,30.0,25,30.0
20261966,Male,123.0,25,25.0
20243321,Male,26.0,25,26.0
20159293,Male,28.0,25,28.0
20379275,Male,26.0,25,26.0
20120921,Male,123.0,25,25.0
20251987,Male,33.0,25,33.0
20262655,Male,27.0,25,27.0
20308505,Male,23.0,25,23.0
20097441,Male,5.0,25,25.0
20380605,Male,123.0,25,25.0
20161743,Male,123.0,25,25.0
20111441,Male,123.0,25,25.0
20190821,Female,123.0,25,25.0
20169541,Female,123.0,25,25.0
20344219,Male,24.0,25,24.0
20107997,Male,38.0,25,38.0
20175017,Male,28.0,25,28.0
20214271,Male,5.0,25,25.0
20098757,Male,123.0,25,25.0
20302219,Male,123.0,25,25.0
20218247,Male,42.0,25,42.0
20363903,Female,30.0,25,30.0
20402053,Female,57.0,25,57.0
20246401,Male,30.0,25,30.0
20136011,Male,26.0,25,26.0
20408507,Male,24.0,25,24.0
20204639,Male,23.0,25,23.0
19168709,Male,28.0,26,28.0
20023591,Female,31.0,26,31.0
19157467,Male,24.0,26,24.0
19222400,Male,29.0,26,29.0
19183703,Female,54.0,26,54.0
19137769,Male,26.0,26,26.0
19996921,Male,5.0,26,26.0
19836663,Male,123.0,26,26.0
19783855,Male,123.0,26,26.0
20016871,Female,123.0,26,26.0
19945429,Male,34.0,26,34.0
19821893,Male,49.0,26,49.0
19217597,Male,42.0,26,42.0
19775525,Male,25.0,26,25.0
20055427,Male,43.0,26,43.0
20048035,Male,34.0,26,34.0
19839673,Male,123.0,26,26.0
19786179,Male,123.0,26,26.0
19987807,Male,123.0,26,26.0
19988563,Female,46.0,26,46.0
19240585,Male,42.0,26,42.0
19865363,Male,31.0,26,31.0
19870083,Female,42.0,26,42.0
19508895,Male,123.0,26,26.0
19901385,Female,30.0,26,30.0
19220411,Female,25.0,26,25.0
20029247,Male,42.0,26,42.0
20000911,Male,5.0,26,26.0
20054251,Male,123.0,26,26.0
19774461,Female,123.0,26,26.0
19926319,Male,123.0,26,26.0
19869269,Female,123.0,26,26.0
19806997,Male,27.0,26,27.0
19188001,Male,41.0,26,41.0
19777695,Male,25.0,26,25.0
19176619,Male,23.0,26,23.0
20005895,Female,34.0,26,34.0
19860673,Male,23.0,26,23.0
20070449,Male,35.0,26,35.0
19944057,Male,34.0,26,34.0
19970741,Male,48.0,26,48.0
20081229,Male,27.0,26,27.0
19931345,Male,123.0,26,26.0
19213775,Male,27.0,26,27.0
19217653,Male,5.0,26,26.0
20020623,Male,5.0,26,26.0
19243880,Male,5.0,26,26.0
19198109,Male,32.0,26,32.0
19800879,Female,36.0,26,36.0
19848479,Male,123.0,26,26.0
19853799,Male,123.0,26,26.0
19950553,Male,123.0,26,26.0
19159805,Male,123.0,26,26.0
19888351,Female,33.0,26,33.0
19213061,Female,31.0,26,31.0
20041553,Male,41.0,26,41.0
19923869,Female,32.0,26,32.0
19928615,Female,23.0,26,23.0
19944519,Male,30.0,26,30.0
20041245,Male,37.0,26,37.0
19800361,Male,42.0,26,42.0
19931205,Male,5.0,26,26.0
20068237,Male,123.0,26,26.0
19231616,Male,123.0,26,26.0
19174833,Male,123.0,26,26.0
19837727,Male,123.0,26,26.0
19174071,Male,42.0,26,42.0
19153113,Male,46.0,26,46.0
19866735,Female,45.0,26,45.0
19705329,Male,36.0,26,36.0
19974115,Male,24.0,26,24.0
19868975,Male,34.0,26,34.0
19574821,Female,26.0,26,26.0
19773654,Male,27.0,26,27.0
19862353,Male,5.0,26,26.0
20061867,Male,5.0,26,26.0
19862185,Male,123.0,26,26.0
19240473,Male,123.0,26,26.0
19769309,Male,123.0,26,26.0
19145119,Male,123.0,26,26.0
20075237,Female,123.0,26,26.0
19398281,Male,123.0,26,26.0
19864187,Female,123.0,26,26.0
19932017,Male,28.0,26,28.0
19826121,Male,41.0,26,41.0
19218493,Male,44.0,26,44.0
19846827,Female,25.0,26,25.0
20023157,Male,28.0,26,28.0
19996235,Male,5.0,26,26.0
19774881,Female,123.0,26,26.0
19507047,Male,123.0,26,26.0
19775357,Male,123.0,26,26.0
19802923,Male,31.0,26,31.0
19169661,Male,24.0,26,24.0
19861233,Male,52.0,26,52.0
20001695,Male,33.0,26,33.0
19224513,Male,5.0,26,26.0
19882163,Male,123.0,26,26.0
19991587,Female,123.0,26,26.0
19178451,Male,123.0,26,26.0
19800445,Male,123.0,26,26.0
19858223,Female,123.0,26,26.0
19167505,Male,123.0,26,26.0
19191823,Male,123.0,26,26.0
20063631,Male,32.0,26,32.0
19926949,Male,24.0,26,24.0
19917135,Male,34.0,26,34.0
19789259,Female,51.0,26,51.0
19818724,Male,24.0,26,24.0
19794985,Female,25.0,26,25.0
19137699,Male,24.0,26,24.0
19934299,Male,34.0,26,34.0
19354013,Female,44.0,26,44.0
19198329,Female,123.0,26,26.0
19191991,Male,123.0,26,26.0
19846029,Female,24.0,26,24.0
20080440,Female,45.0,26,45.0
19789083,Male,39.0,26,39.0
19817350,Female,28.0,26,28.0
20062119,Male,23.0,26,23.0
19935769,Female,48.0,26,48.0
19806563,Male,31.0,26,31.0
19878929,Female,43.0,26,43.0
19219907,Female,35.0,26,35.0
19231219,Female,38.0,26,38.0
19814739,Male,5.0,26,26.0
19220999,Male,123.0,26,26.0
19790071,Male,123.0,26,26.0
19507341,Male,123.0,26,26.0
19834997,Female,123.0,26,26.0
19242279,Male,30.0,26,30.0
19976411,Male,15.0,26,15.0
19146183,Male,24.0,26,24.0
19787825,Male,50.0,26,50.0
19160477,Female,41.0,26,41.0
20012139,Male,26.0,26,26.0
19909673,Male,25.0,26,25.0
19771941,Male,27.0,26,27.0
19791905,Male,24.0,26,24.0
19859833,Male,42.0,26,42.0
19943525,Male,5.0,26,26.0
19229903,Male,5.0,26,26.0
19792339,Male,123.0,26,26.0
19933483,Male,123.0,26,26.0
19173399,Male,123.0,26,26.0
19794971,Male,123.0,26,26.0
19235223,Male,23.0,26,23.0
19831049,Female,36.0,26,36.0
19892201,Female,35.0,26,35.0
19816482,Female,31.0,26,31.0
19965225,Male,26.0,26,26.0
19985021,Female,37.0,26,37.0
19186629,Male,123.0,26,26.0
19831539,Male,123.0,26,26.0
19791275,Male,123.0,26,26.0
19972673,Male,123.0,26,26.0
20036891,Male,26.0,26,26.0
19188155,Female,26.0,26,26.0
20001317,Female,123.0,26,26.0
19878803,Male,30.0,26,30.0
19208455,Male,46.0,26,46.0
19800501,Female,48.0,26,48.0
19164075,Male,30.0,26,30.0
19926879,Male,29.0,26,29.0
19153155,Male,123.0,26,26.0
19988703,Male,123.0,26,26.0
20082293,Male,123.0,26,26.0
19841969,Male,38.0,26,38.0
19206047,Female,26.0,26,26.0
19786515,Female,36.0,26,36.0
20066375,Female,37.0,26,37.0
19780803,Male,5.0,26,26.0
19885537,Male,5.0,26,26.0
19140639,Female,123.0,26,26.0
20016129,Male,123.0,26,26.0
20072196,Male,22.0,26,22.0
19443123,Female,42.0,26,42.0
19646711,Male,28.0,26,28.0
19154803,Male,24.0,26,24.0
19194091,Male,123.0,26,26.0
19832659,Female,39.0,26,39.0
19225409,Female,41.0,26,41.0
19994121,Male,23.0,26,23.0
20030129,Male,5.0,26,26.0
19985385,Male,123.0,26,26.0
19922805,Female,123.0,26,26.0
20020385,Female,34.0,26,34.0
20040405,Male,21.0,26,21.0
19169381,Male,42.0,26,42.0
20014463,Male,123.0,26,26.0
19176857,Female,25.0,26,25.0
19178131,Female,35.0,26,35.0
20061349,Male,28.0,26,28.0
19945751,Male,34.0,26,34.0
19960255,Male,36.0,26,36.0
19809274,Male,5.0,26,26.0
20010347,Male,5.0,26,26.0
19243063,Male,123.0,26,26.0
20006262,Female,123.0,26,26.0
19957395,Male,123.0,26,26.0
19836338,Male,123.0,26,26.0
19949769,Female,123.0,26,26.0
19809937,Female,36.0,26,36.0
19994975,Male,24.0,26,24.0
19983663,Male,37.0,26,37.0
19867340,Male,33.0,26,33.0
20066193,Male,28.0,26,28.0
19240491,Male,29.0,26,29.0
20080095,Male,5.0,26,26.0
19913747,Male,123.0,26,26.0
19488287,Male,123.0,26,26.0
19142109,Female,123.0,26,26.0
19311691,Male,48.0,26,48.0
19883983,Male,31.0,26,31.0
20031067,Male,27.0,26,27.0
19877277,Female,47.0,26,47.0
19924485,Female,58.0,26,58.0
19218549,Male,41.0,26,41.0
19721457,Male,26.0,26,26.0
19893573,Female,31.0,26,31.0
19829873,Male,123.0,26,26.0
20077505,Male,123.0,26,26.0
20056925,Male,123.0,26,26.0
19808789,Male,123.0,26,26.0
19794453,Male,123.0,26,26.0
20042309,Female,123.0,26,26.0
19788489,Female,40.0,26,40.0
19164859,Female,28.0,26,28.0
19934033,Female,26.0,26,26.0
20046649,Male,41.0,26,41.0
19856165,Male,39.0,26,39.0
20062609,Male,28.0,26,28.0
19771395,Female,29.0,26,29.0
19905991,Female,22.0,26,22.0
19780229,Male,42.0,26,42.0
19215427,Female,123.0,26,26.0
19823531,Male,5.0,26,26.0
19969411,Male,5.0,26,26.0
19805905,Male,123.0,26,26.0
19832687,Male,123.0,26,26.0
19210709,Male,123.0,26,26.0
19507957,Female,30.0,26,30.0
19844615,Female,23.0,26,23.0
20041455,Male,25.0,26,25.0
19211661,Male,123.0,26,26.0
19159035,Male,123.0,26,26.0
19777037,Female,26.0,26,26.0
19919179,Female,42.0,26,42.0
19913831,Male,25.0,26,25.0
19896793,Female,25.0,26,25.0
19167309,Male,28.0,26,28.0
19964609,Female,25.0,26,25.0
20028113,Male,30.0,26,30.0
19944113,Female,26.0,26,26.0
19206500,Female,123.0,26,26.0
20046565,Female,37.0,26,37.0
19192187,Male,23.0,26,23.0
19504765,Male,5.0,26,26.0
19784975,Male,123.0,26,26.0
19811309,Female,123.0,26,26.0
19853715,Male,123.0,26,26.0
19238835,Male,123.0,26,26.0
19238821,Male,123.0,26,26.0
19172251,Male,40.0,26,40.0
19357667,Male,26.0,26,26.0
19828109,Male,36.0,26,36.0
19186475,Female,42.0,26,42.0
19959130,Female,24.0,26,24.0
19858629,Male,29.0,26,29.0
19926445,Male,28.0,26,28.0
19879867,Female,51.0,26,51.0
19919445,Male,22.0,26,22.0
19987849,Male,28.0,26,28.0
19817231,Male,21.0,26,21.0
19507369,Male,123.0,26,26.0
19179797,Male,123.0,26,26.0
19943175,Male,123.0,26,26.0
18481533,Female,19.0,27,19.0
18849103,Female,31.0,27,31.0
18185895,Male,24.0,27,24.0
18028381,Male,32.0,27,32.0
18865119,Female,124.0,27,27.0
17914715,Male,26.0,27,26.0
18359705,Male,42.0,27,42.0
18172665,Female,42.0,27,42.0
18957659,Male,45.0,27,45.0
18098966,Male,24.0,27,24.0
18154446,Male,35.0,27,35.0
18385381,Female,34.0,27,34.0
17986577,Male,25.0,27,25.0
18204417,Female,29.0,27,29.0
18060091,Female,28.0,27,28.0
18868404,Male,24.0,27,24.0
18866810,Male,27.0,27,27.0
18249203,Male,103.0,27,27.0
18444741,Female,31.0,27,31.0
18941965,Male,5.0,27,27.0
18031069,Male,5.0,27,27.0
18067035,Male,5.0,27,27.0
18240341,Male,5.0,27,27.0
19122677,Male,123.0,27,27.0
17988313,Male,123.0,27,27.0
18481897,Female,123.0,27,27.0
18525487,Female,123.0,27,27.0
18459581,Male,123.0,27,27.0
17981579,Male,123.0,27,27.0
18468849,Male,123.0,27,27.0
18190627,Male,123.0,27,27.0
18049059,Male,123.0,27,27.0
18380509,Male,35.0,27,35.0
18872217,Male,48.0,27,48.0
18454023,Male,27.0,27,27.0
18615359,Male,27.0,27,27.0
18078291,Male,30.0,27,30.0
18603053,Male,23.0,27,23.0
18990307,Male,26.0,27,26.0
18359873,Male,46.0,27,46.0
18197977,Male,28.0,27,28.0
19076729,Male,31.0,27,31.0
18216163,Female,25.0,27,25.0
18393767,Female,48.0,27,48.0
17952123,Male,23.0,27,23.0
17935505,Male,29.0,27,29.0
18629387,Female,32.0,27,32.0
18732077,Male,27.0,27,27.0
17901919,Female,23.0,27,23.0
17967817,Male,23.0,27,23.0
18206377,Male,5.0,27,27.0
17949647,Male,5.0,27,27.0
18064319,Male,5.0,27,27.0
18029725,Male,123.0,27,27.0
18210073,Female,123.0,27,27.0
18551757,Male,123.0,27,27.0
18636201,Male,123.0,27,27.0
17992695,Female,123.0,27,27.0
19064339,Male,123.0,27,27.0
18796267,Female,47.0,27,47.0
18949945,Male,28.0,27,28.0
19064633,Female,39.0,27,39.0
17974887,Female,28.0,27,28.0
18891257,Male,25.0,27,25.0
19047427,Male,27.0,27,27.0
18910633,Female,24.0,27,24.0
18251877,Male,28.0,27,28.0
18370051,Male,38.0,27,38.0
18511283,Male,26.0,27,26.0
18711231,Female,31.0,27,31.0
18217591,Male,51.0,27,51.0
18017671,Male,26.0,27,26.0
19114809,Male,33.0,27,33.0
18512445,Male,24.0,27,24.0
18816483,Female,25.0,27,25.0
19038816,Male,43.0,27,43.0
18016818,Female,28.0,27,28.0
18641497,Male,38.0,27,38.0
17910459,Female,123.0,27,27.0
18014689,Male,24.0,27,24.0
18724573,Female,44.0,27,44.0
18894057,Female,48.0,27,48.0
18302627,Male,5.0,27,27.0
17908429,Male,123.0,27,27.0
18648511,Female,123.0,27,27.0
18406899,Male,123.0,27,27.0
19041393,Male,123.0,27,27.0
17914995,Male,123.0,27,27.0
18118709,Male,123.0,27,27.0
18377765,Male,123.0,27,27.0
18090527,Male,123.0,27,27.0
18937205,Male,123.0,27,27.0
18439169,Male,123.0,27,27.0
18331285,Male,123.0,27,27.0
18081595,Male,33.0,27,33.0
17997147,Female,41.0,27,41.0
17919531,Male,123.0,27,27.0
18362057,Female,40.0,27,40.0
18656099,Female,39.0,27,39.0
19056009,Male,35.0,27,35.0
19054483,Female,28.0,27,28.0
18259437,Female,53.0,27,53.0
18071851,Male,26.0,27,26.0
18055695,Male,32.0,27,32.0
18423251,Female,35.0,27,35.0
18565099,Female,44.0,27,44.0
18165077,Male,25.0,27,25.0
18657569,Male,38.0,27,38.0
18423679,Male,25.0,27,25.0
17925341,Female,30.0,27,30.0
18998539,Male,23.0,27,23.0
18207497,Male,25.0,27,25.0
18755158,Male,25.0,27,25.0
18081077,Male,29.0,27,29.0
18057949,Male,24.0,27,24.0
18919845,Male,21.0,27,21.0
18663337,Female,52.0,27,52.0
18241909,Female,55.0,27,55.0
18479629,Female,37.0,27,37.0
18627847,Male,45.0,27,45.0
18128607,Female,33.0,27,33.0
18640545,Male,5.0,27,27.0
17933727,Male,5.0,27,27.0
18216513,Male,5.0,27,27.0
18144105,Male,123.0,27,27.0
18608625,Male,123.0,27,27.0
18280367,Male,123.0,27,27.0
18366901,Male,123.0,27,27.0
18486601,Male,123.0,27,27.0
18704861,Male,123.0,27,27.0
18335499,Male,123.0,27,27.0
18953949,Male,39.0,27,39.0
18766390,Male,35.0,27,35.0
19060265,Female,20.0,27,20.0
18102147,Male,43.0,27,43.0
18585049,Female,46.0,27,46.0
18649449,Female,122.0,27,27.0
18745056,Male,123.0,27,27.0
17919671,Male,29.0,27,29.0
18576915,Male,121.0,27,27.0
18188569,Female,38.0,27,38.0
18191663,Female,29.0,27,29.0
18120039,Male,30.0,27,30.0
18907539,Female,51.0,27,51.0
18631333,Male,50.0,27,50.0
18425211,Female,48.0,27,48.0
18718497,Male,24.0,27,24.0
18150475,Male,52.0,27,52.0
19075203,Male,123.0,27,27.0
18029389,Male,25.0,27,25.0
18630899,Female,38.0,27,38.0
18164601,Female,31.0,27,31.0
18592511,Male,22.0,27,22.0
18488465,Female,40.0,27,40.0
18568025,Male,26.0,27,26.0
19070779,Female,29.0,27,29.0
18983223,Male,40.0,27,40.0
18870929,Male,5.0,27,27.0
18896381,Female,123.0,27,27.0
19122719,Male,123.0,27,27.0
18380033,Male,123.0,27,27.0
18059928,Female,123.0,27,27.0
18270259,Female,123.0,27,27.0
18968243,Female,123.0,27,27.0
18305505,Female,31.0,27,31.0
19056849,Male,25.0,27,25.0
18150125,Male,36.0,27,36.0
18657691,Male,44.0,27,44.0
18291805,Female,25.0,27,25.0
18280899,Male,27.0,27,27.0
18208729,Male,26.0,27,26.0
18883235,Male,48.0,27,48.0
17967607,Male,33.0,27,33.0
18223429,Female,24.0,27,24.0
17893785,Male,33.0,27,33.0
18973241,Male,46.0,27,46.0
18239361,Male,27.0,27,27.0
19005032,Female,25.0,27,25.0
17893723,Female,22.0,27,22.0
18605251,Male,23.0,27,23.0
18677841,Male,36.0,27,36.0
17900309,Male,23.0,27,23.0
18946613,Female,40.0,27,40.0
18447079,Male,27.0,27,27.0
19056429,Male,41.0,27,41.0
18229939,Female,23.0,27,23.0
18330865,Male,36.0,27,36.0
18828733,Female,24.0,27,24.0
18447681,Male,36.0,27,36.0
19006393,Male,25.0,27,25.0
18928273,Female,37.0,27,37.0
18680445,Male,30.0,27,30.0
18075631,Male,23.0,27,23.0
18207847,Male,5.0,27,27.0
18862137,Male,5.0,27,27.0
18114621,Male,5.0,27,27.0
18618397,Male,123.0,27,27.0
18446729,Female,123.0,27,27.0
19078395,Female,123.0,27,27.0
18646789,Male,123.0,27,27.0
18609185,Female,123.0,27,27.0
18399871,Male,123.0,27,27.0
18587681,Female,123.0,27,27.0
17921421,Male,123.0,27,27.0
18088357,Male,123.0,27,27.0
18849355,Female,123.0,27,27.0
18947271,Male,123.0,27,27.0
19105205,Male,28.0,27,28.0
18552779,Female,29.0,27,29.0
18717867,Male,123.0,27,27.0
18552891,Female,123.0,27,27.0
18611977,Male,25.0,27,25.0
19034435,Male,123.0,27,27.0
18831687,Female,123.0,27,27.0
18623073,Male,26.0,27,26.0
17892749,Male,30.0,27,30.0
18972457,Female,45.0,27,45.0
18017965,Female,41.0,27,41.0
18182703,Male,30.0,27,30.0
17956910,Female,27.0,27,27.0
18933257,Male,24.0,27,24.0
18274837,Male,32.0,27,32.0
19102713,Male,24.0,27,24.0
18814383,Male,29.0,27,29.0
18900231,Male,5.0,27,27.0
18635561,Male,5.0,27,27.0
18370247,Male,123.0,27,27.0
18070451,Male,123.0,27,27.0
18620049,Female,123.0,27,27.0
18234895,Female,123.0,27,27.0
19034197,Male,123.0,27,27.0
18509141,Female,123.0,27,27.0
18926985,Female,123.0,27,27.0
18805269,Male,123.0,27,27.0
18388503,Male,123.0,27,27.0
18648819,Male,123.0,27,27.0
18230541,Male,123.0,27,27.0
18592875,Male,123.0,27,27.0
18596749,Male,123.0,27,27.0
18112115,Male,123.0,27,27.0
18368371,Male,123.0,27,27.0
19047819,Male,37.0,27,37.0
18335583,Male,29.0,27,29.0
17944997,Male,32.0,27,32.0
18721619,Female,28.0,27,28.0
19068945,Female,39.0,27,39.0
18781861,Male,36.0,27,36.0
18326959,Male,22.0,27,22.0
19092395,Female,23.0,27,23.0
18476003,Male,35.0,27,35.0
18577713,Male,24.0,27,24.0
19103763,Male,50.0,27,50.0
18420927,Female,29.0,27,29.0
17892875,Male,39.0,27,39.0
18935567,Female,32.0,27,32.0
18628897,Male,32.0,27,32.0
18339027,Female,26.0,27,26.0
18929379,Female,23.0,27,23.0
18199825,Male,123.0,27,27.0
17926027,Female,29.0,27,29.0
18158707,Female,26.0,27,26.0
18721101,Male,39.0,27,39.0
18569495,Male,5.0,27,27.0
18281879,Male,5.0,27,27.0
18236309,Male,5.0,27,27.0
18049759,Male,5.0,27,27.0
18439519,Male,5.0,27,27.0
18685582,Female,123.0,27,27.0
18136727,Male,123.0,27,27.0
17945137,Male,123.0,27,27.0
18846541,Female,123.0,27,27.0
18432211,Female,123.0,27,27.0
17974033,Male,123.0,27,27.0
18439421,Male,123.0,27,27.0
18199951,Male,123.0,27,27.0
18585175,Female,123.0,27,27.0
18985435,Male,123.0,27,27.0
18029697,Male,123.0,27,27.0
19062757,Female,123.0,27,27.0
18319273,Male,123.0,27,27.0
18455493,Male,123.0,27,27.0
18468135,Male,123.0,27,27.0
19031355,Male,123.0,27,27.0
18213377,Male,123.0,27,27.0
18195401,Male,37.0,27,37.0
17895941,Male,25.0,27,25.0
18673221,Male,22.0,27,22.0
17979577,Female,29.0,27,29.0
18017377,Male,41.0,27,41.0
18287171,Male,25.0,27,25.0
18621491,Female,24.0,27,24.0
19030977,Male,44.0,27,44.0
18238997,Female,22.0,27,22.0
18492467,Male,25.0,27,25.0
18992799,Male,43.0,27,43.0
19134367,Male,39.0,27,39.0
18586431,Female,22.0,27,22.0
18465334,Female,23.0,27,23.0
18987157,Female,46.0,27,46.0
18203633,Female,19.0,27,19.0
18959367,Male,24.0,27,24.0
18713704,Female,32.0,27,32.0
18002243,Male,29.0,27,29.0
18011931,Male,27.0,27,27.0
18625901,Male,28.0,27,28.0
17909479,Male,29.0,27,29.0
18676441,Male,24.0,27,24.0
18517205,Male,5.0,27,27.0
18457789,Female,5.0,27,27.0
18908197,Male,5.0,27,27.0
17984757,Male,5.0,27,27.0
18289447,Male,123.0,27,27.0
18963049,Female,123.0,27,27.0
18439085,Male,123.0,27,27.0
18841081,Female,29.0,27,29.0
18015431,Male,40.0,27,40.0
18565071,Female,40.0,27,40.0
18330137,Male,26.0,27,26.0
18964673,Male,28.0,27,28.0
18299855,Female,27.0,27,27.0
18406157,Male,26.0,27,26.0
18372179,Male,24.0,27,24.0
18820585,Male,45.0,27,45.0
18534479,Male,35.0,27,35.0
17993073,Male,24.0,27,24.0
18396959,Female,48.0,27,48.0
18391555,Male,38.0,27,38.0
18787713,Male,44.0,27,44.0
18578427,Female,41.0,27,41.0
17976245,Male,28.0,27,28.0
18599161,Female,30.0,27,30.0
18644507,Female,52.0,27,52.0
18315479,Male,23.0,27,23.0
18019883,Male,29.0,27,29.0
17939733,Male,24.0,27,24.0
18000157,Male,27.0,27,27.0
18258275,Female,35.0,27,35.0
18254985,Male,25.0,27,25.0
18538695,Male,26.0,27,26.0
17940629,Female,25.0,27,25.0
18436467,Female,43.0,27,43.0
18694375,Male,5.0,27,27.0
18021731,Male,5.0,27,27.0
18426527,Male,5.0,27,27.0
17923325,Male,5.0,27,27.0
17991687,Male,5.0,27,27.0
18477291,Male,123.0,27,27.0
17914015,Male,123.0,27,27.0
17985519,Male,123.0,27,27.0
18009761,Male,123.0,27,27.0
18172623,Female,123.0,27,27.0
18721661,Female,123.0,27,27.0
19118883,Male,123.0,27,27.0
18928973,Female,123.0,27,27.0
18815475,Male,123.0,27,27.0
18797065,Female,53.0,27,53.0
18266803,Male,29.0,27,29.0
18500825,Female,31.0,27,31.0
18665675,Female,43.0,27,43.0
17986339,Male,38.0,27,38.0
18435249,Male,23.0,27,23.0
18112997,Female,24.0,27,24.0
18145757,Male,123.0,27,27.0
17985233,Female,20.0,27,20.0
18381895,Male,33.0,27,33.0
18505395,Male,26.0,27,26.0
18922169,Female,123.0,27,27.0
18451237,Male,38.0,27,38.0
18488617,Male,26.0,27,26.0
19072011,Male,33.0,27,33.0
19087593,Male,25.0,27,25.0
18596417,Male,18.0,27,18.0
19018657,Male,30.0,27,30.0
18245227,Female,28.0,27,28.0
19078703,Male,5.0,27,27.0
18360923,Male,123.0,27,27.0
18898747,Female,123.0,27,27.0
18824533,Female,123.0,27,27.0
18483787,Female,123.0,27,27.0
17931221,Male,123.0,27,27.0
18316879,Male,123.0,27,27.0
18037635,Female,38.0,27,38.0
18725511,Female,23.0,27,23.0
18686941,Male,22.0,27,22.0
18968061,Female,41.0,27,41.0
18518815,Female,33.0,27,33.0
18418771,Male,23.0,27,23.0
18725161,Female,34.0,27,34.0
18803855,Female,28.0,27,28.0
19069939,Male,27.0,27,27.0
18856859,Male,36.0,27,36.0
18344067,Female,31.0,27,31.0
18449711,Male,26.0,27,26.0
18830287,Female,51.0,27,51.0
18870257,Female,29.0,27,29.0
18581409,Female,5.0,27,27.0
18766815,Male,5.0,27,27.0
18982985,Male,5.0,27,27.0
17992065,Female,123.0,27,27.0
18790345,Male,123.0,27,27.0
18038069,Male,123.0,27,27.0
18148697,Male,123.0,27,27.0
19107487,Male,123.0,27,27.0
18350269,Male,123.0,27,27.0
18877845,Male,123.0,27,27.0
17946285,Female,123.0,27,27.0
18737999,Female,123.0,27,27.0
18165259,Male,123.0,27,27.0
18037845,Male,41.0,27,41.0
17905937,Male,27.0,27,27.0
18279471,Female,23.0,27,23.0
18902849,Female,43.0,27,43.0
18220097,Male,31.0,27,31.0
18333091,Male,23.0,27,23.0
18297643,Male,28.0,27,28.0
18378591,Female,32.0,27,32.0
18750613,Male,33.0,27,33.0
18140913,Female,36.0,27,36.0
18050431,Male,33.0,27,33.0
18224423,Male,33.0,27,33.0
18773153,Male,123.0,27,27.0
18439071,Male,25.0,27,25.0
18818555,Male,40.0,27,40.0
18778109,Male,23.0,27,23.0
18976825,Male,23.0,27,23.0
17909829,Male,27.0,27,27.0
18423293,Male,34.0,27,34.0
18783457,Male,31.0,27,31.0
18055387,Male,28.0,27,28.0
18086215,Male,36.0,27,36.0
18180771,Female,25.0,27,25.0
18393375,Male,35.0,27,35.0
18373635,Male,25.0,27,25.0
18761561,Male,28.0,27,28.0
17985527,Male,27.0,27,27.0
18858931,Male,5.0,27,27.0
19136005,Male,5.0,27,27.0
18126927,Male,5.0,27,27.0
19026595,Male,123.0,27,27.0
18492859,Female,123.0,27,27.0
18436313,Male,123.0,27,27.0
19080663,Male,123.0,27,27.0
18504269,Female,123.0,27,27.0
19089455,Female,123.0,27,27.0
17977967,Male,123.0,27,27.0
18194393,Male,123.0,27,27.0
17996517,Male,123.0,27,27.0
18207231,Male,123.0,27,27.0
18568472,Male,123.0,27,27.0
18180155,Male,123.0,27,27.0
18523659,Male,123.0,27,27.0
17913371,Female,123.0,27,27.0
19009977,Male,123.0,27,27.0
18456450,Male,26.0,27,26.0
18880617,Female,55.0,27,55.0
18297881,Male,35.0,27,35.0
18338299,Female,28.0,27,28.0
18513397,Male,23.0,27,23.0
18374573,Male,37.0,27,37.0
18025497,Female,38.0,27,38.0
18531653,Female,29.0,27,29.0
18169459,Male,25.0,27,25.0
18152365,Female,30.0,27,30.0
18682489,Male,26.0,27,26.0
18571637,Female,123.0,27,27.0
18106697,Female,52.0,27,52.0
18089561,Male,27.0,27,27.0
18714493,Female,28.0,27,28.0
19067895,Female,5.0,27,27.0
17979143,Female,43.0,27,43.0
18334561,Female,29.0,27,29.0
18053287,Male,30.0,27,30.0
18238857,Female,39.0,27,39.0
17906427,Male,36.0,27,36.0
19112807,Male,30.0,27,30.0
17922625,Male,33.0,27,33.0
18911445,Male,5.0,27,27.0
18632285,Male,123.0,27,27.0
18832177,Male,123.0,27,27.0
18711496,Male,123.0,27,27.0
18474827,Male,123.0,27,27.0
18331915,Male,123.0,27,27.0
18428319,Male,123.0,27,27.0
18561207,Female,123.0,27,27.0
18536119,Male,123.0,27,27.0
18664989,Male,123.0,27,27.0
18914721,Female,32.0,27,32.0
18144013,Female,25.0,27,25.0
18742591,Female,21.0,27,21.0
18674817,Female,34.0,27,34.0
18471341,Male,23.0,27,23.0
18080377,Female,38.0,27,38.0
18110491,Male,25.0,27,25.0
18327370,Female,23.0,27,23.0
18435375,Female,31.0,27,31.0
18868615,Female,44.0,27,44.0
18354791,Male,27.0,27,27.0
18516337,Male,23.0,27,23.0
18348065,Male,24.0,27,24.0
18083891,Male,24.0,27,24.0
18580107,Female,45.0,27,45.0
18194197,Female,27.0,27,27.0
19071705,Male,56.0,27,56.0
18233411,Male,36.0,27,36.0
18157013,Male,29.0,27,29.0
17975335,Male,38.0,27,38.0
18476017,Male,29.0,27,29.0
18735318,Female,43.0,27,43.0
18774959,Male,38.0,27,38.0
18344011,Male,22.0,27,22.0
19057871,Male,5.0,27,27.0
18129251,Male,5.0,27,27.0
17898937,Male,5.0,27,27.0
18940873,Male,5.0,27,27.0
18717965,Female,123.0,27,27.0
18501217,Male,123.0,27,27.0
18101417,Male,123.0,27,27.0
18272597,Male,123.0,27,27.0
18386921,Male,123.0,27,27.0
18030411,Male,123.0,27,27.0
17973109,Male,59.0,27,59.0
17941581,Male,38.0,27,38.0
18938675,Male,38.0,27,38.0
18775365,Male,29.0,27,29.0
18914245,Male,32.0,27,32.0
18778445,Male,29.0,27,29.0
18701977,Male,33.0,27,33.0
18481351,Male,38.0,27,38.0
19080248,Female,41.0,27,41.0
18365697,Female,39.0,27,39.0
18172833,Female,46.0,27,46.0
18420605,Female,47.0,27,47.0
18492425,Male,26.0,27,26.0
18536693,Male,27.0,27,27.0
17933208,Female,26.0,27,26.0
18035745,Male,51.0,27,51.0
18391709,Female,24.0,27,24.0
18306239,Male,20.0,27,20.0
18677001,Female,28.0,27,28.0
18869991,Male,25.0,27,25.0
18138057,Male,39.0,27,39.0
18070535,Male,27.0,27,27.0
17911383,Female,22.0,27,22.0
18295943,Male,123.0,27,27.0
18093999,Male,123.0,27,27.0
17926230,Male,123.0,27,27.0
18274669,Male,123.0,27,27.0
18726084,Female,123.0,27,27.0
18040127,Female,123.0,27,27.0
18259531,Male,123.0,27,27.0
18347026,Male,123.0,27,27.0
18567619,Male,123.0,27,27.0
18605265,Female,123.0,27,27.0
18039217,Female,123.0,27,27.0
18469003,Male,123.0,27,27.0
19026441,Male,123.0,27,27.0
18152771,Male,123.0,27,27.0
19044907,Female,27.0,27,27.0
18843419,Female,25.0,27,25.0
18400249,Female,30.0,27,30.0
18546661,Female,65.0,27,65.0
18541047,Male,123.0,27,27.0
18006750,Male,26.0,27,26.0
19058361,Female,25.0,27,25.0
17945795,Female,41.0,27,41.0
18568515,Female,22.0,27,22.0
18778879,Male,26.0,27,26.0
18450663,Female,24.0,27,24.0
18327407,Male,123.0,27,27.0
18547711,Male,23.0,27,23.0
18847717,Female,38.0,27,38.0
17928113,Male,43.0,27,43.0
18110281,Female,27.0,27,27.0
18305007,Male,30.0,27,30.0
18117674,Female,45.0,27,45.0
18317089,Female,30.0,27,30.0
18669917,Female,34.0,27,34.0
18300919,Male,36.0,27,36.0
18091633,Male,34.0,27,34.0
18289929,Male,28.0,27,28.0
18345523,Male,26.0,27,26.0
18264617,Female,25.0,27,25.0
18845337,Female,34.0,27,34.0
18036221,Male,15.0,27,15.0
18217960,Female,24.0,27,24.0
18944387,Male,28.0,27,28.0
18948760,Male,34.0,27,34.0
19006925,Male,5.0,27,27.0
18357297,Male,5.0,27,27.0
18545513,Male,5.0,27,27.0
19083883,Male,123.0,27,27.0
18895905,Male,123.0,27,27.0
18020835,Male,123.0,27,27.0
19126317,Male,123.0,27,27.0
18386711,Male,123.0,27,27.0
17930185,Male,123.0,27,27.0
18879651,Male,123.0,27,27.0
18656365,Male,24.0,27,24.0
19119716,Female,24.0,27,24.0
18234069,Male,25.0,27,25.0
18329829,Male,23.0,27,23.0
18287983,Female,41.0,27,41.0
18828159,Male,22.0,27,22.0
18006065,Female,23.0,27,23.0
18597033,Female,24.0,27,24.0
18615807,Male,23.0,27,23.0
18403613,Female,45.0,27,45.0
18622723,Male,66.0,27,66.0
19015143,Male,25.0,27,25.0
18827221,Female,34.0,27,34.0
18448563,Female,54.0,27,54.0
18439106,Male,24.0,27,24.0
18860401,Male,22.0,27,22.0
18474169,Male,24.0,27,24.0
18559919,Male,29.0,27,29.0
19020353,Female,52.0,27,52.0
18178951,Female,24.0,27,24.0
18499019,Male,27.0,27,27.0
18830777,Male,5.0,27,27.0
18253529,Male,5.0,27,27.0
18176165,Male,5.0,27,27.0
19086333,Male,5.0,27,27.0
18956469,Male,5.0,27,27.0
18204893,Male,5.0,27,27.0
18546217,Female,123.0,27,27.0
18175367,Female,123.0,27,27.0
18619951,Female,123.0,27,27.0
19058487,Male,123.0,27,27.0
18524191,Male,123.0,27,27.0
18618761,Male,123.0,27,27.0
18961747,Male,123.0,27,27.0
18028493,Male,123.0,27,27.0
18724433,Male,123.0,27,27.0
18619503,Male,123.0,27,27.0
18679031,Male,123.0,27,27.0
18857671,Male,123.0,27,27.0
18571259,Male,24.0,27,24.0
18400711,Male,35.0,27,35.0
18218473,Female,52.0,27,52.0
18396483,Female,32.0,27,32.0
18071515,Male,23.0,27,23.0
19005735,Female,33.0,27,33.0
18321583,Female,23.0,27,23.0
18597327,Female,25.0,27,25.0
18174653,Female,66.0,27,66.0
17971081,Male,35.0,27,35.0
17966165,Female,34.0,27,34.0
18331509,Female,28.0,27,28.0
18232333,Female,53.0,27,53.0
18061715,Male,45.0,27,45.0
18125177,Male,29.0,27,29.0
18016075,Female,28.0,27,28.0
18006597,Male,31.0,27,31.0
18227139,Male,51.0,27,51.0
18398079,Male,26.0,27,26.0
18539451,Male,24.0,27,24.0
18285028,Female,27.0,27,27.0
18442302,Male,26.0,27,26.0
18243267,Female,37.0,27,37.0
19002361,Female,34.0,27,34.0
18299351,Female,49.0,27,49.0
18436187,Female,52.0,27,52.0
18097471,Female,31.0,27,31.0
19042513,Male,32.0,27,32.0
18342863,Male,5.0,27,27.0
18802273,Male,123.0,27,27.0
18306421,Male,123.0,27,27.0
18044103,Male,123.0,27,27.0
18798773,Male,123.0,27,27.0
18185475,Male,123.0,27,27.0
18952129,Male,123.0,27,27.0
18803071,Male,123.0,27,27.0
18296523,Male,123.0,27,27.0
17903403,Female,123.0,27,27.0
18414711,Male,123.0,27,27.0
18128109,Male,24.0,27,24.0
18840549,Male,36.0,27,36.0
18488155,Male,23.0,27,23.0
18778039,Female,48.0,27,48.0
18140003,Male,28.0,27,28.0
18730719,Male,35.0,27,35.0
19111519,Female,22.0,27,22.0
18240315,Male,29.0,27,29.0
19000919,Male,24.0,27,24.0
19041267,Female,26.0,27,26.0
18754841,Female,32.0,27,32.0
18817631,Male,24.0,27,24.0
18610081,Female,27.0,27,27.0
18091353,Female,29.0,27,29.0
17919685,Male,35.0,27,35.0
19089917,Female,39.0,27,39.0
18153751,Male,23.0,27,23.0
18151833,Female,22.0,27,22.0
18569971,Female,31.0,27,31.0
18029501,Male,32.0,27,32.0
18815840,Female,30.0,27,30.0
18103018,Male,25.0,27,25.0
17936737,Female,24.0,27,24.0
18269139,Male,29.0,27,29.0
18753049,Female,42.0,27,42.0
19090001,Male,5.0,27,27.0
18205089,Female,123.0,27,27.0
18948013,Female,123.0,27,27.0
18519077,Female,123.0,27,27.0
18059293,Female,123.0,27,27.0
18425477,Male,123.0,27,27.0
18322171,Female,123.0,27,27.0
18160079,Male,123.0,27,27.0
18046875,Male,123.0,27,27.0
18769149,Female,123.0,27,27.0
18525885,Male,123.0,27,27.0
19001339,Male,123.0,27,27.0
18182838,Male,123.0,27,27.0
19091709,Female,123.0,27,27.0
18938199,Male,123.0,27,27.0
18447016,Female,43.0,27,43.0
18235365,Male,27.0,27,27.0
19038201,Male,47.0,27,47.0
18912131,Male,24.0,27,24.0
18357647,Male,32.0,27,32.0
18472923,Male,30.0,27,30.0
18593967,Male,45.0,27,45.0
18413101,Male,23.0,27,23.0
19016361,Male,26.0,27,26.0
18087419,Male,25.0,27,25.0
18890963,Male,36.0,27,36.0
18465545,Female,33.0,27,33.0
18605531,Female,26.0,27,26.0
18930233,Female,36.0,27,36.0
18087027,Male,25.0,27,25.0
18829881,Female,31.0,27,31.0
18736641,Male,27.0,27,27.0
18074189,Male,23.0,27,23.0
17950401,Male,31.0,27,31.0
18343857,Male,116.0,27,27.0
18256077,Female,42.0,27,42.0
18674397,Male,43.0,27,43.0
17935099,Female,31.0,27,31.0
18591083,Male,41.0,27,41.0
18219257,Female,27.0,27,27.0
18189487,Male,23.0,27,23.0
18108223,Male,30.0,27,30.0
18804821,Male,27.0,27,27.0
19065613,Female,42.0,27,42.0
18390281,Male,29.0,27,29.0
18406367,Male,65.0,27,65.0
18192125,Male,23.0,27,23.0
18153387,Male,5.0,27,27.0
18116721,Male,5.0,27,27.0
18143377,Male,5.0,27,27.0
18881919,Male,5.0,27,27.0
18537491,Male,123.0,27,27.0
17948326,Male,123.0,27,27.0
18753385,Female,123.0,27,27.0
18050366,Male,123.0,27,27.0
19134395,Male,123.0,27,27.0
18311923,Male,123.0,27,27.0
18000773,Male,123.0,27,27.0
18027034,Male,123.0,27,27.0
18218683,Male,29.0,27,29.0
19112000,Male,35.0,27,35.0
18403987,Male,38.0,27,38.0
18933243,Female,25.0,27,25.0
18831407,Male,48.0,27,48.0
18765999,Female,24.0,27,24.0
18066587,Male,27.0,27,27.0
18955181,Male,25.0,27,25.0
19056779,Male,18.0,27,18.0
18406633,Male,24.0,27,24.0
18651157,Female,40.0,27,40.0
18377485,Male,23.0,27,23.0
18748107,Male,27.0,27,27.0
18404841,Male,50.0,27,50.0
18434241,Female,42.0,27,42.0
18673319,Male,29.0,27,29.0
18716369,Male,26.0,27,26.0
18104261,Male,24.0,27,24.0
19132535,Male,26.0,27,26.0
18638445,Male,27.0,27,27.0
18259115,Female,26.0,27,26.0
18037327,Female,45.0,27,45.0
19093249,Male,5.0,27,27.0
18227461,Male,5.0,27,27.0
19007541,Male,5.0,27,27.0
19069589,Male,5.0,27,27.0
18274417,Male,123.0,27,27.0
18114859,Male,123.0,27,27.0
18312819,Male,123.0,27,27.0
18482555,Male,123.0,27,27.0
18034107,Male,123.0,27,27.0
18278645,Male,123.0,27,27.0
18118040,Male,123.0,27,27.0
18406101,Male,123.0,27,27.0
18127585,Male,123.0,27,27.0
19011181,Male,25.0,27,25.0
18180491,Male,36.0,27,36.0
18516085,Male,24.0,27,24.0
18803561,Male,38.0,27,38.0
18201298,Male,24.0,27,24.0
18988235,Female,49.0,27,49.0
18744201,Female,21.0,27,21.0
18211501,Female,53.0,27,53.0
18849439,Female,42.0,27,42.0
18173155,Male,26.0,27,26.0
18828881,Male,42.0,27,42.0
19024930,Female,31.0,27,31.0
18453260,Female,20.0,27,20.0
18928959,Male,54.0,27,54.0
18201743,Female,49.0,27,49.0
17941469,Male,5.0,27,27.0
18097499,Male,5.0,27,27.0
18035871,Male,123.0,27,27.0
18543385,Female,123.0,27,27.0
18415831,Male,123.0,27,27.0
18822559,Male,123.0,27,27.0
18015084,Female,123.0,27,27.0
18255699,Female,123.0,27,27.0
18975215,Female,123.0,27,27.0
18655833,Male,123.0,27,27.0
18282411,Male,39.0,27,39.0
18129083,Female,20.0,27,20.0
18080699,Male,28.0,27,28.0
18956847,Female,46.0,27,46.0
17902115,Male,28.0,27,28.0
17975769,Female,29.0,27,29.0
18764613,Male,34.0,27,34.0
18123399,Male,31.0,27,31.0
18040813,Male,29.0,27,29.0
18098031,Male,28.0,27,28.0
18866197,Female,28.0,27,28.0
18667439,Male,27.0,27,27.0
18980493,Female,123.0,27,27.0
18571707,Male,30.0,27,30.0
18773139,Female,30.0,27,30.0
18136954,Male,26.0,27,26.0
18540165,Male,24.0,27,24.0
18717187,Male,24.0,27,24.0
18194673,Male,48.0,27,48.0
18434316,Female,36.0,27,36.0
18594233,Male,26.0,27,26.0
18030117,Male,22.0,27,22.0
18478313,Male,33.0,27,33.0
18212523,Female,41.0,27,41.0
18172805,Male,25.0,27,25.0
18410891,Female,24.0,27,24.0
18880239,Male,23.0,27,23.0
18113347,Male,26.0,27,26.0
18334101,Male,5.0,27,27.0
19013491,Male,5.0,27,27.0
18129556,Male,5.0,27,27.0
18699499,Male,5.0,27,27.0
18000931,Male,123.0,27,27.0
18484977,Male,123.0,27,27.0
19095559,Female,123.0,27,27.0
18167513,Male,123.0,27,27.0
17725547,Male,22.0,28,22.0
17783773,Female,123.0,28,28.0
17781645,Male,24.0,28,24.0
17625741,Male,26.0,28,26.0
17598167,Female,33.0,28,33.0
17802715,Male,22.0,28,22.0
17639727,Female,42.0,28,42.0
17825045,Female,31.0,28,31.0
17539753,Male,5.0,28,28.0
17807363,Male,123.0,28,28.0
17565667,Female,123.0,28,28.0
17562531,Male,123.0,28,28.0
17579499,Male,123.0,28,28.0
17740695,Male,123.0,28,28.0
17847025,Male,123.0,28,28.0
17743149,Male,123.0,28,28.0
17751657,Female,50.0,28,50.0
17567179,Female,29.0,28,29.0
17636955,Male,41.0,28,41.0
17555377,Male,24.0,28,24.0
17717259,Male,26.0,28,26.0
17798375,Male,37.0,28,37.0
17738595,Female,123.0,28,28.0
17550673,Male,123.0,28,28.0
17695839,Male,123.0,28,28.0
17789469,Male,123.0,28,28.0
17584259,Male,25.0,28,25.0
17880303,Male,30.0,28,30.0
17683687,Male,32.0,28,32.0
17802295,Male,25.0,28,25.0
17761037,Female,20.0,28,20.0
17589826,Female,43.0,28,43.0
17661301,Male,25.0,28,25.0
17587763,Male,29.0,28,29.0
17578295,Male,20.0,28,20.0
17772993,Male,37.0,28,37.0
17549595,Male,5.0,28,28.0
17586639,Female,123.0,28,28.0
17764974,Female,123.0,28,28.0
17596232,Male,28.0,28,28.0
17664003,Male,24.0,28,24.0
17628317,Male,28.0,28,28.0
17819025,Female,30.0,28,30.0
17644767,Male,35.0,28,35.0
17546193,Male,47.0,28,47.0
17563679,Male,32.0,28,32.0
17605672,Female,30.0,28,30.0
17786643,Male,30.0,28,30.0
17836707,Male,5.0,28,28.0
17798067,Male,123.0,28,28.0
17627953,Male,123.0,28,28.0
17614261,Male,123.0,28,28.0
17578612,Female,123.0,28,28.0
17657773,Female,39.0,28,39.0
17757439,Male,42.0,28,42.0
17548139,Male,26.0,28,26.0
17762255,Male,39.0,28,39.0
17741282,Female,23.0,28,23.0
17614835,Male,123.0,28,28.0
17653769,Male,123.0,28,28.0
17852905,Female,123.0,28,28.0
17890384,Male,123.0,28,28.0
17833347,Male,24.0,28,24.0
17884251,Female,27.0,28,27.0
17635653,Male,38.0,28,38.0
17565961,Male,24.0,28,24.0
17683575,Male,26.0,28,26.0
17856335,Female,31.0,28,31.0
17834775,Male,24.0,28,24.0
17866359,Male,5.0,28,28.0
17706577,Male,123.0,28,28.0
17886911,Female,30.0,28,30.0
17831975,Male,42.0,28,42.0
17627211,Female,31.0,28,31.0
17805137,Female,24.0,28,24.0
17828293,Female,5.0,28,28.0
17678731,Female,5.0,28,28.0
17628709,Male,5.0,28,28.0
17725001,Female,123.0,28,28.0
17616473,Male,123.0,28,28.0
17731133,Female,123.0,28,28.0
17667167,Male,123.0,28,28.0
17576279,Male,123.0,28,28.0
17647819,Male,123.0,28,28.0
17647315,Male,34.0,28,34.0
17638257,Male,29.0,28,29.0
17584777,Female,39.0,28,39.0
17800881,Male,32.0,28,32.0
17743103,Female,26.0,28,26.0
17658613,Male,27.0,28,27.0
17709503,Male,26.0,28,26.0
17528175,Male,5.0,28,28.0
17714319,Male,5.0,28,28.0
17754597,Male,123.0,28,28.0
17585194,Female,25.0,28,25.0
17674055,Male,26.0,28,26.0
17766959,Male,39.0,28,39.0
17861221,Male,24.0,28,24.0
17804633,Male,24.0,28,24.0
17596621,Male,29.0,28,29.0
17645383,Male,123.0,28,28.0
17769605,Male,123.0,28,28.0
17767799,Male,123.0,28,28.0
17562097,Male,36.0,28,36.0
17529001,Male,34.0,28,34.0
17807755,Female,43.0,28,43.0
17799327,Male,25.0,28,25.0
17541895,Female,23.0,28,23.0
17730979,Male,32.0,28,32.0
17611545,Male,23.0,28,23.0
17644501,Male,49.0,28,49.0
17669295,Female,123.0,28,28.0
17891755,Male,39.0,28,39.0
17824597,Male,32.0,28,32.0
17830393,Male,24.0,28,24.0
17731315,Male,27.0,28,27.0
17816575,Male,34.0,28,34.0
17536743,Male,39.0,28,39.0
17598077,Female,43.0,28,43.0
17637053,Male,29.0,28,29.0
17541881,Male,25.0,28,25.0
17747599,Male,28.0,28,28.0
17596327,Male,123.0,28,28.0
17553123,Female,123.0,28,28.0
17644697,Male,123.0,28,28.0
17529953,Male,123.0,28,28.0
17835587,Male,123.0,28,28.0
17595837,Male,123.0,28,28.0
17563343,Male,30.0,28,30.0
17542063,Male,24.0,28,24.0
17742179,Male,35.0,28,35.0
17773679,Female,123.0,28,28.0
17810723,Male,24.0,28,24.0
17674979,Male,25.0,28,25.0
17643351,Male,24.0,28,24.0
17559467,Male,123.0,28,28.0
17756865,Male,5.0,28,28.0
17829060,Male,123.0,28,28.0
17610565,Male,123.0,28,28.0
17609585,Female,123.0,28,28.0
17623235,Male,42.0,28,42.0
17608860,Female,50.0,28,50.0
17882585,Male,28.0,28,28.0
17675469,Male,39.0,28,39.0
17745749,Male,21.0,28,21.0
17620141,Male,29.0,28,29.0
17770571,Male,37.0,28,37.0
17653595,Male,123.0,28,28.0
17546557,Female,30.0,28,30.0
17715413,Male,29.0,28,29.0
17587773,Male,35.0,28,35.0
17625139,Female,48.0,28,48.0
17691508,Male,49.0,28,49.0
17798809,Female,23.0,28,23.0
17743145,Male,32.0,28,32.0
17610033,Male,35.0,28,35.0
17613155,Female,22.0,28,22.0
17688965,Male,34.0,28,34.0
17685199,Male,23.0,28,23.0
17602963,Male,5.0,28,28.0
17576699,Male,123.0,28,28.0
17781407,Male,123.0,28,28.0
17698387,Male,123.0,28,28.0
17606001,Male,33.0,28,33.0
17654819,Male,27.0,28,27.0
17884615,Female,27.0,28,27.0
17636535,Male,23.0,28,23.0
17811017,Male,50.0,28,50.0
17760622,Female,21.0,28,21.0
17666913,Female,123.0,28,28.0
17879309,Female,23.0,28,23.0
17870489,Male,24.0,28,24.0
17600807,Male,29.0,28,29.0
17789947,Male,54.0,28,54.0
17635979,Male,34.0,28,34.0
17844547,Male,24.0,28,24.0
17782947,Male,5.0,28,28.0
17817905,Male,5.0,28,28.0
17535525,Male,5.0,28,28.0
17751237,Male,123.0,28,28.0
17647623,Male,123.0,28,28.0
17743257,Male,123.0,28,28.0
17885707,Male,35.0,28,35.0
17839521,Female,22.0,28,22.0
17648197,Male,29.0,28,29.0
17652775,Male,22.0,28,22.0
17571225,Male,19.0,28,19.0
17800727,Male,27.0,28,27.0
17688377,Male,25.0,28,25.0
17552395,Male,26.0,28,26.0
17559899,Male,23.0,28,23.0
17709780,Male,5.0,28,28.0
17537303,Male,123.0,28,28.0
17611069,Female,26.0,28,26.0
17755213,Male,33.0,28,33.0
17642583,Female,3.0,28,28.0
17784963,Female,30.0,28,30.0
17549427,Female,43.0,28,43.0
17768317,Male,31.0,28,31.0
17780441,Male,36.0,28,36.0
17881045,Male,123.0,28,28.0
17607821,Male,37.0,28,37.0
17591049,Male,47.0,28,47.0
17763963,Male,32.0,28,32.0
17777753,Male,42.0,28,42.0
17848509,Male,33.0,28,33.0
17694509,Female,27.0,28,27.0
17762941,Female,23.0,28,23.0
17776549,Female,38.0,28,38.0
17834926,Male,23.0,28,23.0
17756893,Male,50.0,28,50.0
17536407,Female,33.0,28,33.0
17770445,Female,36.0,28,36.0
17772405,Male,37.0,28,37.0
17558513,Female,25.0,28,25.0
17650521,Male,23.0,28,23.0
17612931,Female,31.0,28,31.0
17826557,Male,5.0,28,28.0
17705967,Male,123.0,28,28.0
17854207,Male,23.0,28,23.0
17704407,Female,38.0,28,38.0
17708579,Male,39.0,28,39.0
17874927,Female,36.0,28,36.0
17614093,Male,23.0,28,23.0
17712989,Male,39.0,28,39.0
17573717,Male,24.0,28,24.0
17855761,Male,123.0,28,28.0
17718645,Female,123.0,28,28.0
17891811,Male,123.0,28,28.0
17591581,Male,123.0,28,28.0
17766493,Female,25.0,28,25.0
17616949,Male,29.0,28,29.0
17732071,Male,24.0,28,24.0
17726485,Male,24.0,28,24.0
17722761,Female,35.0,28,35.0
17648127,Female,35.0,28,35.0
17640833,Female,26.0,28,26.0
17804003,Male,24.0,28,24.0
17681391,Male,38.0,28,38.0
17806971,Male,31.0,28,31.0
17619597,Male,24.0,28,24.0
17740023,Male,27.0,28,27.0
17772727,Male,5.0,28,28.0
17593065,Female,123.0,28,28.0
17809519,Male,123.0,28,28.0
17798529,Male,123.0,28,28.0
17875277,Female,123.0,28,28.0
17610285,Female,24.0,28,24.0
17723391,Male,123.0,28,28.0
17652064,Male,36.0,28,36.0
17849475,Male,27.0,28,27.0
17743551,Female,20.0,28,20.0
17592813,Male,29.0,28,29.0
17554257,Male,27.0,28,27.0
17659663,Female,120.0,28,28.0
17857805,Female,52.0,28,52.0
17738399,Male,5.0,28,28.0
17703105,Male,123.0,28,28.0
17543799,Male,123.0,28,28.0
17585589,Female,123.0,28,28.0
17770543,Male,123.0,28,28.0
17615673,Female,123.0,28,28.0
17545311,Male,123.0,28,28.0
17845345,Female,123.0,28,28.0
17860745,Male,123.0,28,28.0
17610271,Female,50.0,28,50.0
17615367,Female,21.0,28,21.0
17838415,Male,22.0,28,22.0
17856685,Male,5.0,28,28.0
17554411,Male,123.0,28,28.0
17588865,Male,123.0,28,28.0
17778845,Male,123.0,28,28.0
17744517,Male,22.0,28,22.0
17828517,Male,31.0,28,31.0
17596677,Male,26.0,28,26.0
17631481,Male,28.0,28,28.0
17600359,Female,26.0,28,26.0
17885483,Male,24.0,28,24.0
17683449,Male,23.0,28,23.0
17862971,Male,5.0,28,28.0
17582103,Male,123.0,28,28.0
17598679,Male,123.0,28,28.0
17582131,Male,30.0,28,30.0
17776997,Male,35.0,28,35.0
17711939,Male,50.0,28,50.0
17699563,Female,30.0,28,30.0
17729795,Male,51.0,28,51.0
17735347,Male,23.0,28,23.0
17876719,Female,49.0,28,49.0
17733427,Female,27.0,28,27.0
17823659,Male,49.0,28,49.0
17624257,Male,5.0,28,28.0
17526426,Male,5.0,28,28.0
17785243,Male,5.0,28,28.0
17580843,Female,123.0,28,28.0
17534340,Male,123.0,28,28.0
17711323,Male,123.0,28,28.0
17763935,Female,25.0,28,25.0
17666537,Female,36.0,28,36.0
17641141,Male,44.0,28,44.0
17666215,Female,34.0,28,34.0
17545395,Male,24.0,28,24.0
17764048,Male,23.0,28,23.0
17625587,Male,5.0,28,28.0
17597363,Male,5.0,28,28.0
17696665,Male,5.0,28,28.0
17618307,Female,123.0,28,28.0
17794707,Male,123.0,28,28.0
17669309,Male,123.0,28,28.0
17658347,Male,123.0,28,28.0
17590993,Male,123.0,28,28.0
17670163,Male,123.0,28,28.0
17845695,Male,123.0,28,28.0
17601633,Male,123.0,28,28.0
17141509,Female,53.0,29,53.0
17413655,Female,53.0,29,53.0
17159807,Male,42.0,29,42.0
17323559,Male,34.0,29,34.0
17218271,Male,26.0,29,26.0
17140837,Female,47.0,29,47.0
17522967,Male,5.0,29,29.0
17174465,Male,123.0,29,29.0
17412311,Male,20.0,29,20.0
17179463,Male,26.0,29,26.0
17139717,Male,25.0,29,25.0
17437357,Female,24.0,29,24.0
17299807,Female,20.0,29,20.0
17313555,Male,29.0,29,29.0
17173429,Male,30.0,29,30.0
17487113,Male,123.0,29,29.0
17370815,Male,123.0,29,29.0
17296573,Male,123.0,29,29.0
17501715,Male,123.0,29,29.0
17151029,Male,22.0,29,22.0
17159317,Male,39.0,29,39.0
17135671,Male,27.0,29,27.0
17275349,Male,5.0,29,29.0
17401447,Male,123.0,29,29.0
17207939,Male,123.0,29,29.0
17474023,Male,123.0,29,29.0
17493525,Male,123.0,29,29.0
17378907,Male,123.0,29,29.0
17386061,Male,27.0,29,27.0
17152415,Male,23.0,29,23.0
17390821,Male,25.0,29,25.0
17424981,Male,60.0,29,60.0
17486245,Male,5.0,29,29.0
17394615,Male,123.0,29,29.0
17187107,Male,36.0,29,36.0
17174899,Female,32.0,29,32.0
17427025,Male,5.0,29,29.0
17170503,Male,69.0,29,69.0
17155462,Male,24.0,29,24.0
17523274,Male,31.0,29,31.0
17194905,Male,123.0,29,29.0
17230059,Male,123.0,29,29.0
17252725,Female,123.0,29,29.0
17230101,Male,36.0,29,36.0
17449621,Male,39.0,29,39.0
17405437,Female,27.0,29,27.0
17301599,Male,37.0,29,37.0
17456397,Male,33.0,29,33.0
17425947,Female,36.0,29,36.0
17198265,Female,20.0,29,20.0
17162378,Male,56.0,29,56.0
17252561,Male,65.0,29,65.0
17170881,Male,5.0,29,29.0
17310447,Male,5.0,29,29.0
17374693,Female,54.0,29,54.0
17413291,Female,23.0,29,23.0
17414481,Male,21.0,29,21.0
17342815,Male,26.0,29,26.0
17311203,Female,23.0,29,23.0
17501701,Female,23.0,29,23.0
17430007,Male,24.0,29,24.0
17211341,Male,23.0,29,23.0
17313639,Male,30.0,29,30.0
17186743,Female,123.0,29,29.0
17501407,Male,123.0,29,29.0
17311133,Female,123.0,29,29.0
17229135,Male,57.0,29,57.0
17143357,Female,123.0,29,29.0
17130155,Male,37.0,29,37.0
17483333,Male,23.0,29,23.0
17207289,Male,27.0,29,27.0
17165869,Female,63.0,29,63.0
17431631,Male,23.0,29,23.0
17220623,Male,123.0,29,29.0
17312029,Female,123.0,29,29.0
17254923,Male,123.0,29,29.0
17134629,Male,123.0,29,29.0
17428929,Female,30.0,29,30.0
17413389,Female,23.0,29,23.0
17147319,Male,26.0,29,26.0
17406389,Female,55.0,29,55.0
17189515,Male,31.0,29,31.0
17497431,Male,25.0,29,25.0
17363017,Male,31.0,29,31.0
17136217,Male,58.0,29,58.0
17178712,Female,123.0,29,29.0
17311035,Male,31.0,29,31.0
17161585,Female,25.0,29,25.0
17209073,Female,43.0,29,43.0
17202227,Male,25.0,29,25.0
17398871,Male,47.0,29,47.0
17150944,Male,24.0,29,24.0
17452477,Male,32.0,29,32.0
17418779,Male,123.0,29,29.0
17201569,Male,123.0,29,29.0
17306443,Male,47.0,29,47.0
17160199,Male,26.0,29,26.0
17486315,Male,28.0,29,28.0
17209241,Female,50.0,29,50.0
17431883,Male,24.0,29,24.0
17133361,Male,34.0,29,34.0
17432023,Female,48.0,29,48.0
17431771,Female,123.0,29,29.0
17321269,Male,123.0,29,29.0
17146409,Male,31.0,29,31.0
17333001,Male,24.0,29,24.0
17490459,Male,25.0,29,25.0
17397625,Male,31.0,29,31.0
17301319,Female,29.0,29,29.0
17186421,Male,38.0,29,38.0
17162803,Male,21.0,29,21.0
17213595,Male,29.0,29,29.0
17147907,Male,33.0,29,33.0
17151777,Female,24.0,29,24.0
17502275,Male,5.0,29,29.0
17321017,Male,5.0,29,29.0
17316397,Male,123.0,29,29.0
17525025,Male,24.0,29,24.0
17386677,Male,28.0,29,28.0
17303125,Male,25.0,29,25.0
17172155,Male,29.0,29,29.0
17398899,Male,26.0,29,26.0
17226755,Male,50.0,29,50.0
17412059,Female,26.0,29,26.0
17491901,Male,28.0,29,28.0
17315501,Male,26.0,29,26.0
17489969,Male,5.0,29,29.0
17213385,Female,123.0,29,29.0
17198587,Male,123.0,29,29.0
17478937,Male,35.0,29,35.0
17402840,Male,33.0,29,33.0
17471223,Male,30.0,29,30.0
17431379,Female,30.0,29,30.0
17386325,Female,22.0,29,22.0
17410393,Male,49.0,29,49.0
17230549,Male,31.0,29,31.0
17181941,Female,34.0,29,34.0
17137113,Male,47.0,29,47.0
17308053,Female,21.0,29,21.0
17311217,Male,5.0,29,29.0
17437119,Female,123.0,29,29.0
17152443,Male,123.0,29,29.0
17142671,Male,123.0,29,29.0
17192060,Male,123.0,29,29.0
17487701,Male,29.0,29,29.0
17194121,Female,44.0,29,44.0
17157889,Male,27.0,29,27.0
17490081,Male,28.0,29,28.0
17506601,Male,123.0,29,29.0
17301331,Male,123.0,29,29.0
17312015,Female,22.0,29,22.0
17383919,Male,26.0,29,26.0
17494631,Female,37.0,29,37.0
17486679,Male,29.0,29,29.0
17404961,Male,5.0,29,29.0
17135839,Female,123.0,29,29.0
17475829,Male,123.0,29,29.0
17143679,Male,42.0,29,42.0
17505103,Male,34.0,29,34.0
17156629,Male,30.0,29,30.0
17153297,Female,29.0,29,29.0
17224445,Male,29.0,29,29.0
17494981,Male,29.0,29,29.0
17162242,Male,22.0,29,22.0
17169117,Male,28.0,29,28.0
17163587,Male,24.0,29,24.0
17517563,Female,40.0,29,40.0
17179312,Male,30.0,29,30.0
17178357,Male,27.0,29,27.0
17134831,Male,5.0,29,29.0
17149545,Male,5.0,29,29.0
17393162,Male,123.0,29,29.0
17322347,Male,27.0,29,27.0
17139535,Female,29.0,29,29.0
17464993,Female,33.0,29,33.0
17373881,Male,34.0,29,34.0
17191027,Male,26.0,29,26.0
17148873,Male,123.0,29,29.0
17516933,Male,123.0,29,29.0
17512075,Male,23.0,29,23.0
17180683,Female,27.0,29,27.0
17211971,Male,34.0,29,34.0
17272577,Female,21.0,29,21.0
17203991,Female,29.0,29,29.0
17315655,Male,24.0,29,24.0
17455977,Male,28.0,29,28.0
17211677,Male,29.0,29,29.0
17403407,Female,25.0,29,25.0
17302649,Female,49.0,29,49.0
17478475,Male,39.0,29,39.0
17188101,Female,123.0,29,29.0
17221483,Male,123.0,29,29.0
17482297,Male,30.0,29,30.0
17517549,Female,38.0,29,38.0
17216717,Male,24.0,29,24.0
17468269,Male,44.0,29,44.0
17183999,Male,37.0,29,37.0
17131233,Female,28.0,29,28.0
17450545,Male,24.0,29,24.0
17405017,Female,64.0,29,64.0
17397989,Male,5.0,29,29.0
17387685,Female,32.0,29,32.0
17203865,Male,25.0,29,25.0
17180107,Female,47.0,29,47.0
17181605,Male,5.0,29,29.0
17163293,Male,21.0,29,21.0
17417701,Male,44.0,29,44.0
17455529,Male,123.0,29,29.0
17397835,Female,44.0,29,44.0
17177685,Male,30.0,29,30.0
17481709,Male,26.0,29,26.0
17408881,Female,31.0,29,31.0
17419115,Male,123.0,29,29.0
17470523,Male,123.0,29,29.0
17404331,Male,123.0,29,29.0
17513685,Male,123.0,29,29.0
17187149,Female,29.0,29,29.0
17191139,Male,38.0,29,38.0
17491369,Male,35.0,29,35.0
17230633,Male,29.0,29,29.0
17495443,Male,123.0,29,29.0
17298981,Male,123.0,29,29.0
17167843,Female,29.0,29,29.0
17501197,Female,123.0,29,29.0
17472581,Male,29.0,29,29.0
17200211,Male,43.0,29,43.0
17321115,Male,39.0,29,39.0
17194093,Male,23.0,29,23.0
17209563,Male,26.0,29,26.0
17408391,Male,25.0,29,25.0
17319533,Male,24.0,29,24.0
16990827,Male,26.0,30,26.0
17008173,Female,30.0,30,30.0
17073623,Male,24.0,30,24.0
17049683,Male,38.0,30,38.0
17084627,Male,30.0,30,30.0
16935135,Female,32.0,30,32.0
16984415,Male,35.0,30,35.0
17015397,Male,28.0,30,28.0
17117275,Male,48.0,30,48.0
16939304,Male,28.0,30,28.0
16933903,Male,123.0,30,30.0
17007795,Male,30.0,30,30.0
16892687,Male,32.0,30,32.0
16940465,Female,29.0,30,29.0
16992297,Male,31.0,30,31.0
16997673,Male,27.0,30,27.0
17001957,Female,36.0,30,36.0
16924789,Male,2022.0,30,30.0
16896081,Male,2022.0,30,30.0
16933035,Male,2022.0,30,30.0
16912147,Female,123.0,30,30.0
17120551,Male,123.0,30,30.0
17004477,Male,123.0,30,30.0
16977961,Female,29.0,30,29.0
17005653,Male,123.0,30,30.0
17053169,Male,28.0,30,28.0
16894297,Male,26.0,30,26.0
16888417,Male,26.0,30,26.0
17006171,Male,5.0,30,30.0
16928499,Male,2022.0,30,30.0
16883083,Male,2022.0,30,30.0
16916851,Male,2022.0,30,30.0
17069745,Male,123.0,30,30.0
16982679,Male,123.0,30,30.0
16879499,Male,123.0,30,30.0
16909221,Male,25.0,30,25.0
16917523,Male,52.0,30,52.0
17112711,Female,56.0,30,56.0
16904517,Female,47.0,30,47.0
17126487,Male,28.0,30,28.0
17114027,Male,28.0,30,28.0
16908381,Male,2022.0,30,30.0
16895229,Male,2022.0,30,30.0
16931929,Male,2022.0,30,30.0
16932489,Male,2022.0,30,30.0
17028683,Male,123.0,30,30.0
17089331,Female,123.0,30,30.0
16879177,Male,123.0,30,30.0
16895109,Male,29.0,30,29.0
17042627,Female,24.0,30,24.0
16908171,Female,34.0,30,34.0
17095257,Male,24.0,30,24.0
16904587,Female,47.0,30,47.0
17119347,Male,32.0,30,32.0
17069451,Female,21.0,30,21.0
16899659,Male,2022.0,30,30.0
16907779,Male,2022.0,30,30.0
16907614,Male,2022.0,30,30.0
16907415,Male,2022.0,30,30.0
17088953,Male,21.0,30,21.0
16891242,Female,34.0,30,34.0
17060855,Female,20.0,30,20.0
17119955,Male,24.0,30,24.0
17095911,Male,25.0,30,25.0
17075625,Male,27.0,30,27.0
17096051,Female,33.0,30,33.0
16993537,Male,28.0,30,28.0
17077095,Male,123.0,30,30.0
16972179,Male,25.0,30,25.0
17032342,Male,5.0,30,30.0
16932965,Male,123.0,30,30.0
16912511,Male,123.0,30,30.0
17119179,Male,123.0,30,30.0
16922070,Male,23.0,30,23.0
16934211,Female,54.0,30,54.0
17036733,Male,34.0,30,34.0
17047583,Female,36.0,30,36.0
16942457,Female,68.0,30,68.0
16985325,Female,29.0,30,29.0
17053463,Male,24.0,30,24.0
17014277,Male,33.0,30,33.0
17120009,Male,22.0,30,22.0
16937375,Female,34.0,30,34.0
17009853,Male,5.0,30,30.0
16916501,Male,2022.0,30,30.0
16890293,Male,2022.0,30,30.0
16911097,Male,2022.0,30,30.0
16919679,Female,2022.0,30,30.0
16931859,Male,2022.0,30,30.0
17113257,Male,123.0,30,30.0
17034059,Male,123.0,30,30.0
17111857,Male,123.0,30,30.0
17019471,Male,123.0,30,30.0
17013367,Male,27.0,30,27.0
17095407,Male,24.0,30,24.0
17039575,Female,65.0,30,65.0
16894773,Female,29.0,30,29.0
17112109,Male,24.0,30,24.0
16913295,Male,48.0,30,48.0
16963471,Male,22.0,30,22.0
16944627,Male,5.0,30,30.0
16907807,Male,2022.0,30,30.0
16939167,Male,123.0,30,30.0
16942471,Male,123.0,30,30.0
16939797,Male,123.0,30,30.0
16950171,Female,123.0,30,30.0
16921439,Female,123.0,30,30.0
16928975,Female,50.0,30,50.0
17007851,Female,25.0,30,25.0
16884973,Male,32.0,30,32.0
16974181,Male,43.0,30,43.0
16987999,Female,22.0,30,22.0
16890307,Female,2022.0,30,30.0
16913099,Male,123.0,30,30.0
17006843,Male,26.0,30,26.0
16930585,Male,124.0,30,30.0
17094505,Male,27.0,30,27.0
17049291,Female,49.0,30,49.0
16966075,Male,42.0,30,42.0
16919133,Male,2022.0,30,30.0
16876881,Male,2022.0,30,30.0
16894017,Male,123.0,30,30.0
17056823,Male,123.0,30,30.0
17111367,Male,123.0,30,30.0
17007613,Male,123.0,30,30.0
16974209,Male,123.0,30,30.0
16944109,Male,123.0,30,30.0
17055041,Male,123.0,30,30.0
17085503,Male,123.0,30,30.0
16983617,Male,123.0,30,30.0
16929325,Male,123.0,30,30.0
17007431,Male,123.0,30,30.0
16907107,Male,31.0,30,31.0
17035560,Female,28.0,30,28.0
16969085,Male,5.0,30,30.0
16922409,Male,5.0,30,30.0
16909039,Male,2022.0,30,30.0
17107363,Male,123.0,30,30.0
16924565,Male,123.0,30,30.0
16884301,Male,123.0,30,30.0
16929787,Male,34.0,30,34.0
17081071,Female,47.0,30,47.0
17103121,Female,23.0,30,23.0
17104815,Male,26.0,30,26.0
17069675,Male,123.0,30,30.0
17118381,Male,123.0,30,30.0
17089593,Male,27.0,30,27.0
17106929,Male,26.0,30,26.0
17068191,Female,27.0,30,27.0
16895801,Female,30.0,30,30.0
17114181,Male,25.0,30,25.0
17023055,Male,23.0,30,23.0
16892351,Male,5.0,30,30.0
16976085,Male,123.0,30,30.0
17123645,Male,123.0,30,30.0
17051083,Female,123.0,30,30.0
17026975,Male,26.0,30,26.0
16966285,Male,24.0,30,24.0
16977415,Male,29.0,30,29.0
16914457,Female,30.0,30,30.0
16888193,Female,25.0,30,25.0
17011043,Female,60.0,30,60.0
17081519,Female,38.0,30,38.0
16876461,Male,58.0,30,58.0
16980523,Male,5.0,30,30.0
16890895,Male,5.0,30,30.0
16889131,Female,2022.0,30,30.0
17047249,Male,123.0,30,30.0
17019093,Female,123.0,30,30.0
17062815,Male,123.0,30,30.0
16977163,Male,23.0,30,23.0
16928933,Male,26.0,30,26.0
17126473,Male,25.0,30,25.0
16973719,Male,23.0,30,23.0
17026765,Male,33.0,30,33.0
16884273,Male,2022.0,30,30.0
17113327,Female,37.0,30,37.0
17015005,Male,33.0,30,33.0
17057047,Female,36.0,30,36.0
16936507,Male,26.0,30,26.0
17000557,Male,22.0,30,22.0
17083577,Female,57.0,30,57.0
16923291,Male,2022.0,30,30.0
16941477,Male,123.0,30,30.0
17115511,Female,123.0,30,30.0
16910607,Male,123.0,30,30.0
17071285,Male,123.0,30,30.0
16890982,Male,24.0,30,24.0
17048773,Male,25.0,30,25.0
16954217,Male,29.0,30,29.0
17042893,Male,39.0,30,39.0
17094735,Male,24.0,30,24.0
17109169,Male,5.0,30,30.0
17080931,Male,5.0,30,30.0
16954637,Male,25.0,30,25.0
16929073,Male,24.0,30,24.0
17123267,Female,29.0,30,29.0
17092999,Male,22.0,30,22.0
17018253,Male,32.0,30,32.0
16913715,Male,5.0,30,30.0
16996469,Male,5.0,30,30.0
16926819,Female,2022.0,30,30.0
16888973,Male,2022.0,30,30.0
16878533,Male,41.0,30,41.0
17035515,Male,36.0,30,36.0
16900821,Male,29.0,30,29.0
17121279,Female,27.0,30,27.0
16983967,Male,31.0,30,31.0
16938243,Male,34.0,30,34.0
17005490,Female,32.0,30,32.0
16955953,Male,32.0,30,32.0
16932475,Female,2022.0,30,30.0
16919987,Male,2022.0,30,30.0
16952389,Female,123.0,30,30.0
16948491,Female,39.0,30,39.0
17050320,Female,23.0,30,23.0
16974741,Male,41.0,30,41.0
17023447,Female,47.0,30,47.0
16995741,Male,48.0,30,48.0
17088295,Male,26.0,30,26.0
16964157,Female,47.0,30,47.0
17091965,Male,35.0,30,35.0
16997281,Male,26.0,30,26.0
16978969,Male,26.0,30,26.0
17105179,Male,29.0,30,29.0
17086489,Female,43.0,30,43.0
16996959,Female,31.0,30,31.0
16888011,Male,2022.0,30,30.0
16877247,Male,2022.0,30,30.0
17073035,Male,123.0,30,30.0
17000543,Male,123.0,30,30.0
17038735,Male,24.0,30,24.0
17046393,Male,30.0,30,30.0
17064313,Male,26.0,30,26.0
17097381,Female,27.0,30,27.0
16921387,Male,5.0,30,30.0
16927617,Male,2022.0,30,30.0
17007375,Male,26.0,30,26.0
17122539,Male,29.0,30,29.0
17102645,Male,26.0,30,26.0
16880297,Male,27.0,30,27.0
16973047,Female,123.0,30,30.0
16936605,Male,123.0,30,30.0
17045931,Male,123.0,30,30.0
16978325,Male,123.0,30,30.0
17053869,Male,37.0,30,37.0
17090367,Male,21.0,30,21.0
17017399,Female,23.0,30,23.0
17010287,Male,5.0,30,30.0
16962421,Male,5.0,30,30.0
16893215,Male,2022.0,30,30.0
17047919,Male,123.0,30,30.0
16671151,Female,31.0,31,31.0
16738519,Female,38.0,31,38.0
16801449,Female,2022.0,31,31.0
16674889,Male,2022.0,31,31.0
16815113,Male,2022.0,31,31.0
16844807,Male,2022.0,31,31.0
16624920,Female,2022.0,31,31.0
16744259,Male,2022.0,31,31.0
16655681,Female,2022.0,31,31.0
16776893,Female,2022.0,31,31.0
16731869,Male,123.0,31,31.0
16833882,Male,24.0,31,24.0
16749509,Male,22.0,31,22.0
16672117,Female,21.0,31,21.0
16836893,Female,35.0,31,35.0
16734011,Female,33.0,31,33.0
16701265,Male,37.0,31,37.0
16866493,Male,2022.0,31,31.0
16874459,Male,2022.0,31,31.0
16777579,Male,2022.0,31,31.0
16717491,Female,2022.0,31,31.0
16857813,Male,2022.0,31,31.0
16788807,Male,2022.0,31,31.0
16665397,Male,2022.0,31,31.0
16752015,Female,2022.0,31,31.0
16764937,Male,123.0,31,31.0
16766043,Male,123.0,31,31.0
16777103,Female,123.0,31,31.0
16631573,Male,27.0,31,27.0
16643515,Male,27.0,31,27.0
16744469,Male,27.0,31,27.0
16845633,Male,23.0,31,23.0
16724547,Male,29.0,31,29.0
16815435,Male,2022.0,31,31.0
16671470,Male,2022.0,31,31.0
16834068,Male,2022.0,31,31.0
16770697,Male,2022.0,31,31.0
16847887,Male,2022.0,31,31.0
16732382,Male,2022.0,31,31.0
16779245,Male,2022.0,31,31.0
16849063,Male,2022.0,31,31.0
16841013,Female,123.0,31,31.0
16683051,Male,123.0,31,31.0
16668393,Male,123.0,31,31.0
16646385,Female,24.0,31,24.0
16634009,Male,29.0,31,29.0
16760373,Female,39.0,31,39.0
16860585,Male,24.0,31,24.0
16736321,Female,2022.0,31,31.0
16657879,Male,2022.0,31,31.0
16633295,Male,2022.0,31,31.0
16869209,Male,2022.0,31,31.0
16712699,Male,2022.0,31,31.0
16642115,Male,2022.0,31,31.0
16738351,Male,2022.0,31,31.0
16729293,Male,123.0,31,31.0
16707103,Female,123.0,31,31.0
16717029,Male,123.0,31,31.0
16858261,Male,26.0,31,26.0
16711499,Male,23.0,31,23.0
16835609,Male,30.0,31,30.0
16754353,Male,47.0,31,47.0
16665565,Male,123.0,31,31.0
16771937,Male,25.0,31,25.0
16687181,Female,35.0,31,35.0
16658577,Male,2022.0,31,31.0
16677729,Male,2022.0,31,31.0
16761675,Female,2022.0,31,31.0
16791929,Male,2022.0,31,31.0
16645447,Male,2022.0,31,31.0
16701391,Male,2022.0,31,31.0
16613513,Male,2022.0,31,31.0
16768185,Male,2022.0,31,31.0
16821861,Male,2022.0,31,31.0
16665915,Male,123.0,31,31.0
16774457,Female,123.0,31,31.0
16766141,Male,123.0,31,31.0
16640827,Male,123.0,31,31.0
16719843,Male,33.0,31,33.0
16630173,Male,25.0,31,25.0
16674917,Male,45.0,31,45.0
16661827,Male,2022.0,31,31.0
16866731,Male,2022.0,31,31.0
16726899,Male,2022.0,31,31.0
16697303,Male,2022.0,31,31.0
16636739,Male,2022.0,31,31.0
16622165,Male,2022.0,31,31.0
16775003,Female,123.0,31,31.0
16866199,Female,123.0,31,31.0
16649437,Male,123.0,31,31.0
16627177,Male,32.0,31,32.0
16780267,Male,25.0,31,25.0
16830989,Female,24.0,31,24.0
16718247,Male,24.0,31,24.0
16866927,Female,5.0,31,31.0
16759729,Male,2022.0,31,31.0
16641289,Male,2022.0,31,31.0
16834125,Male,2022.0,31,31.0
16794869,Male,2022.0,31,31.0
16647183,Female,2022.0,31,31.0
16620989,Male,2022.0,31,31.0
16738701,Male,123.0,31,31.0
16733885,Male,123.0,31,31.0
16786189,Male,26.0,31,26.0
16684297,Male,27.0,31,27.0
16838059,Female,37.0,31,37.0
16754115,Male,46.0,31,46.0
16813391,Male,5.0,31,31.0
16859479,Female,2022.0,31,31.0
16853025,Male,2022.0,31,31.0
16827727,Male,2022.0,31,31.0
16796045,Female,2022.0,31,31.0
16835915,Male,2022.0,31,31.0
16818333,Male,2022.0,31,31.0
16856539,Male,2022.0,31,31.0
16655401,Male,123.0,31,31.0
16679215,Male,123.0,31,31.0
16615053,Female,123.0,31,31.0
16700215,Male,123.0,31,31.0
16851611,Female,123.0,31,31.0
16792657,Female,40.0,31,40.0
16829155,Female,27.0,31,27.0
16701839,Female,34.0,31,34.0
16615473,Female,46.0,31,46.0
16811305,Male,23.0,31,23.0
16668743,Male,2022.0,31,31.0
16704163,Male,2022.0,31,31.0
16777439,Male,2022.0,31,31.0
16803968,Male,2022.0,31,31.0
16747829,Male,2022.0,31,31.0
16777957,Male,44.0,31,44.0
16835707,Male,42.0,31,42.0
16781617,Female,25.0,31,25.0
16629473,Male,31.0,31,31.0
16833733,Male,25.0,31,25.0
16819481,Female,41.0,31,41.0
16788247,Female,29.0,31,29.0
16645517,Female,37.0,31,37.0
16649913,Male,20.0,31,20.0
16664193,Male,5.0,31,31.0
16779021,Male,2022.0,31,31.0
16851177,Male,2022.0,31,31.0
16794729,Female,2022.0,31,31.0
16704093,Male,2022.0,31,31.0
16668995,Male,123.0,31,31.0
16807693,Male,123.0,31,31.0
16659237,Female,123.0,31,31.0
16766589,Male,123.0,31,31.0
16814819,Female,123.0,31,31.0
16838657,Male,55.0,31,55.0
16768354,Female,48.0,31,48.0
16840257,Male,121.0,31,31.0
16626085,Male,24.0,31,24.0
16630873,Male,29.0,31,29.0
16785965,Male,38.0,31,38.0
16629403,Male,2022.0,31,31.0
16818641,Female,2022.0,31,31.0
16815561,Female,2022.0,31,31.0
16650391,Male,2022.0,31,31.0
16771503,Male,2022.0,31,31.0
16783360,Male,2022.0,31,31.0
16710155,Female,2022.0,31,31.0
16668617,Male,2022.0,31,31.0
16858314,Male,2022.0,31,31.0
16812005,Female,123.0,31,31.0
16799531,Female,123.0,31,31.0
16777593,Male,123.0,31,31.0
16677003,Female,38.0,31,38.0
16712213,Male,27.0,31,27.0
16855265,Male,23.0,31,23.0
16701153,Male,35.0,31,35.0
16725177,Female,123.0,31,31.0
16863147,Male,40.0,31,40.0
16732919,Male,26.0,31,26.0
16684773,Female,2022.0,31,31.0
16763789,Male,2022.0,31,31.0
16723525,Female,2022.0,31,31.0
16638503,Male,2022.0,31,31.0
16838227,Male,2022.0,31,31.0
16763761,Male,123.0,31,31.0
16690359,Male,40.0,31,40.0
16698129,Male,25.0,31,25.0
16787813,Female,42.0,31,42.0
16684101,Male,27.0,31,27.0
16627142,Male,27.0,31,27.0
16624181,Male,25.0,31,25.0
16764391,Male,25.0,31,25.0
16733857,Male,5.0,31,31.0
16767499,Male,2022.0,31,31.0
16776683,Male,2022.0,31,31.0
16628535,Male,2022.0,31,31.0
16611343,Male,2022.0,31,31.0
16797151,Female,2022.0,31,31.0
16796367,Male,2022.0,31,31.0
16835497,Female,2022.0,31,31.0
16742341,Male,123.0,31,31.0
16649227,Female,31.0,31,31.0
16835315,Female,53.0,31,53.0
16646371,Male,25.0,31,25.0
16685431,Male,36.0,31,36.0
16735229,Male,27.0,31,27.0
16718947,Female,49.0,31,49.0
16835133,Male,2022.0,31,31.0
16701013,Male,2022.0,31,31.0
16689701,Male,2022.0,31,31.0
16709623,Male,2022.0,31,31.0
16866703,Male,2022.0,31,31.0
16653735,Male,2022.0,31,31.0
16823653,Male,2022.0,31,31.0
16657305,Male,2022.0,31,31.0
16701307,Male,123.0,31,31.0
16773757,Male,123.0,31,31.0
16729433,Male,24.0,31,24.0
16805901,Male,31.0,31,31.0
16636249,Male,27.0,31,27.0
16716959,Male,26.0,31,26.0
16829127,Female,44.0,31,44.0
16720725,Male,26.0,31,26.0
16732401,Male,29.0,31,29.0
16673671,Male,5.0,31,31.0
16646861,Male,2022.0,31,31.0
16830359,Male,2022.0,31,31.0
16620193,Male,2022.0,31,31.0
16804417,Male,2022.0,31,31.0
16750251,Male,123.0,31,31.0
16730315,Male,123.0,31,31.0
16776319,Female,26.0,31,26.0
16724093,Female,43.0,31,43.0
16812747,Male,39.0,31,39.0
16800399,Male,42.0,31,42.0
16643291,Male,26.0,31,26.0
16611987,Male,5.0,31,31.0
16720543,Male,2022.0,31,31.0
16714327,Male,2022.0,31,31.0
16866311,Male,2022.0,31,31.0
16616075,Male,2022.0,31,31.0
16624867,Male,2022.0,31,31.0
16697723,Male,2022.0,31,31.0
16616954,Male,2022.0,31,31.0
16751301,Female,2022.0,31,31.0
16753037,Male,123.0,31,31.0
16782157,Male,123.0,31,31.0
16711385,Female,123.0,31,31.0
16743741,Female,27.0,31,27.0
16810465,Male,26.0,31,26.0
16668169,Female,41.0,31,41.0
16789997,Male,34.0,31,34.0
16856819,Male,39.0,31,39.0
16835399,Male,123.0,31,31.0
16680979,Male,22.0,31,22.0
16679257,Male,28.0,31,28.0
16719199,Male,123.0,31,31.0
16783137,Male,35.0,31,35.0
16628815,Male,36.0,31,36.0
16854621,Male,5.0,31,31.0
16782647,Male,2022.0,31,31.0
16611749,Male,2022.0,31,31.0
16782017,Male,123.0,31,31.0
16672123,Male,123.0,31,31.0
16870273,Female,123.0,31,31.0
16861229,Male,67.0,31,67.0
16787385,Female,32.0,31,32.0
16784677,Female,27.0,31,27.0
16647911,Female,35.0,31,35.0
16747395,Male,25.0,31,25.0
16821497,Male,40.0,31,40.0
16865093,Male,21.0,31,21.0
16705535,Male,33.0,31,33.0
16735859,Female,2022.0,31,31.0
16631858,Male,2022.0,31,31.0
16783389,Female,2022.0,31,31.0
16724421,Male,2022.0,31,31.0
16700201,Male,2022.0,31,31.0
16809681,Male,2022.0,31,31.0
16695553,Male,123.0,31,31.0
16645585,Female,31.0,31,31.0
16770985,Male,40.0,31,40.0
16742383,Female,30.0,31,30.0
16859983,Male,28.0,31,28.0
16777943,Male,32.0,31,32.0
16858233,Male,25.0,31,25.0
16683527,Female,5.0,31,31.0
16807553,Female,2022.0,31,31.0
16739793,Male,2022.0,31,31.0
16749089,Male,2022.0,31,31.0
16683793,Male,2022.0,31,31.0
16777495,Male,2022.0,31,31.0
16716133,Male,2022.0,31,31.0
16657459,Male,123.0,31,31.0
16825067,Male,123.0,31,31.0
16832739,Male,123.0,31,31.0
16677535,Male,123.0,31,31.0
16803521,Male,48.0,31,48.0
16641737,Male,24.0,31,24.0
16803087,Male,23.0,31,23.0
16821091,Male,32.0,31,32.0
16789962,Female,29.0,31,29.0
16690639,Male,30.0,31,30.0
16859969,Female,19.0,31,19.0
16657157,Male,28.0,31,28.0
16805628,Male,48.0,31,48.0
16618889,Male,31.0,31,31.0
16842161,Male,5.0,31,31.0
16744119,Male,5.0,31,31.0
16656857,Male,2022.0,31,31.0
16633029,Male,2022.0,31,31.0
16726633,Male,2022.0,31,31.0
16765511,Male,2022.0,31,31.0
16774429,Male,2022.0,31,31.0
16870458,Female,2022.0,31,31.0
16671081,Male,2022.0,31,31.0
16866815,Male,2022.0,31,31.0
16624755,Male,2022.0,31,31.0
16804529,Male,123.0,31,31.0
16778013,Male,123.0,31,31.0
16808869,Male,35.0,31,35.0
16723147,Male,24.0,31,24.0
16749173,Female,44.0,31,44.0
16627667,Male,29.0,31,29.0
16646427,Female,41.0,31,41.0
16864953,Male,26.0,31,26.0
16637257,Male,27.0,31,27.0
16649339,Male,5.0,31,31.0
16777873,Male,2022.0,31,31.0
16788373,Male,2022.0,31,31.0
16839963,Female,2022.0,31,31.0
16630817,Male,2022.0,31,31.0
16674357,Female,2022.0,31,31.0
16774135,Male,2022.0,31,31.0
16670549,Male,123.0,31,31.0
16797473,Female,29.0,31,29.0
16638811,Male,32.0,31,32.0
16818809,Male,29.0,31,29.0
16836631,Male,2022.0,31,31.0
16769361,Male,2022.0,31,31.0
16687881,Female,2022.0,31,31.0
16824409,Female,2022.0,31,31.0
16871505,Male,2022.0,31,31.0
16749691,Male,2022.0,31,31.0
16843029,Male,2022.0,31,31.0
16806111,Male,2022.0,31,31.0
16635311,Male,123.0,31,31.0
16829141,Male,123.0,31,31.0
16737861,Male,123.0,31,31.0
16786385,Male,26.0,31,26.0
16787743,Female,26.0,31,26.0
16769725,Female,28.0,31,28.0
16621311,Female,23.0,31,23.0
16848209,Female,48.0,31,48.0
16711093,Male,24.0,31,24.0
16643193,Male,5.0,31,31.0
16666545,Male,2022.0,31,31.0
16806405,Male,2022.0,31,31.0
16800007,Male,2022.0,31,31.0
16614171,Male,2022.0,31,31.0
16679733,Female,2022.0,31,31.0
16697877,Male,123.0,31,31.0
16830737,Male,123.0,31,31.0
16826691,Male,123.0,31,31.0
16711169,Male,123.0,31,31.0
16748781,Female,123.0,31,31.0
16775801,Male,123.0,31,31.0
16739639,Male,123.0,31,31.0
16688889,Male,34.0,31,34.0
16726740,Male,26.0,31,26.0
16697611,Male,32.0,31,32.0
16631993,Male,5.0,31,31.0
16651243,Female,2022.0,31,31.0
16813153,Male,2022.0,31,31.0
16832456,Male,2022.0,31,31.0
16762893,Male,2022.0,31,31.0
16629417,Male,2022.0,31,31.0
16705591,Male,2022.0,31,31.0
16783949,Male,2022.0,31,31.0
16690695,Male,2022.0,31,31.0
16821203,Male,2022.0,31,31.0
16387231,Male,24.0,32,24.0
16358083,Male,61.0,32,61.0
16432171,Female,23.0,32,23.0
16524627,Female,44.0,32,44.0
16535421,Female,2022.0,32,32.0
16472827,Male,2022.0,32,32.0
16496655,Male,2022.0,32,32.0
16372671,Male,2022.0,32,32.0
16478245,Male,123.0,32,32.0
16604161,Male,123.0,32,32.0
16478987,Male,26.0,32,26.0
16512517,Male,28.0,32,28.0
16576931,Male,50.0,32,50.0
16462810,Male,32.0,32,32.0
16570029,Male,24.0,32,24.0
16444337,Female,38.0,32,38.0
16423631,Male,5.0,32,32.0
16448985,Male,2022.0,32,32.0
16586787,Female,2022.0,32,32.0
16445849,Male,2022.0,32,32.0
16594739,Male,2022.0,32,32.0
16407125,Male,2022.0,32,32.0
16581551,Male,123.0,32,32.0
16493603,Male,123.0,32,32.0
16527105,Male,123.0,32,32.0
16363067,Female,32.0,32,32.0
16548679,Female,39.0,32,39.0
16568489,Male,31.0,32,31.0
16361121,Female,27.0,32,27.0
16590861,Male,25.0,32,25.0
16410303,Female,24.0,32,24.0
16541665,Male,29.0,32,29.0
16605617,Male,5.0,32,32.0
16398305,Male,5.0,32,32.0
16449489,Male,2022.0,32,32.0
16489207,Male,123.0,32,32.0
16578653,Female,123.0,32,32.0
16575391,Male,123.0,32,32.0
16382737,Male,5.0,32,32.0
16490663,Male,2022.0,32,32.0
16491459,Male,2022.0,32,32.0
16380133,Male,2022.0,32,32.0
16380217,Male,2022.0,32,32.0
16581607,Male,2022.0,32,32.0
16502768,Male,2022.0,32,32.0
16419795,Female,123.0,32,32.0
16479351,Female,123.0,32,32.0
16418395,Male,123.0,32,32.0
16491965,Female,123.0,32,32.0
16420308,Male,123.0,32,32.0
16384151,Male,46.0,32,46.0
16399537,Male,25.0,32,25.0
16474185,Male,47.0,32,47.0
16561363,Male,20.0,32,20.0
16445975,Male,26.0,32,26.0
16463209,Male,2022.0,32,32.0
16367393,Female,2022.0,32,32.0
16540377,Male,2022.0,32,32.0
16585051,Male,2022.0,32,32.0
16505419,Male,2022.0,32,32.0
16564765,Male,2022.0,32,32.0
16351251,Male,2022.0,32,32.0
16488731,Male,2022.0,32,32.0
16410373,Male,123.0,32,32.0
16398347,Male,123.0,32,32.0
16438779,Male,123.0,32,32.0
16606205,Male,24.0,32,24.0
16562889,Female,42.0,32,42.0
16524837,Female,29.0,32,29.0
16457343,Male,28.0,32,28.0
16395743,Male,25.0,32,25.0
16577701,Male,5.0,32,32.0
16485553,Male,2022.0,32,32.0
16571849,Male,2022.0,32,32.0
16382569,Male,2022.0,32,32.0
16356291,Male,2022.0,32,32.0
16589769,Male,2022.0,32,32.0
16469355,Male,2022.0,32,32.0
16402813,Male,2022.0,32,32.0
16510333,Male,123.0,32,32.0
16444183,Male,123.0,32,32.0
16505027,Male,28.0,32,28.0
16497075,Male,2022.0,32,32.0
16434313,Male,2022.0,32,32.0
16537059,Female,2022.0,32,32.0
16381799,Female,2022.0,32,32.0
16542785,Male,2022.0,32,32.0
16365461,Male,2022.0,32,32.0
16562581,Male,2022.0,32,32.0
16446171,Male,123.0,32,32.0
16561083,Male,123.0,32,32.0
16373063,Male,123.0,32,32.0
16593255,Male,26.0,32,26.0
16516605,Male,35.0,32,35.0
16503417,Female,24.0,32,24.0
16366259,Female,27.0,32,27.0
16404745,Male,39.0,32,39.0
16579031,Male,25.0,32,25.0
16427355,Male,2022.0,32,32.0
16590357,Female,2022.0,32,32.0
16470999,Male,2022.0,32,32.0
16442937,Male,2022.0,32,32.0
16589013,Female,2022.0,32,32.0
16591491,Male,2022.0,32,32.0
16529317,Male,2022.0,32,32.0
16499833,Male,2022.0,32,32.0
16594481,Male,123.0,32,32.0
16513035,Male,123.0,32,32.0
16595887,Male,123.0,32,32.0
16376591,Male,123.0,32,32.0
16385565,Male,123.0,32,32.0
16415623,Male,123.0,32,32.0
16392047,Male,123.0,32,32.0
16516703,Male,123.0,32,32.0
16583097,Male,38.0,32,38.0
16477895,Male,26.0,32,26.0
16414573,Female,33.0,32,33.0
16538837,Male,31.0,32,31.0
16415749,Male,24.0,32,24.0
16444841,Female,36.0,32,36.0
16481423,Male,28.0,32,28.0
16496613,Male,57.0,32,57.0
16595957,Male,2022.0,32,32.0
16377988,Male,2022.0,32,32.0
16359441,Female,2022.0,32,32.0
16580319,Male,2022.0,32,32.0
16398263,Male,2022.0,32,32.0
16537843,Male,123.0,32,32.0
16564275,Male,34.0,32,34.0
16471627,Male,29.0,32,29.0
16566501,Male,29.0,32,29.0
16401525,Male,28.0,32,28.0
16365769,Male,25.0,32,25.0
16436119,Male,24.0,32,24.0
16486341,Male,23.0,32,23.0
16574131,Male,41.0,32,41.0
16604637,Male,2022.0,32,32.0
16521281,Male,2022.0,32,32.0
16606233,Male,2022.0,32,32.0
16580137,Male,2022.0,32,32.0
16381687,Female,2022.0,32,32.0
16595635,Male,2022.0,32,32.0
16408917,Male,2022.0,32,32.0
16459541,Male,123.0,32,32.0
16475935,Male,123.0,32,32.0
16490033,Male,123.0,32,32.0
16362255,Female,47.0,32,47.0
16509129,Female,46.0,32,46.0
16540167,Male,47.0,32,47.0
16418815,Female,33.0,32,33.0
16433697,Female,46.0,32,46.0
16534791,Male,2022.0,32,32.0
16362227,Male,2022.0,32,32.0
16516871,Male,2022.0,32,32.0
16531501,Male,2022.0,32,32.0
16378425,Female,2022.0,32,32.0
16584043,Male,123.0,32,32.0
16496795,Male,123.0,32,32.0
16392817,Male,123.0,32,32.0
16463027,Female,123.0,32,32.0
16509325,Female,45.0,32,45.0
16562749,Female,38.0,32,38.0
16482193,Female,35.0,32,35.0
16504103,Male,5.0,32,32.0
16443315,Male,5.0,32,32.0
16410743,Male,2022.0,32,32.0
16395393,Female,2022.0,32,32.0
16361009,Female,2022.0,32,32.0
16467325,Male,2022.0,32,32.0
16434016,Male,123.0,32,32.0
16573711,Male,123.0,32,32.0
16559823,Male,123.0,32,32.0
16447669,Male,123.0,32,32.0
16464987,Male,123.0,32,32.0
16528071,Male,123.0,32,32.0
16417583,Male,123.0,32,32.0
16551255,Male,24.0,32,24.0
16539845,Female,32.0,32,32.0
16366923,Female,25.0,32,25.0
16516843,Male,31.0,32,31.0
16415455,Female,30.0,32,30.0
16355535,Male,5.0,32,32.0
16552641,Male,2022.0,32,32.0
16527231,Male,2022.0,32,32.0
16427481,Female,2022.0,32,32.0
16603923,Male,2022.0,32,32.0
16602266,Female,2022.0,32,32.0
16481628,Male,2022.0,32,32.0
16385103,Male,2022.0,32,32.0
16559118,Male,2022.0,32,32.0
16507141,Male,123.0,32,32.0
16466681,Male,123.0,32,32.0
16426025,Male,29.0,32,29.0
16574327,Female,59.0,32,59.0
16564247,Male,36.0,32,36.0
16433193,Male,31.0,32,31.0
16398473,Male,30.0,32,30.0
16514043,Male,35.0,32,35.0
16452219,Female,37.0,32,37.0
16493043,Male,26.0,32,26.0
16470181,Male,2022.0,32,32.0
16400237,Male,2022.0,32,32.0
16602215,Male,2022.0,32,32.0
16398557,Male,2022.0,32,32.0
16603937,Male,123.0,32,32.0
16456895,Male,123.0,32,32.0
16577729,Male,123.0,32,32.0
16565255,Male,5.0,32,32.0
16357103,Male,2022.0,32,32.0
16552067,Male,2022.0,32,32.0
16365181,Male,2022.0,32,32.0
16431079,Female,2022.0,32,32.0
16379419,Male,2022.0,32,32.0
16400895,Male,123.0,32,32.0
16352861,Male,123.0,32,32.0
16446717,Female,123.0,32,32.0
16514669,Male,123.0,32,32.0
16372769,Male,35.0,32,35.0
16540727,Female,36.0,32,36.0
16587501,Female,36.0,32,36.0
16570785,Male,5.0,32,32.0
16586745,Male,2022.0,32,32.0
16489249,Male,2022.0,32,32.0
16512685,Male,123.0,32,32.0
16392831,Male,29.0,32,29.0
16529639,Male,31.0,32,31.0
16365377,Female,27.0,32,27.0
16580123,Female,37.0,32,37.0
16404087,Male,28.0,32,28.0
16438569,Male,5.0,32,32.0
16595551,Female,2022.0,32,32.0
16498461,Male,2022.0,32,32.0
16402393,Female,2022.0,32,32.0
16519811,Male,2022.0,32,32.0
16399677,Male,2022.0,32,32.0
16428626,Male,2022.0,32,32.0
16495535,Male,123.0,32,32.0
16584771,Male,123.0,32,32.0
16460367,Male,123.0,32,32.0
16572535,Male,123.0,32,32.0
16573193,Male,33.0,32,33.0
16604707,Male,46.0,32,46.0
16485000,Male,25.0,32,25.0
16381113,Male,100.0,32,32.0
16495353,Male,36.0,32,36.0
16486929,Female,25.0,32,25.0
16528995,Male,30.0,32,30.0
16372854,Male,25.0,32,25.0
16376549,Male,5.0,32,32.0
16512377,Male,2022.0,32,32.0
16382625,Male,2022.0,32,32.0
16443595,Male,2022.0,32,32.0
16494919,Male,2022.0,32,32.0
16582769,Male,2022.0,32,32.0
16425787,Male,2022.0,32,32.0
16420943,Male,2022.0,32,32.0
16377030,Male,123.0,32,32.0
16356123,Male,38.0,32,38.0
16573179,Male,25.0,32,25.0
16538039,Male,39.0,32,39.0
16384753,Male,39.0,32,39.0
16406005,Male,32.0,32,32.0
16399145,Male,2022.0,32,32.0
16556435,Male,2022.0,32,32.0
16586619,Male,2022.0,32,32.0
16484699,Male,2022.0,32,32.0
16377777,Female,2022.0,32,32.0
16549295,Male,2022.0,32,32.0
16600941,Male,2022.0,32,32.0
16551885,Male,123.0,32,32.0
16596209,Male,123.0,32,32.0
16542337,Male,123.0,32,32.0
16504271,Male,123.0,32,32.0
16397073,Male,123.0,32,32.0
16461767,Male,123.0,32,32.0
16363417,Male,123.0,32,32.0
16391851,Male,123.0,32,32.0
16608361,Male,123.0,32,32.0
16374477,Male,123.0,32,32.0
16491377,Female,29.0,32,29.0
16431779,Male,37.0,32,37.0
16409071,Female,37.0,32,37.0
16522863,Male,27.0,32,27.0
16399061,Male,35.0,32,35.0
16585465,Female,30.0,32,30.0
16396093,Male,2022.0,32,32.0
16445807,Female,2022.0,32,32.0
16351825,Female,2022.0,32,32.0
16573375,Female,2022.0,32,32.0
16415601,Male,123.0,32,32.0
16423211,Male,123.0,32,32.0
16364887,Male,123.0,32,32.0
16379755,Male,123.0,32,32.0
16454641,Male,123.0,32,32.0
16507827,Male,123.0,32,32.0
16519699,Female,123.0,32,32.0
16469089,Male,39.0,32,39.0
16571359,Male,24.0,32,24.0
16539257,Female,31.0,32,31.0
16358475,Male,21.0,32,21.0
16576301,Female,33.0,32,33.0
16550961,Male,41.0,32,41.0
16468403,Male,5.0,32,32.0
16588859,Female,2022.0,32,32.0
16507309,Male,2022.0,32,32.0
16558927,Female,2022.0,32,32.0
16393223,Male,2022.0,32,32.0
16546453,Male,123.0,32,32.0
16402043,Female,47.0,32,47.0
16505335,Male,52.0,32,52.0
16553257,Female,57.0,32,57.0
16579109,Male,32.0,32,32.0
16470853,Male,28.0,32,28.0
16482075,Female,21.0,32,21.0
16359161,Male,2022.0,32,32.0
16531067,Female,2022.0,32,32.0
16437141,Male,2022.0,32,32.0
16507001,Male,2022.0,32,32.0
16389667,Male,2022.0,32,32.0
16433501,Male,2022.0,32,32.0
16555511,Male,2022.0,32,32.0
16380889,Male,2022.0,32,32.0
16355908,Male,2022.0,32,32.0
16462033,Male,123.0,32,32.0
16397549,Male,49.0,32,49.0
16370739,Male,26.0,32,26.0
16435377,Male,51.0,32,51.0
16431331,Male,32.0,32,32.0
16488717,Male,26.0,32,26.0
16487415,Male,5.0,32,32.0
16398403,Male,2022.0,32,32.0
16397541,Male,2022.0,32,32.0
16442503,Male,2022.0,32,32.0
16599107,Male,2022.0,32,32.0
16442573,Male,2022.0,32,32.0
16579843,Male,2022.0,32,32.0
16385397,Male,2022.0,32,32.0
16430169,Female,123.0,32,32.0
16549113,Male,123.0,32,32.0
16567831,Male,123.0,32,32.0
16355045,Male,29.0,32,29.0
16427159,Male,48.0,32,48.0
16397507,Male,33.0,32,33.0
16411857,Male,29.0,32,29.0
16393041,Female,35.0,32,35.0
16439493,Male,26.0,32,26.0
16602383,Male,26.0,32,26.0
16415665,Male,33.0,32,33.0
16431793,Male,24.0,32,24.0
16407461,Male,5.0,32,32.0
16549771,Male,2022.0,32,32.0
16388365,Male,2022.0,32,32.0
16462215,Male,2022.0,32,32.0
16362633,Male,2022.0,32,32.0
16357971,Male,2022.0,32,32.0
16540923,Male,123.0,32,32.0
16550359,Male,123.0,32,32.0
16482879,Male,123.0,32,32.0
16156749,Male,50.0,33,50.0
16226819,Male,2022.0,33,33.0
16342870,Female,2022.0,33,33.0
16338833,Male,2022.0,33,33.0
16340863,Male,2022.0,33,33.0
16220015,Male,2022.0,33,33.0
16196299,Female,123.0,33,33.0
16251235,Male,123.0,33,33.0
16123582,Male,123.0,33,33.0
16281867,Male,123.0,33,33.0
16298163,Male,123.0,33,33.0
16229633,Male,40.0,33,40.0
16123807,Male,23.0,33,23.0
16276995,Male,27.0,33,27.0
16217691,Male,5.0,33,33.0
16311225,Female,5.0,33,33.0
16146109,Male,5.0,33,33.0
16265025,Male,2022.0,33,33.0
16150458,Male,2022.0,33,33.0
16215101,Male,2022.0,33,33.0
16204797,Male,2022.0,33,33.0
16275273,Male,2022.0,33,33.0
16118011,Male,123.0,33,33.0
16287061,Female,123.0,33,33.0
16177861,Male,123.0,33,33.0
16251683,Female,123.0,33,33.0
16210929,Male,123.0,33,33.0
16111277,Female,44.0,33,44.0
16228695,Female,27.0,33,27.0
16122477,Female,40.0,33,40.0
16266957,Male,31.0,33,31.0
16129799,Male,37.0,33,37.0
16284107,Female,2022.0,33,33.0
16192561,Male,2022.0,33,33.0
16255563,Male,2022.0,33,33.0
16235667,Female,2022.0,33,33.0
16239321,Male,2022.0,33,33.0
16203509,Female,2022.0,33,33.0
16247231,Male,30.0,33,30.0
16343047,Female,45.0,33,45.0
16116737,Male,51.0,33,51.0
16324595,Male,38.0,33,38.0
16205329,Male,31.0,33,31.0
16176055,Male,2022.0,33,33.0
16149343,Female,2022.0,33,33.0
16199463,Male,2022.0,33,33.0
16213715,Male,2022.0,33,33.0
16114663,Male,2022.0,33,33.0
16206239,Male,123.0,33,33.0
16286165,Female,41.0,33,41.0
16140943,Male,28.0,33,28.0
16162713,Female,30.0,33,30.0
16258151,Male,27.0,33,27.0
16097739,Female,32.0,33,32.0
16269519,Male,23.0,33,23.0
16252733,Female,123.0,33,33.0
16149301,Male,35.0,33,35.0
16122701,Male,2022.0,33,33.0
16245453,Male,2022.0,33,33.0
16090123,Male,2022.0,33,33.0
16338343,Female,2022.0,33,33.0
16137821,Male,123.0,33,33.0
16323895,Male,123.0,33,33.0
16115407,Male,123.0,33,33.0
16331777,Female,34.0,33,34.0
16240777,Male,25.0,33,25.0
16276155,Female,45.0,33,45.0
16285395,Male,27.0,33,27.0
16159269,Female,37.0,33,37.0
16155209,Male,43.0,33,43.0
16126943,Male,29.0,33,29.0
16215143,Male,43.0,33,43.0
16111473,Male,46.0,33,46.0
16269169,Male,24.0,33,24.0
16232825,Female,2022.0,33,33.0
16098551,Male,2022.0,33,33.0
16321081,Male,2022.0,33,33.0
16149875,Male,2022.0,33,33.0
16250801,Male,2022.0,33,33.0
16140726,Male,2022.0,33,33.0
16191693,Female,2022.0,33,33.0
16230627,Male,2022.0,33,33.0
16110073,Male,2022.0,33,33.0
16133607,Male,2022.0,33,33.0
16139599,Female,123.0,33,33.0
16251613,Male,123.0,33,33.0
16227729,Male,46.0,33,46.0
16246783,Male,32.0,33,32.0
16094001,Male,24.0,33,24.0
16189453,Female,52.0,33,52.0
16152955,Female,2022.0,33,33.0
16159955,Male,2022.0,33,33.0
16308789,Male,2022.0,33,33.0
16347359,Male,2022.0,33,33.0
16228331,Male,2022.0,33,33.0
16109597,Female,123.0,33,33.0
16098705,Male,123.0,33,33.0
16238747,Male,30.0,33,30.0
16299465,Male,26.0,33,26.0
16247721,Male,24.0,33,24.0
16175747,Male,29.0,33,29.0
16312443,Male,2022.0,33,33.0
16108939,Male,123.0,33,33.0
16158191,Male,123.0,33,33.0
16100651,Male,123.0,33,33.0
16156609,Male,28.0,33,28.0
16166801,Male,124.0,33,33.0
16279445,Male,30.0,33,30.0
16268231,Female,35.0,33,35.0
16246391,Male,28.0,33,28.0
16144975,Male,2022.0,33,33.0
16307319,Female,2022.0,33,33.0
16250437,Male,2022.0,33,33.0
16157259,Male,2022.0,33,33.0
16347583,Male,2022.0,33,33.0
16339384,Female,2022.0,33,33.0
16242373,Female,2022.0,33,33.0
16153529,Male,2022.0,33,33.0
16325225,Male,2022.0,33,33.0
16241771,Male,2022.0,33,33.0
16199785,Male,123.0,33,33.0
16289931,Female,123.0,33,33.0
16270009,Male,123.0,33,33.0
16218587,Male,46.0,33,46.0
16344937,Male,35.0,33,35.0
16337979,Female,47.0,33,47.0
16122869,Male,21.0,33,21.0
16272207,Male,30.0,33,30.0
16175425,Male,24.0,33,24.0
16217159,Male,2022.0,33,33.0
16159157,Male,2022.0,33,33.0
16095261,Male,2022.0,33,33.0
16190223,Male,2022.0,33,33.0
16150533,Male,2022.0,33,33.0
16141587,Male,2022.0,33,33.0
16256065,Male,2022.0,33,33.0
16237893,Female,2022.0,33,33.0
16274237,Female,2022.0,33,33.0
16203579,Female,123.0,33,33.0
16270219,Male,123.0,33,33.0
16183593,Male,23.0,33,23.0
16260041,Male,22.0,33,22.0
16124941,Male,29.0,33,29.0
16260601,Female,25.0,33,25.0
16323181,Female,39.0,33,39.0
16089815,Female,34.0,33,34.0
16178029,Male,30.0,33,30.0
16143337,Male,32.0,33,32.0
16142903,Female,52.0,33,52.0
16119677,Male,68.0,33,68.0
16275707,Male,40.0,33,40.0
16119131,Male,25.0,33,25.0
16198651,Female,25.0,33,25.0
16348395,Female,2022.0,33,33.0
16285605,Male,2022.0,33,33.0
16142529,Female,2022.0,33,33.0
16226853,Male,2022.0,33,33.0
16094463,Male,2022.0,33,33.0
16212105,Male,2022.0,33,33.0
16222535,Male,2022.0,33,33.0
16234911,Female,2022.0,33,33.0
16186135,Female,123.0,33,33.0
16337181,Female,34.0,33,34.0
16089647,Male,26.0,33,26.0
16264633,Male,42.0,33,42.0
16237165,Male,34.0,33,34.0
16253223,Male,5.0,33,33.0
16314417,Male,2022.0,33,33.0
16149623,Male,2022.0,33,33.0
16336061,Male,2022.0,33,33.0
16245481,Male,2022.0,33,33.0
16094015,Male,2022.0,33,33.0
16089367,Male,2022.0,33,33.0
16291527,Male,2022.0,33,33.0
16110269,Female,123.0,33,33.0
16350764,Female,123.0,33,33.0
16311020,Male,123.0,33,33.0
16117871,Male,29.0,33,29.0
16105145,Male,23.0,33,23.0
16112677,Female,27.0,33,27.0
16211223,Female,34.0,33,34.0
16203411,Female,30.0,33,30.0
16114721,Female,25.0,33,25.0
16091999,Male,5.0,33,33.0
16186919,Male,2022.0,33,33.0
16286417,Male,2022.0,33,33.0
16139123,Male,2022.0,33,33.0
16123835,Male,2022.0,33,33.0
16292003,Male,123.0,33,33.0
16122113,Male,123.0,33,33.0
16173927,Male,52.0,33,52.0
16177483,Male,39.0,33,39.0
16319863,Male,34.0,33,34.0
16285255,Male,28.0,33,28.0
16328095,Male,26.0,33,26.0
16296301,Female,29.0,33,29.0
16168621,Male,33.0,33,33.0
16227450,Female,52.0,33,52.0
16290113,Female,23.0,33,23.0
16134452,Male,5.0,33,33.0
16178575,Male,2022.0,33,33.0
16206267,Female,2022.0,33,33.0
16132720,Male,2022.0,33,33.0
16344755,Male,2022.0,33,33.0
16113461,Male,2022.0,33,33.0
16136155,Male,2022.0,33,33.0
16338581,Female,2022.0,33,33.0
16128203,Male,2022.0,33,33.0
16308355,Male,2022.0,33,33.0
16257451,Male,123.0,33,33.0
16278929,Male,123.0,33,33.0
16123331,Female,24.0,33,24.0
16149903,Female,120.0,33,33.0
16145871,Male,47.0,33,47.0
16134413,Female,53.0,33,53.0
16158289,Male,34.0,33,34.0
16244258,Female,2022.0,33,33.0
16087869,Male,2022.0,33,33.0
16164771,Female,2022.0,33,33.0
16278559,Male,2022.0,33,33.0
16122141,Male,2022.0,33,33.0
16172340,Male,2022.0,33,33.0
16123051,Male,2022.0,33,33.0
16291177,Male,2022.0,33,33.0
16281601,Female,123.0,33,33.0
16237605,Male,123.0,33,33.0
16132011,Male,123.0,33,33.0
16236983,Male,123.0,33,33.0
16113587,Male,27.0,33,27.0
16111907,Male,27.0,33,27.0
16226105,Male,41.0,33,41.0
16158835,Male,27.0,33,27.0
16313927,Male,25.0,33,25.0
16217537,Male,36.0,33,36.0
16276813,Female,24.0,33,24.0
16213718,Male,2022.0,33,33.0
16110591,Male,2022.0,33,33.0
16196971,Male,2022.0,33,33.0
16136659,Male,2022.0,33,33.0
16175943,Male,2022.0,33,33.0
16318127,Male,123.0,33,33.0
16103353,Male,123.0,33,33.0
16284737,Male,123.0,33,33.0
16197265,Male,40.0,33,40.0
16247805,Male,26.0,33,26.0
16095429,Female,39.0,33,39.0
16321193,Female,51.0,33,51.0
16263499,Male,33.0,33,33.0
16194245,Male,25.0,33,25.0
16291471,Male,24.0,33,24.0
16132907,Male,28.0,33,28.0
16109737,Male,30.0,33,30.0
16112243,Male,2022.0,33,33.0
16289567,Male,2022.0,33,33.0
16288883,Female,2022.0,33,33.0
16165877,Male,2022.0,33,33.0
16111365,Male,2022.0,33,33.0
16253685,Female,2022.0,33,33.0
16136337,Male,2022.0,33,33.0
16230291,Female,2022.0,33,33.0
16107483,Male,2022.0,33,33.0
16309461,Male,123.0,33,33.0
16242639,Female,32.0,33,32.0
16307991,Male,30.0,33,30.0
16271969,Male,29.0,33,29.0
16109513,Female,33.0,33,33.0
16156315,Male,26.0,33,26.0
16192309,Male,29.0,33,29.0
16246293,Male,43.0,33,43.0
16102751,Male,32.0,33,32.0
16292125,Female,23.0,33,23.0
16304673,Male,29.0,33,29.0
16199449,Male,29.0,33,29.0
16110983,Female,38.0,33,38.0
16348913,Male,22.0,33,22.0
16117941,Male,5.0,33,33.0
16109751,Male,2022.0,33,33.0
16283015,Female,2022.0,33,33.0
16167081,Male,2022.0,33,33.0
16307229,Male,2022.0,33,33.0
16205967,Female,2022.0,33,33.0
16130961,Male,2022.0,33,33.0
16203495,Male,2022.0,33,33.0
16205553,Male,2022.0,33,33.0
16210327,Male,123.0,33,33.0
16117073,Male,123.0,33,33.0
16301243,Male,123.0,33,33.0
16156497,Male,123.0,33,33.0
16182565,Male,123.0,33,33.0
16219805,Female,51.0,33,51.0
16281419,Male,26.0,33,26.0
16149665,Female,23.0,33,23.0
16138801,Male,28.0,33,28.0
16238551,Male,5.0,33,33.0
16270947,Female,2022.0,33,33.0
16133871,Female,2022.0,33,33.0
16321823,Male,2022.0,33,33.0
16300319,Male,2022.0,33,33.0
16303637,Male,2022.0,33,33.0
16107819,Male,2022.0,33,33.0
16122001,Male,2022.0,33,33.0
16097473,Male,123.0,33,33.0
16235009,Male,30.0,33,30.0
16295937,Male,39.0,33,39.0
16126957,Male,29.0,33,29.0
16304029,Male,34.0,33,34.0
16160795,Male,5.0,33,33.0
16239972,Male,2022.0,33,33.0
16347793,Male,2022.0,33,33.0
16266285,Male,2022.0,33,33.0
16089857,Male,2022.0,33,33.0
16247749,Male,25.0,33,25.0
16334983,Female,27.0,33,27.0
16135427,Male,28.0,33,28.0
16243143,Male,30.0,33,30.0
16274797,Female,43.0,33,43.0
16187815,Female,38.0,33,38.0
16274587,Male,37.0,33,37.0
16095471,Male,24.0,33,24.0
16261133,Female,2022.0,33,33.0
16142945,Male,2022.0,33,33.0
16094113,Male,2022.0,33,33.0
16339267,Female,2022.0,33,33.0
16174137,Male,2022.0,33,33.0
16321851,Male,123.0,33,33.0
16181627,Male,123.0,33,33.0
16229283,Male,123.0,33,33.0
16251207,Male,123.0,33,33.0
16265361,Male,123.0,33,33.0
16334143,Female,33.0,33,33.0
16230403,Male,24.0,33,24.0
16242765,Female,40.0,33,40.0
16243157,Female,51.0,33,51.0
16339547,Male,41.0,33,41.0
16307361,Male,29.0,33,29.0
16124227,Male,5.0,33,33.0
16335613,Male,5.0,33,33.0
16240425,Male,2022.0,33,33.0
16182257,Male,2022.0,33,33.0
16179233,Male,2022.0,33,33.0
16248141,Male,2022.0,33,33.0
16175173,Male,2022.0,33,33.0
16271549,Male,2022.0,33,33.0
16099181,Male,2022.0,33,33.0
16196878,Male,123.0,33,33.0
16149805,Male,22.0,33,22.0
16213491,Male,33.0,33,33.0
16258585,Female,35.0,33,35.0
16181977,Male,51.0,33,51.0
16219147,Male,5.0,33,33.0
16282427,Male,5.0,33,33.0
16300963,Male,2022.0,33,33.0
16107847,Male,2022.0,33,33.0
16132557,Female,2022.0,33,33.0
16203159,Female,2022.0,33,33.0
16215255,Male,2022.0,33,33.0
16317175,Male,2022.0,33,33.0
16157757,Female,2022.0,33,33.0
16129519,Male,2022.0,33,33.0
16193780,Male,2022.0,33,33.0
16284303,Male,2022.0,33,33.0
16194311,Male,123.0,33,33.0
16094099,Male,123.0,33,33.0
16130401,Male,123.0,33,33.0
16193807,Male,30.0,33,30.0
16306479,Male,2022.0,33,33.0
16172751,Male,2022.0,33,33.0
16303161,Male,2022.0,33,33.0
16311398,Male,2022.0,33,33.0
16235972,Male,2022.0,33,33.0
16210159,Female,2022.0,33,33.0
16121987,Male,2022.0,33,33.0
16312471,Male,2022.0,33,33.0
16214289,Male,2022.0,33,33.0
16258459,Male,2022.0,33,33.0
16225879,Female,123.0,33,33.0
16218041,Female,123.0,33,33.0
16229717,Male,123.0,33,33.0
16229731,Male,123.0,33,33.0
16205595,Male,123.0,33,33.0
15857359,Male,33.0,34,33.0
16001797,Male,36.0,34,36.0
15895775,Male,29.0,34,29.0
15979985,Male,5.0,34,34.0
15951607,Male,2022.0,34,34.0
15955527,Male,2022.0,34,34.0
15947911,Male,2022.0,34,34.0
15952419,Male,2022.0,34,34.0
16019703,Male,2022.0,34,34.0
15926883,Male,2022.0,34,34.0
15920333,Male,2022.0,34,34.0
15882237,Male,2022.0,34,34.0
15946441,Male,2022.0,34,34.0
15894501,Female,33.0,34,33.0
16023329,Male,31.0,34,31.0
16054703,Male,47.0,34,47.0
16076753,Male,39.0,34,39.0
15850933,Male,45.0,34,45.0
16080373,Male,36.0,34,36.0
16079791,Male,2022.0,34,34.0
15854531,Male,2022.0,34,34.0
15861993,Male,123.0,34,34.0
15895789,Male,123.0,34,34.0
16010183,Male,123.0,34,34.0
15951201,Female,26.0,34,26.0
16051749,Male,30.0,34,30.0
15860495,Female,41.0,34,41.0
16033367,Male,25.0,34,25.0
15944719,Female,2022.0,34,34.0
15934779,Male,2022.0,34,34.0
15846075,Female,2022.0,34,34.0
15875923,Male,2022.0,34,34.0
16018345,Male,2022.0,34,34.0
15843387,Male,2022.0,34,34.0
15890707,Male,2022.0,34,34.0
15950515,Male,2022.0,34,34.0
15939903,Male,2022.0,34,34.0
15915991,Male,2022.0,34,34.0
15870505,Male,123.0,34,34.0
15977705,Male,123.0,34,34.0
15973111,Male,42.0,34,42.0
16015909,Male,27.0,34,27.0
16078153,Male,27.0,34,27.0
15848497,Male,28.0,34,28.0
16068395,Male,24.0,34,24.0
15882783,Female,2022.0,34,34.0
15842113,Male,2022.0,34,34.0
16049873,Male,2022.0,34,34.0
15938391,Male,2022.0,34,34.0
16059645,Male,123.0,34,34.0
16042747,Male,123.0,34,34.0
15840139,Female,47.0,34,47.0
16043125,Male,32.0,34,32.0
16080491,Male,30.0,34,30.0
15842099,Male,29.0,34,29.0
16071209,Male,2022.0,34,34.0
16007201,Male,2022.0,34,34.0
16040409,Female,2022.0,34,34.0
15989260,Male,2022.0,34,34.0
16038519,Male,123.0,34,34.0
15859095,Male,123.0,34,34.0
15837997,Male,35.0,34,35.0
15871723,Male,33.0,34,33.0
15839957,Female,51.0,34,51.0
15939329,Male,28.0,34,28.0
15931307,Male,5.0,34,34.0
16004975,Male,5.0,34,34.0
16047675,Male,2022.0,34,34.0
16009455,Male,2022.0,34,34.0
15946315,Female,2022.0,34,34.0
15920135,Male,2022.0,34,34.0
15953609,Male,2022.0,34,34.0
16081135,Male,2022.0,34,34.0
15893703,Male,2022.0,34,34.0
15877799,Male,2022.0,34,34.0
16081793,Male,123.0,34,34.0
16053457,Male,123.0,34,34.0
15999599,Male,123.0,34,34.0
15997703,Male,123.0,34,34.0
16023931,Male,33.0,34,33.0
15928773,Male,29.0,34,29.0
15867873,Male,42.0,34,42.0
16081835,Male,26.0,34,26.0
15916509,Male,27.0,34,27.0
16000061,Male,32.0,34,32.0
15908697,Male,28.0,34,28.0
15974721,Male,5.0,34,34.0
16050798,Male,2022.0,34,34.0
15845025,Male,2022.0,34,34.0
16021243,Male,2022.0,34,34.0
15951789,Male,2022.0,34,34.0
15970913,Male,123.0,34,34.0
16033381,Male,123.0,34,34.0
15925581,Male,33.0,34,33.0
15895943,Male,46.0,34,46.0
15844353,Male,40.0,34,40.0
15962583,Male,34.0,34,34.0
15959279,Male,26.0,34,26.0
16065183,Female,46.0,34,46.0
16036531,Male,2022.0,34,34.0
15891267,Male,2022.0,34,34.0
16006361,Male,2022.0,34,34.0
15889559,Male,2022.0,34,34.0
16059045,Male,2022.0,34,34.0
15894543,Male,2022.0,34,34.0
16042313,Male,123.0,34,34.0
15882629,Male,123.0,34,34.0
15915473,Female,123.0,34,34.0
16036881,Female,38.0,34,38.0
15969751,Male,25.0,34,25.0
16012941,Male,32.0,34,32.0
15851647,Male,28.0,34,28.0
16051665,Female,26.0,34,26.0
15909691,Male,2022.0,34,34.0
16020109,Male,2022.0,34,34.0
16052085,Male,2022.0,34,34.0
16079091,Male,2022.0,34,34.0
15844787,Male,123.0,34,34.0
16048879,Male,123.0,34,34.0
15932805,Female,123.0,34,34.0
15884134,Male,24.0,34,24.0
16016161,Female,36.0,34,36.0
16033297,Male,22.0,34,22.0
15927905,Male,29.0,34,29.0
15871989,Male,25.0,34,25.0
16065721,Male,2022.0,34,34.0
15938517,Male,2022.0,34,34.0
16085197,Male,2022.0,34,34.0
15921262,Male,2022.0,34,34.0
16027207,Female,2022.0,34,34.0
16074457,Male,2022.0,34,34.0
15969121,Male,2022.0,34,34.0
15933939,Male,2022.0,34,34.0
15925735,Female,2022.0,34,34.0
15999697,Male,39.0,34,39.0
15907479,Male,30.0,34,30.0
15861825,Male,26.0,34,26.0
15880376,Male,123.0,34,34.0
15955905,Male,123.0,34,34.0
15869245,Male,29.0,34,29.0
15868741,Male,46.0,34,46.0
15883259,Female,33.0,34,33.0
16034120,Male,5.0,34,34.0
16037553,Male,5.0,34,34.0
16004401,Male,2022.0,34,34.0
15899457,Female,2022.0,34,34.0
16059631,Male,2022.0,34,34.0
15904021,Male,2022.0,34,34.0
15952657,Male,2022.0,34,34.0
15919967,Male,2022.0,34,34.0
16010421,Male,2022.0,34,34.0
16030338,Female,2022.0,34,34.0
15969191,Male,2022.0,34,34.0
16007607,Female,2022.0,34,34.0
15993943,Male,2022.0,34,34.0
15887389,Male,2022.0,34,34.0
15912323,Male,2022.0,34,34.0
15949787,Male,123.0,34,34.0
15859977,Male,123.0,34,34.0
15933015,Male,123.0,34,34.0
16069669,Female,123.0,34,34.0
15921073,Male,123.0,34,34.0
15943081,Female,28.0,34,28.0
15853397,Female,40.0,34,40.0
15954337,Male,27.0,34,27.0
15886969,Male,29.0,34,29.0
15882895,Male,23.0,34,23.0
16057027,Female,39.0,34,39.0
15865577,Male,2022.0,34,34.0
15899093,Male,2022.0,34,34.0
15870491,Male,2022.0,34,34.0
15991731,Male,2022.0,34,34.0
16020711,Male,2022.0,34,34.0
16033885,Male,2022.0,34,34.0
15958229,Male,2022.0,34,34.0
15927933,Female,123.0,34,34.0
15893633,Male,123.0,34,34.0
15979845,Male,31.0,34,31.0
15984017,Male,39.0,34,39.0
15923019,Male,29.0,34,29.0
15965467,Female,30.0,34,30.0
15968925,Male,39.0,34,39.0
16007859,Male,34.0,34,34.0
15864625,Male,26.0,34,26.0
15875797,Male,2022.0,34,34.0
15904889,Male,2022.0,34,34.0
15995441,Male,2022.0,34,34.0
15891925,Male,2022.0,34,34.0
15871303,Male,2022.0,34,34.0
15851548,Male,2022.0,34,34.0
16001965,Male,2022.0,34,34.0
16065707,Male,2022.0,34,34.0
16083837,Male,123.0,34,34.0
15896461,Female,123.0,34,34.0
16052547,Male,123.0,34,34.0
15870239,Male,32.0,34,32.0
16008238,Male,28.0,34,28.0
15885093,Female,48.0,34,48.0
15901263,Male,54.0,34,54.0
16059967,Male,29.0,34,29.0
15891981,Male,25.0,34,25.0
16020655,Male,33.0,34,33.0
16023819,Male,29.0,34,29.0
16049985,Male,2022.0,34,34.0
16051497,Male,2022.0,34,34.0
15853369,Male,2022.0,34,34.0
15857751,Female,2022.0,34,34.0
15970451,Male,2022.0,34,34.0
15897385,Female,2022.0,34,34.0
15935297,Male,2022.0,34,34.0
15851997,Male,2022.0,34,34.0
16020627,Male,123.0,34,34.0
16065175,Male,123.0,34,34.0
15907101,Male,123.0,34,34.0
15907647,Male,123.0,34,34.0
15904259,Male,32.0,34,32.0
16009735,Male,27.0,34,27.0
16011163,Male,23.0,34,23.0
15837941,Male,2022.0,34,34.0
16071279,Male,2022.0,34,34.0
16064573,Male,2022.0,34,34.0
16025261,Male,2022.0,34,34.0
15974231,Male,123.0,34,34.0
15890581,Male,123.0,34,34.0
15964907,Male,25.0,34,25.0
15856393,Male,34.0,34,34.0
15985907,Male,24.0,34,24.0
15976121,Male,43.0,34,43.0
16031351,Female,24.0,34,24.0
15950683,Male,5.0,34,34.0
15988203,Male,2022.0,34,34.0
15980209,Male,2022.0,34,34.0
15925469,Female,2022.0,34,34.0
16013375,Male,2022.0,34,34.0
16053219,Male,2022.0,34,34.0
15842085,Male,2022.0,34,34.0
15916408,Male,2022.0,34,34.0
16010477,Male,2022.0,34,34.0
15844241,Male,2022.0,34,34.0
16027963,Male,123.0,34,34.0
15966293,Male,123.0,34,34.0
15837605,Male,32.0,34,32.0
15948149,Female,36.0,34,36.0
15856239,Male,32.0,34,32.0
15948695,Male,5.0,34,34.0
15874019,Male,2022.0,34,34.0
15916831,Female,2022.0,34,34.0
16001237,Male,2022.0,34,34.0
16007971,Male,2022.0,34,34.0
15976709,Male,2022.0,34,34.0
16027501,Male,2022.0,34,34.0
15989981,Male,2022.0,34,34.0
15852263,Male,123.0,34,34.0
15947309,Male,27.0,34,27.0
15863855,Male,35.0,34,35.0
16012773,Male,27.0,34,27.0
15972061,Male,32.0,34,32.0
15966110,Male,30.0,34,30.0
16029475,Male,36.0,34,36.0
15960819,Male,5.0,34,34.0
15973180,Male,2022.0,34,34.0
16020459,Male,2022.0,34,34.0
15848847,Male,2022.0,34,34.0
15990821,Male,123.0,34,34.0
15972117,Male,123.0,34,34.0
15937873,Male,30.0,34,30.0
15959937,Male,25.0,34,25.0
16000747,Male,51.0,34,51.0
15955569,Female,50.0,34,50.0
15959125,Male,2022.0,34,34.0
15888691,Male,2022.0,34,34.0
15996141,Male,2022.0,34,34.0
15884799,Female,2022.0,34,34.0
16062669,Male,2022.0,34,34.0
16034501,Male,123.0,34,34.0
15933787,Female,123.0,34,34.0
16009049,Male,123.0,34,34.0
15909061,Male,32.0,34,32.0
16030119,Male,24.0,34,24.0
15871695,Male,29.0,34,29.0
16051987,Male,30.0,34,30.0
15996043,Female,119.0,34,34.0
16067639,Male,5.0,34,34.0
16064251,Male,2022.0,34,34.0
16056747,Male,2022.0,34,34.0
15975925,Male,2022.0,34,34.0
15867607,Male,2022.0,34,34.0
15993537,Male,2022.0,34,34.0
15934149,Male,2022.0,34,34.0
15953133,Male,123.0,34,34.0
15928367,Female,123.0,34,34.0
15932133,Male,123.0,34,34.0
15910699,Male,123.0,34,34.0
15950053,Male,123.0,34,34.0
15846803,Male,123.0,34,34.0
15978935,Male,25.0,34,25.0
15921731,Male,2022.0,34,34.0
15951089,Female,2022.0,34,34.0
15967210,Male,123.0,34,34.0
15894445,Male,123.0,34,34.0
15910657,Female,34.0,34,34.0
15884575,Male,24.0,34,24.0
16047535,Male,28.0,34,28.0
15905505,Female,2022.0,34,34.0
15956829,Female,2022.0,34,34.0
16062151,Male,2022.0,34,34.0
16061381,Male,123.0,34,34.0
16045757,Female,23.0,34,23.0
16021873,Female,44.0,34,44.0
16073323,Male,30.0,34,30.0
15948037,Male,24.0,34,24.0
15904049,Female,26.0,34,26.0
16061647,Male,29.0,34,29.0
16053807,Male,5.0,34,34.0
15887053,Male,2022.0,34,34.0
15954141,Male,2022.0,34,34.0
15939511,Male,2022.0,34,34.0
16014019,Female,2022.0,34,34.0
16061283,Female,2022.0,34,34.0
15927037,Male,2022.0,34,34.0
16084999,Male,123.0,34,34.0
15942129,Male,123.0,34,34.0
15979677,Male,123.0,34,34.0
16073547,Male,123.0,34,34.0
15937845,Male,123.0,34,34.0
15856281,Male,43.0,34,43.0
16038603,Male,23.0,34,23.0
15956521,Female,28.0,34,28.0
15918735,Male,20.0,34,20.0
15902173,Male,44.0,34,44.0
16052113,Male,2022.0,34,34.0
15843261,Female,2022.0,34,34.0
15912925,Male,2022.0,34,34.0
15889994,Male,2022.0,34,34.0
16005227,Male,2022.0,34,34.0
15789795,Male,42.0,35,42.0
15823171,Male,32.0,35,32.0
15664341,Male,24.0,35,24.0
15821827,Male,25.0,35,25.0
15594481,Female,2022.0,35,35.0
15622243,Male,2022.0,35,35.0
15592731,Male,2022.0,35,35.0
15798797,Male,2022.0,35,35.0
15703373,Male,2022.0,35,35.0
15787667,Male,2022.0,35,35.0
15633569,Male,123.0,35,35.0
15708245,Female,123.0,35,35.0
15598583,Female,27.0,35,27.0
15738611,Male,32.0,35,32.0
15700649,Male,26.0,35,26.0
15813637,Male,41.0,35,41.0
15816171,Male,34.0,35,34.0
15585843,Female,39.0,35,39.0
15813903,Male,25.0,35,25.0
15729315,Male,2022.0,35,35.0
15608481,Female,2022.0,35,35.0
15686545,Male,2022.0,35,35.0
15836513,Male,2022.0,35,35.0
15633233,Male,2022.0,35,35.0
15835603,Male,2022.0,35,35.0
15668961,Male,2022.0,35,35.0
15796044,Male,123.0,35,35.0
15655185,Male,123.0,35,35.0
15673637,Male,32.0,35,32.0
15601411,Female,45.0,35,45.0
15826601,Female,38.0,35,38.0
15731835,Male,25.0,35,25.0
15819363,Male,34.0,35,34.0
15666105,Male,44.0,35,44.0
15743259,Female,25.0,35,25.0
15796739,Female,46.0,35,46.0
15786743,Male,2022.0,35,35.0
15595629,Male,2022.0,35,35.0
15725297,Male,2022.0,35,35.0
15592185,Female,2022.0,35,35.0
15665769,Male,123.0,35,35.0
15636859,Male,28.0,35,28.0
15620815,Male,29.0,35,29.0
15810095,Male,34.0,35,34.0
15729931,Male,27.0,35,27.0
15731261,Male,27.0,35,27.0
15716449,Female,27.0,35,27.0
15797649,Male,123.0,35,35.0
15575329,Male,38.0,35,38.0
15787723,Male,2022.0,35,35.0
15742013,Male,2022.0,35,35.0
15732563,Male,2022.0,35,35.0
15834469,Male,2022.0,35,35.0
15746507,Female,123.0,35,35.0
15667449,Male,24.0,35,24.0
15801695,Male,24.0,35,24.0
15675457,Male,26.0,35,26.0
15806161,Male,37.0,35,37.0
15676928,Female,2022.0,35,35.0
15728181,Male,2022.0,35,35.0
15835953,Male,2022.0,35,35.0
15626723,Female,2022.0,35,35.0
15773569,Male,2022.0,35,35.0
15669913,Male,2022.0,35,35.0
15751702,Female,123.0,35,35.0
15669283,Female,123.0,35,35.0
15581058,Male,26.0,35,26.0
15753773,Male,31.0,35,31.0
15832957,Male,34.0,35,34.0
15733361,Male,49.0,35,49.0
15634739,Male,29.0,35,29.0
15622149,Male,2022.0,35,35.0
15583295,Male,2022.0,35,35.0
15725997,Male,2022.0,35,35.0
15739633,Male,2022.0,35,35.0
15825215,Female,2022.0,35,35.0
15749083,Male,2022.0,35,35.0
15720497,Male,2022.0,35,35.0
15759373,Male,2022.0,35,35.0
15708287,Male,2022.0,35,35.0
15675709,Male,123.0,35,35.0
15716645,Female,123.0,35,35.0
15577037,Male,34.0,35,34.0
15627297,Male,33.0,35,33.0
15706537,Male,27.0,35,27.0
15796375,Female,46.0,35,46.0
15763545,Male,27.0,35,27.0
15635515,Male,2022.0,35,35.0
15783047,Female,2022.0,35,35.0
15769383,Female,2022.0,35,35.0
15683773,Male,2022.0,35,35.0
15605835,Female,2022.0,35,35.0
15770405,Female,2022.0,35,35.0
15779281,Male,2022.0,35,35.0
15815317,Male,2022.0,35,35.0
15651349,Female,2022.0,35,35.0
15830213,Female,123.0,35,35.0
15794835,Male,123.0,35,35.0
15757371,Male,123.0,35,35.0
15655395,Male,26.0,35,26.0
15593249,Female,22.0,35,22.0
15771707,Male,2022.0,35,35.0
15689639,Male,2022.0,35,35.0
15639519,Male,2022.0,35,35.0
15743273,Male,2022.0,35,35.0
15822303,Male,2022.0,35,35.0
15683952,Female,2022.0,35,35.0
15733585,Male,2022.0,35,35.0
15825201,Male,2022.0,35,35.0
15757945,Male,2022.0,35,35.0
15579883,Male,123.0,35,35.0
15603805,Male,31.0,35,31.0
15791433,Male,29.0,35,29.0
15689056,Male,26.0,35,26.0
15581055,Female,30.0,35,30.0
15716821,Male,25.0,35,25.0
15767703,Male,27.0,35,27.0
15708029,Female,29.0,35,29.0
15797691,Male,2022.0,35,35.0
15707349,Male,2022.0,35,35.0
15606591,Male,2022.0,35,35.0
15744001,Male,2022.0,35,35.0
15757189,Female,2022.0,35,35.0
15817417,Male,123.0,35,35.0
15737183,Male,123.0,35,35.0
15773905,Male,28.0,35,28.0
15780415,Male,26.0,35,26.0
15789217,Male,123.0,35,35.0
15607011,Male,40.0,35,40.0
15823931,Female,40.0,35,40.0
15609027,Male,2022.0,35,35.0
15660953,Male,2022.0,35,35.0
15690395,Male,2022.0,35,35.0
15631119,Female,2022.0,35,35.0
15712865,Male,123.0,35,35.0
15625939,Male,123.0,35,35.0
15756041,Male,24.0,35,24.0
15709533,Male,27.0,35,27.0
15726459,Male,30.0,35,30.0
15731598,Female,44.0,35,44.0
15653211,Male,37.0,35,37.0
15793785,Male,28.0,35,28.0
15735559,Male,2022.0,35,35.0
15695967,Male,2022.0,35,35.0
15591107,Male,2022.0,35,35.0
15830465,Male,123.0,35,35.0
15588307,Female,123.0,35,35.0
15606787,Male,27.0,35,27.0
15599731,Male,27.0,35,27.0
15578577,Male,2022.0,35,35.0
15659244,Male,2022.0,35,35.0
15831322,Female,2022.0,35,35.0
15693195,Female,2022.0,35,35.0
15651377,Female,2022.0,35,35.0
15690367,Male,123.0,35,35.0
15678621,Male,123.0,35,35.0
15665601,Male,35.0,35,35.0
15813749,Male,39.0,35,39.0
15820679,Male,34.0,35,34.0
15622285,Male,32.0,35,32.0
15661135,Male,41.0,35,41.0
15749055,Male,30.0,35,30.0
15702253,Male,28.0,35,28.0
15748537,Female,2022.0,35,35.0
15785427,Male,2022.0,35,35.0
15643117,Male,2022.0,35,35.0
15576748,Male,2022.0,35,35.0
15785917,Female,2022.0,35,35.0
15804005,Female,2022.0,35,35.0
15588391,Male,2022.0,35,35.0
15631161,Female,2022.0,35,35.0
15646953,Male,2022.0,35,35.0
15671635,Male,2022.0,35,35.0
15820422,Female,2022.0,35,35.0
15722553,Male,123.0,35,35.0
15787107,Male,123.0,35,35.0
15832733,Male,123.0,35,35.0
15596357,Male,31.0,35,31.0
15617273,Female,36.0,35,36.0
15687231,Male,42.0,35,42.0
15767381,Male,2022.0,35,35.0
15706943,Male,2022.0,35,35.0
15684067,Male,2022.0,35,35.0
15654485,Male,2022.0,35,35.0
15631091,Female,2022.0,35,35.0
15800309,Male,2022.0,35,35.0
15824529,Male,2022.0,35,35.0
15767325,Male,123.0,35,35.0
15735391,Male,123.0,35,35.0
15706341,Female,39.0,35,39.0
15728811,Male,35.0,35,35.0
15660379,Male,24.0,35,24.0
15773597,Male,29.0,35,29.0
15579389,Male,2022.0,35,35.0
15636509,Male,2022.0,35,35.0
15659581,Female,2022.0,35,35.0
15795857,Male,2022.0,35,35.0
15676815,Male,2022.0,35,35.0
15578003,Male,123.0,35,35.0
15728867,Female,123.0,35,35.0
15773261,Male,23.0,35,23.0
15637349,Female,123.0,35,35.0
15594243,Male,25.0,35,25.0
15775837,Male,32.0,35,32.0
15594593,Male,28.0,35,28.0
15666525,Female,38.0,35,38.0
15791139,Male,47.0,35,47.0
15764805,Male,123.0,35,35.0
15773079,Male,24.0,35,24.0
15737015,Male,61.0,35,61.0
15736273,Male,2022.0,35,35.0
15700979,Male,2022.0,35,35.0
15609223,Male,2022.0,35,35.0
15673711,Female,2022.0,35,35.0
15576245,Male,2022.0,35,35.0
15732605,Female,2022.0,35,35.0
15787070,Male,123.0,35,35.0
15788801,Male,24.0,35,24.0
15669692,Female,123.0,35,35.0
15683269,Female,41.0,35,41.0
15784265,Male,27.0,35,27.0
15786085,Male,26.0,35,26.0
15726081,Female,39.0,35,39.0
15626527,Male,26.0,35,26.0
15581069,Male,43.0,35,43.0
15587187,Male,52.0,35,52.0
15835981,Male,25.0,35,25.0
15761361,Female,34.0,35,34.0
15746899,Female,37.0,35,37.0
15766247,Male,28.0,35,28.0
15744253,Male,2022.0,35,35.0
15696807,Male,2022.0,35,35.0
15599829,Male,2022.0,35,35.0
15644909,Male,2022.0,35,35.0
15696597,Male,2022.0,35,35.0
15642417,Male,2022.0,35,35.0
15772659,Male,2022.0,35,35.0
15665083,Male,2022.0,35,35.0
15602139,Male,2022.0,35,35.0
15745261,Male,2022.0,35,35.0
15807729,Male,2022.0,35,35.0
15835561,Male,123.0,35,35.0
15820175,Female,123.0,35,35.0
15692677,Male,123.0,35,35.0
15728755,Female,39.0,35,39.0
15805349,Male,24.0,35,24.0
15730281,Male,2022.0,35,35.0
15774479,Male,2022.0,35,35.0
15579333,Male,2022.0,35,35.0
15611226,Male,2022.0,35,35.0
15626779,Female,2022.0,35,35.0
15618463,Male,2022.0,35,35.0
15661639,Female,2022.0,35,35.0
15730435,Male,2022.0,35,35.0
15607151,Male,2022.0,35,35.0
15765964,Male,2022.0,35,35.0
15719344,Female,2022.0,35,35.0
15720979,Male,2022.0,35,35.0
15592857,Male,2022.0,35,35.0
15581321,Male,2022.0,35,35.0
15784153,Male,123.0,35,35.0
15594187,Female,123.0,35,35.0
15577373,Male,123.0,35,35.0
15736917,Male,36.0,35,36.0
15758505,Male,27.0,35,27.0
15781521,Male,26.0,35,26.0
15728853,Male,28.0,35,28.0
15721965,Male,29.0,35,29.0
15626037,Male,2022.0,35,35.0
15725409,Male,2022.0,35,35.0
15832299,Male,2022.0,35,35.0
15780135,Male,2022.0,35,35.0
15691785,Male,2022.0,35,35.0
15766891,Female,2022.0,35,35.0
15610245,Male,2022.0,35,35.0
15717261,Male,2022.0,35,35.0
15772897,Female,39.0,35,39.0
15614655,Female,53.0,35,53.0
15735643,Female,52.0,35,52.0
15816731,Male,2022.0,35,35.0
15803249,Male,2022.0,35,35.0
15734313,Male,2022.0,35,35.0
15801219,Female,2022.0,35,35.0
15595195,Male,2022.0,35,35.0
15595531,Male,2022.0,35,35.0
15720873,Male,2022.0,35,35.0
15748999,Male,123.0,35,35.0
15715805,Male,123.0,35,35.0
15831818,Male,123.0,35,35.0
15815205,Male,29.0,35,29.0
15772057,Male,28.0,35,28.0
15586389,Male,2022.0,35,35.0
15764231,Male,2022.0,35,35.0
15603791,Female,2022.0,35,35.0
15601677,Male,2022.0,35,35.0
15742741,Male,2022.0,35,35.0
15600935,Female,27.0,35,27.0
15682709,Male,29.0,35,29.0
15574657,Male,28.0,35,28.0
15755285,Male,28.0,35,28.0
15602503,Male,25.0,35,25.0
15724667,Male,2022.0,35,35.0
15716229,Male,2022.0,35,35.0
15726403,Male,2022.0,35,35.0
15613311,Female,2022.0,35,35.0
15822345,Female,123.0,35,35.0
15811873,Male,47.0,35,47.0
15718353,Male,38.0,35,38.0
15689415,Female,24.0,35,24.0
15797229,Male,41.0,35,41.0
15745849,Male,2022.0,35,35.0
15619751,Male,2022.0,35,35.0
15703793,Male,2022.0,35,35.0
15832075,Male,2022.0,35,35.0
15642543,Male,2022.0,35,35.0
15765713,Male,2022.0,35,35.0
15751109,Male,2022.0,35,35.0
15655117,Male,123.0,35,35.0
15764945,Male,123.0,35,35.0
15733837,Female,123.0,35,35.0
15769873,Male,123.0,35,35.0
15593375,Male,25.0,35,25.0
15827847,Male,30.0,35,30.0
15704045,Male,25.0,35,25.0
15780513,Male,28.0,35,28.0
15807505,Male,35.0,35,35.0
15766191,Male,24.0,35,24.0
15626317,Male,2022.0,35,35.0
15815737,Male,2022.0,35,35.0
15736861,Male,2022.0,35,35.0
15824585,Male,2022.0,35,35.0
15811345,Male,2022.0,35,35.0
15718045,Female,2022.0,35,35.0
15731667,Male,2022.0,35,35.0
15621978,Male,2022.0,35,35.0
15676073,Female,2022.0,35,35.0
15631133,Female,2022.0,35,35.0
15574601,Male,123.0,35,35.0
15664145,Male,123.0,35,35.0
15430443,Male,24.0,36,24.0
15410605,Male,31.0,36,31.0
15566565,Female,41.0,36,41.0
15424689,Female,24.0,36,24.0
15414497,Male,35.0,36,35.0
15510957,Male,29.0,36,29.0
15468551,Female,22.0,36,22.0
15416989,Female,2022.0,36,36.0
15455069,Male,2022.0,36,36.0
15573705,Female,2022.0,36,36.0
15527743,Male,123.0,36,36.0
15533007,Male,123.0,36,36.0
15511321,Female,24.0,36,24.0
15478715,Male,23.0,36,23.0
15392629,Male,54.0,36,54.0
15545439,Male,27.0,36,27.0
15462335,Male,29.0,36,29.0
15569323,Male,33.0,36,33.0
15456609,Female,30.0,36,30.0
15442763,Male,2022.0,36,36.0
15403857,Male,2022.0,36,36.0
15485337,Male,2022.0,36,36.0
15500037,Male,2022.0,36,36.0
15420293,Male,2022.0,36,36.0
15452927,Male,123.0,36,36.0
15571955,Male,123.0,36,36.0
15420237,Male,123.0,36,36.0
15498021,Male,26.0,36,26.0
15532377,Male,24.0,36,24.0
15378419,Female,49.0,36,49.0
15503523,Female,39.0,36,39.0
15460906,Male,2022.0,36,36.0
15424581,Male,2022.0,36,36.0
15571563,Male,2022.0,36,36.0
15564283,Female,2022.0,36,36.0
15390655,Male,2022.0,36,36.0
15407147,Male,2022.0,36,36.0
15558403,Male,2022.0,36,36.0
15399209,Male,123.0,36,36.0
15526007,Male,46.0,36,46.0
15502823,Male,25.0,36,25.0
15404837,Male,2022.0,36,36.0
15553545,Female,2022.0,36,36.0
15386763,Female,2022.0,36,36.0
15416625,Male,2022.0,36,36.0
15510187,Male,25.0,36,25.0
15506841,Male,43.0,36,43.0
15486933,Male,2022.0,36,36.0
15457855,Male,2022.0,36,36.0
15443603,Male,2022.0,36,36.0
15438395,Male,2022.0,36,36.0
15448027,Male,2022.0,36,36.0
15553307,Male,2022.0,36,36.0
15474935,Male,123.0,36,36.0
15469657,Female,27.0,36,27.0
15416289,Male,44.0,36,44.0
15534155,Male,33.0,36,33.0
15446571,Male,2022.0,36,36.0
15552523,Female,2022.0,36,36.0
15401099,Male,2022.0,36,36.0
15442787,Female,123.0,36,36.0
15417829,Male,123.0,36,36.0
15502809,Female,123.0,36,36.0
15547567,Female,59.0,36,59.0
15517145,Male,28.0,36,28.0
15458863,Male,33.0,36,33.0
15476601,Male,2022.0,36,36.0
15491697,Male,2022.0,36,36.0
15500513,Male,2022.0,36,36.0
15516431,Male,2022.0,36,36.0
15517887,Female,123.0,36,36.0
15460586,Male,123.0,36,36.0
15408155,Female,26.0,36,26.0
15433803,Female,36.0,36,36.0
15528303,Male,29.0,36,29.0
15458191,Male,28.0,36,28.0
15449049,Male,26.0,36,26.0
15495501,Male,2022.0,36,36.0
15515913,Female,2022.0,36,36.0
15519609,Male,2022.0,36,36.0
15418949,Female,2022.0,36,36.0
15435511,Male,2022.0,36,36.0
15448111,Male,2022.0,36,36.0
15404683,Female,123.0,36,36.0
15533847,Male,27.0,36,27.0
15497741,Female,44.0,36,44.0
15514247,Male,28.0,36,28.0
15396381,Female,48.0,36,48.0
15484917,Male,51.0,36,51.0
15549429,Male,44.0,36,44.0
15462811,Female,2022.0,36,36.0
15382031,Male,2022.0,36,36.0
15492475,Male,2022.0,36,36.0
15426327,Male,2022.0,36,36.0
15378430,Male,2022.0,36,36.0
15406377,Male,25.0,36,25.0
15409163,Male,41.0,36,41.0
15566747,Male,2022.0,36,36.0
15497489,Male,2022.0,36,36.0
15528681,Male,2022.0,36,36.0
15548771,Male,2022.0,36,36.0
15399461,Female,2022.0,36,36.0
15542219,Male,2022.0,36,36.0
15394869,Female,2022.0,36,36.0
15433355,Male,2022.0,36,36.0
15393665,Male,2022.0,36,36.0
15414805,Male,123.0,36,36.0
15565669,Male,123.0,36,36.0
15537025,Female,39.0,36,39.0
15475831,Male,25.0,36,25.0
15436743,Female,35.0,36,35.0
15499575,Male,30.0,36,30.0
15543927,Male,123.0,36,36.0
15409793,Male,40.0,36,40.0
15447957,Male,40.0,36,40.0
15402821,Female,29.0,36,29.0
15417759,Female,2022.0,36,36.0
15407819,Male,2022.0,36,36.0
15440033,Female,2022.0,36,36.0
15502907,Female,2022.0,36,36.0
15495207,Male,2022.0,36,36.0
15377145,Male,2022.0,36,36.0
15402435,Male,2022.0,36,36.0
15573229,Female,2022.0,36,36.0
15518993,Male,2022.0,36,36.0
15474892,Male,123.0,36,36.0
15410885,Male,26.0,36,26.0
15524495,Male,34.0,36,34.0
15489719,Female,28.0,36,28.0
15504699,Male,27.0,36,27.0
15553517,Female,53.0,36,53.0
15480409,Female,36.0,36,36.0
15515507,Male,23.0,36,23.0
15520071,Male,26.0,36,26.0
15430835,Male,42.0,36,42.0
15430695,Female,2022.0,36,36.0
15467599,Female,2022.0,36,36.0
15460198,Male,2022.0,36,36.0
15403913,Male,123.0,36,36.0
15392741,Male,26.0,36,26.0
15517901,Male,28.0,36,28.0
15565823,Male,34.0,36,34.0
15526727,Male,2022.0,36,36.0
15482341,Male,2022.0,36,36.0
15518517,Male,2022.0,36,36.0
15418543,Male,2022.0,36,36.0
15436141,Male,2022.0,36,36.0
15426761,Male,2022.0,36,36.0
15505917,Male,123.0,36,36.0
15422197,Female,123.0,36,36.0
15389087,Male,123.0,36,36.0
15382675,Male,29.0,36,29.0
15441069,Female,34.0,36,34.0
15409611,Male,36.0,36,36.0
15544053,Male,122.0,36,36.0
15522871,Female,29.0,36,29.0
15517453,Female,35.0,36,35.0
15379707,Male,27.0,36,27.0
15462658,Male,2022.0,36,36.0
15468607,Male,2022.0,36,36.0
15495403,Male,2022.0,36,36.0
15431885,Male,2022.0,36,36.0
15478085,Male,2022.0,36,36.0
15487045,Male,2022.0,36,36.0
15491665,Male,2022.0,36,36.0
15460417,Male,2022.0,36,36.0
15430527,Male,2022.0,36,36.0
15395751,Male,123.0,36,36.0
15451919,Male,123.0,36,36.0
15546909,Male,26.0,36,26.0
15465499,Male,24.0,36,24.0
15427895,Male,2022.0,36,36.0
15378159,Male,2022.0,36,36.0
15551025,Male,2022.0,36,36.0
15500835,Female,2022.0,36,36.0
15428119,Male,2022.0,36,36.0
15387831,Male,123.0,36,36.0
15478922,Male,123.0,36,36.0
15496173,Female,123.0,36,36.0
15555449,Male,32.0,36,32.0
15439655,Male,50.0,36,50.0
15484735,Male,22.0,36,22.0
15465513,Male,2022.0,36,36.0
15555827,Male,2022.0,36,36.0
15487367,Male,2022.0,36,36.0
15436533,Male,2022.0,36,36.0
15429771,Female,2022.0,36,36.0
15559593,Male,2022.0,36,36.0
15521373,Male,2022.0,36,36.0
15473437,Male,2022.0,36,36.0
15440313,Male,27.0,36,27.0
15397641,Male,38.0,36,38.0
15454733,Male,31.0,36,31.0
15431549,Male,2022.0,36,36.0
15489705,Male,2022.0,36,36.0
15500933,Female,2022.0,36,36.0
15424913,Male,2022.0,36,36.0
15563513,Male,2022.0,36,36.0
15439935,Male,2022.0,36,36.0
15573649,Male,2022.0,36,36.0
15389535,Male,123.0,36,36.0
15532293,Male,123.0,36,36.0
15422351,Male,123.0,36,36.0
15524677,Female,26.0,36,26.0
15465023,Male,29.0,36,29.0
15427391,Female,28.0,36,28.0
15392615,Male,23.0,36,23.0
15493121,Female,37.0,36,37.0
15556625,Female,25.0,36,25.0
15505155,Female,22.0,36,22.0
15429197,Female,2022.0,36,36.0
15448307,Male,2022.0,36,36.0
15514821,Male,2022.0,36,36.0
15430681,Male,2022.0,36,36.0
15514261,Male,29.0,36,29.0
15418487,Male,31.0,36,31.0
15551403,Male,2022.0,36,36.0
15494297,Male,2022.0,36,36.0
15412187,Male,123.0,36,36.0
15564157,Male,123.0,36,36.0
15499785,Male,123.0,36,36.0
15495907,Female,34.0,36,34.0
15464267,Male,25.0,36,25.0
15424381,Female,26.0,36,26.0
15456809,Female,32.0,36,32.0
15440392,Female,43.0,36,43.0
15559733,Female,35.0,36,35.0
15446669,Male,30.0,36,30.0
15442595,Male,2022.0,36,36.0
15392937,Male,2022.0,36,36.0
15397711,Male,2022.0,36,36.0
15384831,Male,2022.0,36,36.0
15465233,Male,2022.0,36,36.0
15489957,Male,2022.0,36,36.0
15421259,Female,2022.0,36,36.0
15543913,Male,2022.0,36,36.0
15442021,Male,2022.0,36,36.0
15377621,Male,123.0,36,36.0
15527869,Male,123.0,36,36.0
15507247,Male,123.0,36,36.0
15570891,Male,40.0,36,40.0
15509655,Male,26.0,36,26.0
15463301,Male,24.0,36,24.0
15532867,Female,26.0,36,26.0
15531957,Male,35.0,36,35.0
15560951,Female,35.0,36,35.0
15528219,Male,31.0,36,31.0
15525153,Female,2022.0,36,36.0
15557591,Male,123.0,36,36.0
15497377,Male,123.0,36,36.0
15388597,Male,34.0,36,34.0
15434419,Male,27.0,36,27.0
15573999,Male,2022.0,36,36.0
15489201,Male,2022.0,36,36.0
15509164,Male,2022.0,36,36.0
15380743,Male,2022.0,36,36.0
15378503,Male,2022.0,36,36.0
15546629,Male,2022.0,36,36.0
15379364,Female,2022.0,36,36.0
15422393,Male,2022.0,36,36.0
15425851,Male,123.0,36,36.0
15436883,Male,123.0,36,36.0
15413755,Male,27.0,36,27.0
15468915,Male,28.0,36,28.0
15417367,Male,37.0,36,37.0
15531579,Male,25.0,36,25.0
15392797,Male,2022.0,36,36.0
15382689,Male,2022.0,36,36.0
15415295,Male,2022.0,36,36.0
15541617,Male,2022.0,36,36.0
15440831,Male,2022.0,36,36.0
15426453,Female,2022.0,36,36.0
15482789,Female,123.0,36,36.0
15422655,Male,123.0,36,36.0
15545761,Male,123.0,36,36.0
15432669,Male,40.0,36,40.0
15397532,Male,27.0,36,27.0
15402779,Female,38.0,36,38.0
15564885,Female,36.0,36,36.0
15462111,Female,24.0,36,24.0
15391285,Male,2022.0,36,36.0
15434125,Female,2022.0,36,36.0
15418767,Male,2022.0,36,36.0
15494591,Male,2022.0,36,36.0
15437723,Male,2022.0,36,36.0
15536294,Male,123.0,36,36.0
15284535,Female,31.0,37,31.0
15317757,Male,33.0,37,33.0
15185163,Male,2022.0,37,37.0
15227821,Female,2022.0,37,37.0
15177768,Male,2022.0,37,37.0
15190121,Male,2022.0,37,37.0
15211609,Male,2022.0,37,37.0
15355571,Male,2022.0,37,37.0
15307789,Male,123.0,37,37.0
15265288,Female,38.0,37,38.0
15184477,Male,51.0,37,51.0
15177337,Male,34.0,37,34.0
15213121,Male,31.0,37,31.0
15332205,Male,49.0,37,49.0
15340255,Male,2022.0,37,37.0
15234688,Male,2022.0,37,37.0
15282953,Male,2022.0,37,37.0
15358301,Male,2022.0,37,37.0
15172514,Male,2022.0,37,37.0
15326955,Male,123.0,37,37.0
15319037,Female,123.0,37,37.0
15314367,Male,123.0,37,37.0
15260954,Male,2022.0,37,37.0
15183133,Male,2022.0,37,37.0
15247141,Male,2022.0,37,37.0
15315083,Male,2022.0,37,37.0
15222039,Male,2022.0,37,37.0
15226043,Female,2022.0,37,37.0
15342145,Female,2022.0,37,37.0
15258705,Male,123.0,37,37.0
15333157,Male,123.0,37,37.0
15282575,Male,123.0,37,37.0
15256213,Female,38.0,37,38.0
15186675,Male,49.0,37,49.0
15224377,Male,34.0,37,34.0
15350195,Male,33.0,37,33.0
15255023,Male,2022.0,37,37.0
15370481,Male,2022.0,37,37.0
15248947,Female,2022.0,37,37.0
15225273,Female,123.0,37,37.0
15266419,Female,34.0,37,34.0
15337819,Female,33.0,37,33.0
15182195,Female,2022.0,37,37.0
15200017,Male,2022.0,37,37.0
15322783,Female,2022.0,37,37.0
15171009,Male,2022.0,37,37.0
15305213,Male,2022.0,37,37.0
15188789,Male,2022.0,37,37.0
15366309,Male,123.0,37,37.0
15363355,Female,123.0,37,37.0
15236375,Female,33.0,37,33.0
15249840,Female,41.0,37,41.0
15292851,Male,2022.0,37,37.0
15333857,Male,2022.0,37,37.0
15315545,Male,2022.0,37,37.0
15258453,Male,2022.0,37,37.0
15184197,Male,55.0,37,55.0
15271739,Male,26.0,37,26.0
15330623,Male,26.0,37,26.0
15191052,Male,38.0,37,38.0
15364489,Male,26.0,37,26.0
15270857,Female,19.0,37,19.0
15347672,Male,24.0,37,24.0
15171877,Male,24.0,37,24.0
15286089,Male,2022.0,37,37.0
15299501,Male,2022.0,37,37.0
15283173,Male,2022.0,37,37.0
15229907,Male,123.0,37,37.0
15207152,Female,32.0,37,32.0
15265901,Female,29.0,37,29.0
15335481,Female,54.0,37,54.0
15239679,Male,55.0,37,55.0
15217965,Male,31.0,37,31.0
15326563,Male,2022.0,37,37.0
15221157,Male,2022.0,37,37.0
15336671,Female,2022.0,37,37.0
15374023,Male,2022.0,37,37.0
15280727,Male,2022.0,37,37.0
15287769,Male,2022.0,37,37.0
15279719,Male,2022.0,37,37.0
15225147,Male,123.0,37,37.0
15223840,Female,123.0,37,37.0
15305675,Female,123.0,37,37.0
15330735,Female,123.0,37,37.0
15263689,Female,115.0,37,37.0
15187711,Male,31.0,37,31.0
15333017,Male,38.0,37,38.0
15267203,Male,39.0,37,39.0
15340367,Male,28.0,37,28.0
15173767,Male,41.0,37,41.0
15273685,Male,2022.0,37,37.0
15374510,Female,2022.0,37,37.0
15281581,Male,2022.0,37,37.0
15239959,Female,2022.0,37,37.0
15317575,Male,2022.0,37,37.0
15252097,Female,2022.0,37,37.0
15308657,Male,2022.0,37,37.0
15211987,Female,2022.0,37,37.0
15268197,Male,2022.0,37,37.0
15226575,Male,2022.0,37,37.0
15218889,Female,2022.0,37,37.0
15310603,Female,2022.0,37,37.0
15178121,Male,123.0,37,37.0
15201837,Female,123.0,37,37.0
15289449,Female,45.0,37,45.0
15276863,Male,29.0,37,29.0
15354409,Male,47.0,37,47.0
15230859,Male,28.0,37,28.0
15195047,Male,42.0,37,42.0
15265957,Male,34.0,37,34.0
15279411,Male,2022.0,37,37.0
15262765,Male,2022.0,37,37.0
15260875,Female,2022.0,37,37.0
15172871,Male,2022.0,37,37.0
15361199,Male,2022.0,37,37.0
15283639,Male,123.0,37,37.0
15308853,Female,65.0,37,65.0
15306823,Male,28.0,37,28.0
15262569,Male,34.0,37,34.0
15228563,Male,2022.0,37,37.0
15349481,Male,2022.0,37,37.0
15295189,Male,2022.0,37,37.0
15260287,Male,123.0,37,37.0
15364125,Male,123.0,37,37.0
15328397,Male,30.0,37,30.0
15270605,Male,33.0,37,33.0
15368983,Male,24.0,37,24.0
15358413,Female,33.0,37,33.0
15347353,Female,24.0,37,24.0
15277745,Male,28.0,37,28.0
15326395,Male,42.0,37,42.0
15197525,Male,29.0,37,29.0
15328565,Male,36.0,37,36.0
15359897,Male,2022.0,37,37.0
15347031,Female,2022.0,37,37.0
15253665,Male,2022.0,37,37.0
15302539,Male,2022.0,37,37.0
15180795,Male,2022.0,37,37.0
15286019,Male,2022.0,37,37.0
15280825,Male,2022.0,37,37.0
15185233,Male,2022.0,37,37.0
15299641,Male,2022.0,37,37.0
15248695,Male,123.0,37,37.0
15284899,Female,123.0,37,37.0
15197539,Male,123.0,37,37.0
15300579,Male,123.0,37,37.0
15287237,Female,35.0,37,35.0
15289575,Male,41.0,37,41.0
15299095,Male,25.0,37,25.0
15359645,Male,19.0,37,19.0
15289897,Female,44.0,37,44.0
15194932,Male,2022.0,37,37.0
15271295,Male,2022.0,37,37.0
15339485,Female,2022.0,37,37.0
15319993,Female,2022.0,37,37.0
15369572,Female,2022.0,37,37.0
15300803,Female,123.0,37,37.0
15250053,Male,43.0,37,43.0
15346289,Male,38.0,37,38.0
15271319,Male,25.0,37,25.0
15230955,Male,32.0,37,32.0
15359183,Male,38.0,37,38.0
15189699,Male,37.0,37,37.0
15321887,Female,32.0,37,32.0
15303575,Male,2022.0,37,37.0
15218301,Male,2022.0,37,37.0
15252405,Male,2022.0,37,37.0
15192617,Male,2022.0,37,37.0
15297527,Male,2022.0,37,37.0
15315657,Male,2022.0,37,37.0
15245937,Male,2022.0,37,37.0
15276303,Male,2022.0,37,37.0
15277283,Male,2022.0,37,37.0
15285767,Male,123.0,37,37.0
15337385,Male,123.0,37,37.0
15199432,Female,30.0,37,30.0
15323147,Male,32.0,37,32.0
15189713,Male,25.0,37,25.0
15237229,Male,29.0,37,29.0
15221423,Male,2022.0,37,37.0
15174089,Male,2022.0,37,37.0
15233855,Male,2022.0,37,37.0
15203153,Female,2022.0,37,37.0
15287335,Male,2022.0,37,37.0
15271977,Female,2022.0,37,37.0
15299599,Male,2022.0,37,37.0
15214773,Male,2022.0,37,37.0
15311233,Male,2022.0,37,37.0
15177365,Male,123.0,37,37.0
15305829,Male,123.0,37,37.0
15307817,Male,24.0,37,24.0
15315135,Male,25.0,37,25.0
15362641,Male,24.0,37,24.0
15278554,Male,26.0,37,26.0
15346863,Male,43.0,37,43.0
15204357,Female,2022.0,37,37.0
15199751,Male,2022.0,37,37.0
15258201,Male,2022.0,37,37.0
15287510,Male,2022.0,37,37.0
15352771,Female,123.0,37,37.0
15274679,Female,50.0,37,50.0
15371503,Male,2022.0,37,37.0
15263815,Male,2022.0,37,37.0
15174817,Male,2022.0,37,37.0
15284661,Female,2022.0,37,37.0
15367300,Male,2022.0,37,37.0
15232763,Male,2022.0,37,37.0
15207885,Male,123.0,37,37.0
15375997,Male,123.0,37,37.0
15198981,Male,32.0,37,32.0
15272691,Male,31.0,37,31.0
15324998,Male,24.0,37,24.0
15320082,Male,36.0,37,36.0
15375339,Male,2022.0,37,37.0
15287153,Male,2022.0,37,37.0
15286677,Male,2022.0,37,37.0
15209089,Male,2022.0,37,37.0
15284689,Female,2022.0,37,37.0
15301069,Male,2022.0,37,37.0
15354367,Male,2022.0,37,37.0
15312199,Male,2022.0,37,37.0
15261715,Female,2022.0,37,37.0
15222335,Male,2022.0,37,37.0
15257277,Male,2022.0,37,37.0
15203699,Male,28.0,37,28.0
15300257,Male,28.0,37,28.0
15303785,Female,23.0,37,23.0
15215823,Female,52.0,37,52.0
15170645,Female,2022.0,37,37.0
15304555,Female,2022.0,37,37.0
15174697,Male,2022.0,37,37.0
15277395,Male,2022.0,37,37.0
15216915,Female,2022.0,37,37.0
15335593,Male,123.0,37,37.0
15261673,Male,123.0,37,37.0
15192191,Male,123.0,37,37.0
15306711,Female,123.0,37,37.0
15208123,Male,22.0,37,22.0
15226183,Male,28.0,37,28.0
15215739,Female,29.0,37,29.0
15343433,Male,31.0,37,31.0
15220751,Male,28.0,37,28.0
15189195,Male,29.0,37,29.0
15367415,Female,32.0,37,32.0
15204763,Male,46.0,37,46.0
15367471,Male,25.0,37,25.0
15192667,Male,46.0,37,46.0
15189307,Male,2022.0,37,37.0
15313165,Male,2022.0,37,37.0
15348557,Male,2022.0,37,37.0
15241527,Male,2022.0,37,37.0
15193017,Female,123.0,37,37.0
15343797,Male,123.0,37,37.0
15338295,Male,123.0,37,37.0
15308307,Female,29.0,37,29.0
15314957,Male,29.0,37,29.0
15291297,Male,33.0,37,33.0
15312591,Male,31.0,37,31.0
15355025,Male,24.0,37,24.0
15204007,Male,2022.0,37,37.0
15183021,Male,2022.0,37,37.0
15373869,Male,2022.0,37,37.0
15180291,Male,2022.0,37,37.0
15212337,Male,2022.0,37,37.0
15276107,Male,123.0,37,37.0
15374107,Male,77.0,37,77.0
15242633,Male,123.0,37,37.0
15179269,Female,31.0,37,31.0
15314131,Male,2022.0,37,37.0
15212057,Female,2022.0,37,37.0
15201263,Male,2022.0,37,37.0
15305479,Male,2022.0,37,37.0
15181061,Male,2022.0,37,37.0
15283009,Male,2022.0,37,37.0
15318359,Male,2022.0,37,37.0
15334039,Female,2022.0,37,37.0
15221185,Male,2022.0,37,37.0
15286047,Female,123.0,37,37.0
15297737,Male,123.0,37,37.0
15242214,Male,123.0,37,37.0
15277941,Male,123.0,37,37.0
15351707,Male,51.0,37,51.0
15248359,Male,36.0,37,36.0
15274455,Male,61.0,37,61.0
15260525,Male,27.0,37,27.0
15183987,Male,43.0,37,43.0
15202635,Female,25.0,37,25.0
15241821,Male,26.0,37,26.0
15358134,Female,23.0,37,23.0
15218427,Male,28.0,37,28.0
15354773,Female,2022.0,37,37.0
15261197,Female,2022.0,37,37.0
15182685,Male,2022.0,37,37.0
15375409,Male,2022.0,37,37.0
15218959,Male,2022.0,37,37.0
15323609,Male,2022.0,37,37.0
15315762,Male,2022.0,37,37.0
15353555,Male,123.0,37,37.0
15194417,Male,123.0,37,37.0
15313123,Male,32.0,37,32.0
15295931,Male,37.0,37,37.0
15273853,Male,40.0,37,40.0
15245769,Male,49.0,37,49.0
15246035,Male,31.0,37,31.0
15291319,Male,27.0,37,27.0
15257417,Male,2022.0,37,37.0
15275281,Female,2022.0,37,37.0
15303869,Male,123.0,37,37.0
15223957,Male,123.0,37,37.0
15230887,Male,123.0,37,37.0
15027173,Female,39.0,38,39.0
15081801,Male,35.0,38,35.0
15099399,Male,35.0,38,35.0
14982737,Male,123.0,38,38.0
14974841,Male,28.0,38,28.0
14949221,Female,25.0,38,25.0
15121715,Male,29.0,38,29.0
15166529,Female,36.0,38,36.0
14965027,Male,32.0,38,32.0
15074865,Male,2022.0,38,38.0
15118985,Male,2022.0,38,38.0
14922607,Male,2022.0,38,38.0
15021951,Male,2022.0,38,38.0
15153425,Male,2022.0,38,38.0
15137745,Male,2022.0,38,38.0
15046087,Male,2022.0,38,38.0
14922761,Female,2022.0,38,38.0
14927549,Male,2022.0,38,38.0
15026375,Male,2022.0,38,38.0
15085679,Male,2022.0,38,38.0
14956739,Male,123.0,38,38.0
14973973,Male,123.0,38,38.0
15041663,Male,31.0,38,31.0
14979223,Male,27.0,38,27.0
15068501,Male,34.0,38,34.0
14993237,Male,37.0,38,37.0
15121645,Female,31.0,38,31.0
15108135,Male,25.0,38,25.0
14951965,Male,33.0,38,33.0
15009323,Male,25.0,38,25.0
15130605,Male,34.0,38,34.0
15053787,Female,26.0,38,26.0
14914208,Female,2022.0,38,38.0
15063055,Male,2022.0,38,38.0
15085077,Female,2022.0,38,38.0
15079841,Male,2022.0,38,38.0
15029861,Male,2022.0,38,38.0
15109535,Male,2022.0,38,38.0
14967743,Male,2022.0,38,38.0
15148511,Female,2022.0,38,38.0
14918463,Male,2022.0,38,38.0
15010989,Male,123.0,38,38.0
15067633,Male,32.0,38,32.0
14979961,Male,24.0,38,24.0
15153607,Male,30.0,38,30.0
14919261,Male,29.0,38,29.0
14982583,Male,123.0,38,38.0
14944685,Male,45.0,38,45.0
15006383,Male,31.0,38,31.0
14948073,Male,31.0,38,31.0
14952732,Male,2022.0,38,38.0
14952007,Male,2022.0,38,38.0
15050427,Female,2022.0,38,38.0
15027901,Male,2022.0,38,38.0
14988323,Male,2022.0,38,38.0
14984907,Male,2022.0,38,38.0
15091741,Male,2022.0,38,38.0
14929649,Male,2022.0,38,38.0
15110109,Male,2022.0,38,38.0
14935977,Male,31.0,38,31.0
15044743,Female,27.0,38,27.0
14972923,Female,26.0,38,26.0
14923573,Female,41.0,38,41.0
14968317,Male,5.0,38,38.0
14939547,Male,26.0,38,26.0
15116059,Male,27.0,38,27.0
15033403,Female,48.0,38,48.0
15002631,Male,27.0,38,27.0
15060745,Female,40.0,38,40.0
15125775,Male,26.0,38,26.0
15066499,Male,2022.0,38,38.0
14979251,Male,2022.0,38,38.0
15106595,Female,2022.0,38,38.0
15095451,Male,2022.0,38,38.0
15098447,Male,2022.0,38,38.0
14933272,Female,2022.0,38,38.0
14960687,Male,2022.0,38,38.0
14991389,Male,2022.0,38,38.0
15141623,Male,2022.0,38,38.0
14939029,Female,2022.0,38,38.0
15086435,Male,123.0,38,38.0
14933975,Male,123.0,38,38.0
14979461,Male,123.0,38,38.0
15052065,Male,123.0,38,38.0
15151717,Female,123.0,38,38.0
15133825,Male,25.0,38,25.0
14936915,Female,34.0,38,34.0
14932911,Male,34.0,38,34.0
15136247,Female,48.0,38,48.0
15026585,Female,37.0,38,37.0
14921515,Male,48.0,38,48.0
15150163,Female,40.0,38,40.0
15016869,Male,30.0,38,30.0
15009057,Male,2022.0,38,38.0
15089963,Male,2022.0,38,38.0
15136737,Male,2022.0,38,38.0
14979181,Male,2022.0,38,38.0
15089137,Male,2022.0,38,38.0
15007363,Male,2022.0,38,38.0
14976605,Male,2022.0,38,38.0
15100883,Male,2022.0,38,38.0
15072065,Male,2022.0,38,38.0
15098209,Female,2022.0,38,38.0
15146355,Female,2022.0,38,38.0
14981225,Male,2022.0,38,38.0
14926051,Male,123.0,38,38.0
15153285,Male,123.0,38,38.0
14949459,Female,123.0,38,38.0
14955059,Male,24.0,38,24.0
15107883,Male,35.0,38,35.0
15017779,Male,34.0,38,34.0
14957938,Male,27.0,38,27.0
15072015,Male,33.0,38,33.0
14975471,Male,31.0,38,31.0
14922887,Female,33.0,38,33.0
14962843,Male,29.0,38,29.0
15110457,Male,25.0,38,25.0
15161937,Female,27.0,38,27.0
15037463,Male,29.0,38,29.0
15055061,Male,2022.0,38,38.0
15155833,Male,2022.0,38,38.0
15049993,Male,2022.0,38,38.0
15078329,Male,2022.0,38,38.0
14996709,Female,2022.0,38,38.0
14999033,Male,123.0,38,38.0
14942445,Male,123.0,38,38.0
15081045,Female,46.0,38,46.0
15032003,Male,24.0,38,24.0
15018185,Male,35.0,38,35.0
14979545,Female,24.0,38,24.0
15161517,Female,30.0,38,30.0
14941843,Male,27.0,38,27.0
15002154,Female,31.0,38,31.0
14963571,Female,2022.0,38,38.0
15134707,Male,2022.0,38,38.0
15061326,Male,2022.0,38,38.0
15146039,Male,2022.0,38,38.0
15136807,Male,2022.0,38,38.0
15055733,Female,2022.0,38,38.0
15129345,Male,2022.0,38,38.0
15023141,Male,2022.0,38,38.0
15161867,Male,123.0,38,38.0
15102717,Male,123.0,38,38.0
15028853,Male,44.0,38,44.0
14956585,Male,49.0,38,49.0
15023211,Male,122.0,38,38.0
14943271,Male,2022.0,38,38.0
15024849,Male,2022.0,38,38.0
15082151,Male,2022.0,38,38.0
15125411,Female,2022.0,38,38.0
14981421,Male,2022.0,38,38.0
14991365,Male,2022.0,38,38.0
15154279,Female,2022.0,38,38.0
15143485,Male,2022.0,38,38.0
15119713,Male,2022.0,38,38.0
14951335,Male,123.0,38,38.0
15158871,Male,123.0,38,38.0
15129457,Male,123.0,38,38.0
14980049,Male,123.0,38,38.0
14974687,Female,41.0,38,41.0
14921263,Male,22.0,38,22.0
15119251,Male,33.0,38,33.0
15044967,Male,28.0,38,28.0
14930881,Male,2022.0,38,38.0
15070573,Male,2022.0,38,38.0
14960183,Male,2022.0,38,38.0
14945021,Female,2022.0,38,38.0
15071419,Male,2022.0,38,38.0
15079645,Male,2022.0,38,38.0
14942347,Male,2022.0,38,38.0
15047114,Male,2022.0,38,38.0
15058701,Male,123.0,38,38.0
14972741,Male,123.0,38,38.0
14958405,Male,123.0,38,38.0
15059793,Female,123.0,38,38.0
14952371,Female,123.0,38,38.0
15136576,Male,24.0,38,24.0
15008385,Male,49.0,38,49.0
15131263,Female,48.0,38,48.0
14953995,Male,24.0,38,24.0
14976815,Male,29.0,38,29.0
14948647,Male,27.0,38,27.0
14966553,Male,36.0,38,36.0
15078315,Male,2022.0,38,38.0
15139565,Male,2022.0,38,38.0
15009799,Female,2022.0,38,38.0
15063097,Male,2022.0,38,38.0
15062411,Male,2022.0,38,38.0
15020563,Male,2022.0,38,38.0
15012935,Male,2022.0,38,38.0
15148749,Male,123.0,38,38.0
14966315,Male,25.0,38,25.0
14934283,Male,28.0,38,28.0
15014363,Male,26.0,38,26.0
14920297,Male,36.0,38,36.0
15092371,Male,34.0,38,34.0
15134231,Male,24.0,38,24.0
15064700,Male,31.0,38,31.0
15155595,Male,25.0,38,25.0
15146789,Female,28.0,38,28.0
15060143,Female,57.0,38,57.0
15146257,Male,32.0,38,32.0
15105111,Female,22.0,38,22.0
15014951,Female,2022.0,38,38.0
15108989,Female,2022.0,38,38.0
15095552,Male,2022.0,38,38.0
15075977,Male,2022.0,38,38.0
14974673,Female,2022.0,38,38.0
15129401,Male,2022.0,38,38.0
15062901,Female,2022.0,38,38.0
15105156,Male,2022.0,38,38.0
15138487,Male,2022.0,38,38.0
15058575,Male,123.0,38,38.0
15120287,Female,25.0,38,25.0
15001133,Female,25.0,38,25.0
14964089,Male,23.0,38,23.0
15086883,Female,29.0,38,29.0
15101163,Male,25.0,38,25.0
14927507,Male,24.0,38,24.0
14935305,Male,2022.0,38,38.0
14982835,Male,2022.0,38,38.0
15010037,Male,2022.0,38,38.0
15069705,Male,2022.0,38,38.0
15152711,Female,2022.0,38,38.0
15018899,Male,2022.0,38,38.0
15158087,Female,2022.0,38,38.0
14966469,Male,2022.0,38,38.0
15014097,Female,2022.0,38,38.0
14987113,Female,2022.0,38,38.0
15137689,Male,2022.0,38,38.0
15141119,Female,123.0,38,38.0
15026011,Male,123.0,38,38.0
14983871,Male,123.0,38,38.0
15068417,Male,26.0,38,26.0
15123395,Male,32.0,38,32.0
15162777,Male,34.0,38,34.0
15079939,Male,2022.0,38,38.0
15117515,Male,2022.0,38,38.0
15101555,Male,2022.0,38,38.0
15097901,Male,2022.0,38,38.0
15036875,Male,34.0,38,34.0
15021447,Male,123.0,38,38.0
15054137,Male,123.0,38,38.0
14979895,Female,48.0,38,48.0
15083803,Male,26.0,38,26.0
14995099,Male,27.0,38,27.0
15037253,Female,2022.0,38,38.0
14935991,Male,2022.0,38,38.0
15105321,Female,2022.0,38,38.0
14959763,Female,2022.0,38,38.0
15124319,Male,2022.0,38,38.0
15077153,Male,2022.0,38,38.0
14981603,Female,2022.0,38,38.0
15050777,Male,2022.0,38,38.0
15018479,Male,2022.0,38,38.0
15047893,Male,123.0,38,38.0
14992397,Male,47.0,38,47.0
14981995,Male,27.0,38,27.0
14996555,Female,31.0,38,31.0
15053073,Male,30.0,38,30.0
14990003,Male,25.0,38,25.0
14950243,Male,65.0,38,65.0
14924875,Male,2022.0,38,38.0
14951489,Male,2022.0,38,38.0
14915397,Male,2022.0,38,38.0
15022945,Male,2022.0,38,38.0
15030015,Female,2022.0,38,38.0
15078021,Male,2022.0,38,38.0
15027649,Male,2022.0,38,38.0
15119867,Female,2022.0,38,38.0
15094891,Female,2022.0,38,38.0
15047403,Male,123.0,38,38.0
14939281,Male,123.0,38,38.0
14916825,Male,123.0,38,38.0
15107393,Male,33.0,38,33.0
15033445,Male,40.0,38,40.0
15137829,Female,25.0,38,25.0
14964579,Male,25.0,38,25.0
14953953,Female,123.0,38,38.0
15052793,Male,59.0,38,59.0
15030463,Female,23.0,38,23.0
15134483,Male,53.0,38,53.0
14953071,Male,37.0,38,37.0
15091895,Male,24.0,38,24.0
15051109,Male,34.0,38,34.0
15050413,Female,32.0,38,32.0
14931567,Male,32.0,38,32.0
14991347,Male,2022.0,38,38.0
14920871,Male,2022.0,38,38.0
14942263,Male,2022.0,38,38.0
15001427,Female,2022.0,38,38.0
14939324,Male,2022.0,38,38.0
15079729,Male,2022.0,38,38.0
15166851,Male,2022.0,38,38.0
15139971,Female,2022.0,38,38.0
15057245,Male,2022.0,38,38.0
15041579,Male,2022.0,38,38.0
14934731,Male,2022.0,38,38.0
15005277,Female,123.0,38,38.0
15014587,Male,123.0,38,38.0
15013383,Male,37.0,38,37.0
15057987,Male,47.0,38,47.0
15044827,Male,33.0,38,33.0
14997759,Male,30.0,38,30.0
15001665,Male,30.0,38,30.0
15105097,Male,26.0,38,26.0
15050525,Male,48.0,38,48.0
15017289,Female,2022.0,38,38.0
15005767,Female,2022.0,38,38.0
15058500,Male,123.0,38,38.0
15058141,Male,123.0,38,38.0
15020716,Male,42.0,38,42.0
15003107,Male,25.0,38,25.0
15107351,Male,27.0,38,27.0
15058365,Male,29.0,38,29.0
15120861,Female,33.0,38,33.0
15084391,Male,2022.0,38,38.0
14961723,Male,2022.0,38,38.0
14991585,Male,2022.0,38,38.0
15054011,Male,2022.0,38,38.0
14985103,Male,2022.0,38,38.0
15016786,Male,2022.0,38,38.0
15010093,Female,2022.0,38,38.0
14999985,Male,2022.0,38,38.0
15010415,Male,123.0,38,38.0
14930469,Male,123.0,38,38.0
15131991,Female,123.0,38,38.0
15031233,Male,28.0,38,28.0
15081976,Male,33.0,38,33.0
14978929,Male,32.0,38,32.0
15108891,Male,31.0,38,31.0
15011213,Male,2022.0,38,38.0
14945259,Male,2022.0,38,38.0
15042741,Male,2022.0,38,38.0
15160327,Male,2022.0,38,38.0
15044509,Male,2022.0,38,38.0
15148091,Male,2022.0,38,38.0
15136079,Female,123.0,38,38.0
15067745,Male,26.0,38,26.0
14958335,Male,24.0,38,24.0
15032465,Male,41.0,38,41.0
14954702,Male,31.0,38,31.0
15079827,Male,28.0,38,28.0
15061613,Male,2022.0,38,38.0
15004339,Male,2022.0,38,38.0
15113119,Male,2022.0,38,38.0
15141427,Male,2022.0,38,38.0
14974869,Male,2022.0,38,38.0
15006859,Male,2022.0,38,38.0
15135883,Male,2022.0,38,38.0
14927283,Female,2022.0,38,38.0
15030519,Male,2022.0,38,38.0
15145865,Male,2022.0,38,38.0
14966721,Male,2022.0,38,38.0
14971439,Female,123.0,38,38.0
14957285,Male,123.0,38,38.0
15152487,Male,123.0,38,38.0
15088773,Male,123.0,38,38.0
15007979,Male,29.0,38,29.0
15144269,Female,53.0,38,53.0
15092203,Male,32.0,38,32.0
14950705,Female,22.0,38,22.0
14922103,Male,30.0,38,30.0
15093477,Male,50.0,38,50.0
15122919,Male,2022.0,38,38.0
14966189,Male,2022.0,38,38.0
14951867,Male,2022.0,38,38.0
15149211,Male,123.0,38,38.0
15100785,Male,123.0,38,38.0
15043315,Male,27.0,38,27.0
14980091,Male,29.0,38,29.0
14920577,Female,33.0,38,33.0
15080863,Female,48.0,38,48.0
15082683,Male,29.0,38,29.0
15007125,Male,123.0,38,38.0
15111145,Male,25.0,38,25.0
15083495,Male,26.0,38,26.0
14941101,Male,40.0,38,40.0
14918477,Male,30.0,38,30.0
15140141,Female,25.0,38,25.0
15075039,Male,37.0,38,37.0
14939407,Male,2022.0,38,38.0
15096375,Male,2022.0,38,38.0
15068375,Male,2022.0,38,38.0
15046143,Male,2022.0,38,38.0
15081717,Male,2022.0,38,38.0
15156813,Male,2022.0,38,38.0
15071217,Male,2022.0,38,38.0
15108429,Male,2022.0,38,38.0
15139299,Male,2022.0,38,38.0
14948661,Male,123.0,38,38.0
15092161,Male,25.0,38,25.0
15100813,Male,28.0,38,28.0
14996079,Male,26.0,38,26.0
15067647,Male,47.0,38,47.0
15000293,Male,36.0,38,36.0
15140811,Male,32.0,38,32.0
15147475,Male,29.0,38,29.0
15058799,Male,24.0,38,24.0
15013719,Male,2022.0,38,38.0
15168853,Male,2022.0,38,38.0
15075197,Male,2022.0,38,38.0
15118041,Female,2022.0,38,38.0
14928977,Male,2022.0,38,38.0
15020076,Male,2022.0,38,38.0
15103095,Male,123.0,38,38.0
14977263,Male,24.0,38,24.0
14952483,Male,37.0,38,37.0
15164163,Female,29.0,38,29.0
14941759,Male,26.0,38,26.0
15131893,Female,24.0,38,24.0
15124053,Male,36.0,38,36.0
14928101,Male,44.0,38,44.0
14916699,Female,2022.0,38,38.0
15027397,Female,2022.0,38,38.0
15105629,Male,2022.0,38,38.0
15081948,Male,2022.0,38,38.0
14933546,Male,2022.0,38,38.0
14994287,Male,2022.0,38,38.0
15041705,Female,123.0,38,38.0
15073345,Male,123.0,38,38.0
14913605,Male,123.0,38,38.0
14577885,Female,26.0,39,26.0
14592235,Female,25.0,39,25.0
14561155,Male,28.0,39,28.0
14618289,Male,36.0,39,36.0
14531804,Male,33.0,39,33.0
14800541,Male,23.0,39,23.0
14546595,Male,33.0,39,33.0
14775061,Female,22.0,39,22.0
14909685,Male,31.0,39,31.0
14559069,Male,28.0,39,28.0
14504035,Male,31.0,39,31.0
14790073,Male,26.0,39,26.0
14757120,Male,30.0,39,30.0
14819147,Male,33.0,39,33.0
14576673,Female,2022.0,39,39.0
14904729,Male,2022.0,39,39.0
14642873,Female,2022.0,39,39.0
14853811,Male,2022.0,39,39.0
14773199,Female,2022.0,39,39.0
14909125,Male,2022.0,39,39.0
14745983,Male,2022.0,39,39.0
14903231,Male,2022.0,39,39.0
14825307,Male,2022.0,39,39.0
14765065,Male,2022.0,39,39.0
14832265,Female,123.0,39,39.0
14583625,Female,123.0,39,39.0
14523355,Female,34.0,39,34.0
14845873,Male,34.0,39,34.0
14898681,Male,123.0,39,39.0
14583961,Male,31.0,39,31.0
14777394,Male,24.0,39,24.0
14556703,Male,40.0,39,40.0
14562569,Male,24.0,39,24.0
14539245,Male,26.0,39,26.0
14636629,Female,26.0,39,26.0
14780857,Male,39.0,39,39.0
14750449,Male,25.0,39,25.0
14520933,Male,2022.0,39,39.0
14532931,Male,2022.0,39,39.0
14538545,Male,2022.0,39,39.0
14563199,Male,2022.0,39,39.0
14531099,Female,2022.0,39,39.0
14885493,Male,2022.0,39,39.0
14865249,Female,123.0,39,39.0
14819875,Male,123.0,39,39.0
14593719,Female,123.0,39,39.0
14805483,Female,28.0,39,28.0
14511861,Male,27.0,39,27.0
14891359,Male,29.0,39,29.0
14790839,Female,22.0,39,22.0
14913034,Male,28.0,39,28.0
14830501,Male,24.0,39,24.0
14757981,Male,32.0,39,32.0
14791595,Male,31.0,39,31.0
14726761,Female,2022.0,39,39.0
14751541,Male,2022.0,39,39.0
14845901,Female,2022.0,39,39.0
14798931,Male,2022.0,39,39.0
14821583,Male,2022.0,39,39.0
14901509,Male,2022.0,39,39.0
14703311,Male,2022.0,39,39.0
14521115,Male,123.0,39,39.0
14841379,Male,123.0,39,39.0
14848071,Male,123.0,39,39.0
14754551,Male,123.0,39,39.0
14593005,Male,123.0,39,39.0
14906367,Female,123.0,39,39.0
14539455,Male,123.0,39,39.0
14752283,Male,24.0,39,24.0
14561897,Male,35.0,39,35.0
14911057,Female,25.0,39,25.0
14724731,Female,35.0,39,35.0
14596351,Male,25.0,39,25.0
14559167,Male,31.0,39,31.0
14877877,Male,50.0,39,50.0
14647241,Male,40.0,39,40.0
14761355,Male,122.0,39,39.0
14684509,Male,2022.0,39,39.0
14668084,Female,2022.0,39,39.0
14580559,Male,2022.0,39,39.0
14670957,Male,2022.0,39,39.0
14748321,Male,2022.0,39,39.0
14769909,Female,2022.0,39,39.0
14728889,Male,2022.0,39,39.0
14714637,Male,2022.0,39,39.0
14853447,Male,2022.0,39,39.0
14583079,Female,2022.0,39,39.0
14555877,Male,2022.0,39,39.0
14781865,Male,2022.0,39,39.0
14719467,Male,2022.0,39,39.0
14735827,Female,123.0,39,39.0
14604471,Male,123.0,39,39.0
14520219,Male,123.0,39,39.0
14557431,Female,123.0,39,39.0
14818853,Female,27.0,39,27.0
14514115,Male,34.0,39,34.0
14598199,Female,46.0,39,46.0
14733873,Male,36.0,39,36.0
14790909,Female,33.0,39,33.0
14757393,Male,28.0,39,28.0
14787633,Male,33.0,39,33.0
14668199,Male,38.0,39,38.0
14829241,Male,2022.0,39,39.0
14790559,Female,2022.0,39,39.0
14728119,Male,2022.0,39,39.0
14606165,Female,2022.0,39,39.0
14599193,Male,2022.0,39,39.0
14580615,Male,2022.0,39,39.0
14719537,Female,123.0,39,39.0
14768845,Male,123.0,39,39.0
14863163,Male,123.0,39,39.0
14608139,Female,28.0,39,28.0
14589295,Male,22.0,39,22.0
14525133,Female,29.0,39,29.0
14790517,Male,51.0,39,51.0
14545839,Male,29.0,39,29.0
14761719,Male,2022.0,39,39.0
14624393,Male,2022.0,39,39.0
14851319,Male,2022.0,39,39.0
14502621,Male,2022.0,39,39.0
14903539,Female,2022.0,39,39.0
14867923,Male,2022.0,39,39.0
14777181,Male,2022.0,39,39.0
14503293,Male,2022.0,39,39.0
14712061,Male,2022.0,39,39.0
14861287,Male,2022.0,39,39.0
14530943,Male,2022.0,39,39.0
14881895,Male,2022.0,39,39.0
14564445,Female,123.0,39,39.0
14847035,Male,123.0,39,39.0
14904421,Male,123.0,39,39.0
14895615,Male,25.0,39,25.0
14729379,Male,23.0,39,23.0
14589337,Male,22.0,39,22.0
14566195,Male,44.0,39,44.0
14684253,Female,33.0,39,33.0
14824327,Female,26.0,39,26.0
14576975,Male,2022.0,39,39.0
14526267,Female,2022.0,39,39.0
14771687,Female,2022.0,39,39.0
14888363,Male,2022.0,39,39.0
14824159,Male,2022.0,39,39.0
14856863,Male,2022.0,39,39.0
14637155,Male,2022.0,39,39.0
14721399,Female,2022.0,39,39.0
14752409,Male,2022.0,39,39.0
14854679,Female,123.0,39,39.0
14869477,Male,123.0,39,39.0
14765774,Male,123.0,39,39.0
14894201,Female,123.0,39,39.0
14575001,Male,123.0,39,39.0
14735987,Male,123.0,39,39.0
14565999,Female,38.0,39,38.0
14526827,Female,42.0,39,42.0
14836143,Female,45.0,39,45.0
14560595,Male,34.0,39,34.0
14612087,Male,25.0,39,25.0
14856107,Male,24.0,39,24.0
14579845,Female,27.0,39,27.0
14727167,Female,30.0,39,30.0
14520239,Female,63.0,39,63.0
14805975,Male,2022.0,39,39.0
14729184,Male,2022.0,39,39.0
14826385,Male,2022.0,39,39.0
14594825,Male,2022.0,39,39.0
14875735,Female,2022.0,39,39.0
14515683,Male,2022.0,39,39.0
14504441,Male,2022.0,39,39.0
14844151,Female,2022.0,39,39.0
14761565,Male,2022.0,39,39.0
14541989,Male,2022.0,39,39.0
14778211,Male,2022.0,39,39.0
14828807,Female,123.0,39,39.0
14765989,Female,123.0,39,39.0
14550165,Female,123.0,39,39.0
14519533,Male,123.0,39,39.0
14827057,Male,123.0,39,39.0
14814051,Male,123.0,39,39.0
14599697,Female,123.0,39,39.0
14809753,Male,28.0,39,28.0
14780829,Male,39.0,39,39.0
14801465,Male,32.0,39,32.0
14866327,Female,23.0,39,23.0
14623665,Male,35.0,39,35.0
14814233,Female,36.0,39,36.0
14894803,Male,25.0,39,25.0
14589379,Male,56.0,39,56.0
14761103,Male,29.0,39,29.0
14836987,Male,28.0,39,28.0
14806029,Male,24.0,39,24.0
14851449,Female,2022.0,39,39.0
14864773,Female,2022.0,39,39.0
14760165,Male,2022.0,39,39.0
14723387,Male,2022.0,39,39.0
14869279,Male,2022.0,39,39.0
14912513,Female,2022.0,39,39.0
14603323,Male,2022.0,39,39.0
14524167,Male,2022.0,39,39.0
14538055,Male,2022.0,39,39.0
14513667,Female,2022.0,39,39.0
14570372,Male,2022.0,39,39.0
14721875,Male,2022.0,39,39.0
14551271,Female,2022.0,39,39.0
14562009,Female,123.0,39,39.0
14563762,Female,123.0,39,39.0
14877513,Female,123.0,39,39.0
14747593,Male,123.0,39,39.0
14781389,Male,123.0,39,39.0
14878689,Female,27.0,39,27.0
14536370,Male,26.0,39,26.0
14547127,Male,31.0,39,31.0
14607621,Male,31.0,39,31.0
14766528,Male,26.0,39,26.0
14668283,Male,33.0,39,33.0
14582336,Male,24.0,39,24.0
14581637,Female,36.0,39,36.0
14906286,Female,2022.0,39,39.0
14526995,Male,2022.0,39,39.0
14778911,Female,2022.0,39,39.0
14786093,Female,2022.0,39,39.0
14706349,Male,2022.0,39,39.0
14567931,Male,2022.0,39,39.0
14811545,Male,2022.0,39,39.0
14885045,Male,2022.0,39,39.0
14880649,Male,2022.0,39,39.0
14526687,Male,2022.0,39,39.0
14564137,Male,123.0,39,39.0
14883645,Male,123.0,39,39.0
14530257,Female,123.0,39,39.0
14519547,Female,123.0,39,39.0
14695989,Male,123.0,39,39.0
14893207,Male,30.0,39,30.0
14752003,Male,30.0,39,30.0
14537799,Male,28.0,39,28.0
14568491,Female,30.0,39,30.0
14779233,Female,29.0,39,29.0
14690655,Female,27.0,39,27.0
14542087,Female,39.0,39,39.0
14851991,Female,23.0,39,23.0
14534933,Male,2022.0,39,39.0
14844025,Male,2022.0,39,39.0
14787926,Male,2022.0,39,39.0
14540911,Female,2022.0,39,39.0
14604429,Female,2022.0,39,39.0
14740075,Male,2022.0,39,39.0
14901733,Female,2022.0,39,39.0
14757869,Male,2022.0,39,39.0
14516719,Male,2022.0,39,39.0
14713153,Male,123.0,39,39.0
14817817,Female,123.0,39,39.0
14872081,Female,123.0,39,39.0
14534765,Male,123.0,39,39.0
14561953,Male,123.0,39,39.0
14545405,Female,123.0,39,39.0
14524559,Male,29.0,39,29.0
14881139,Female,41.0,39,41.0
14897001,Female,34.0,39,34.0
14668017,Female,50.0,39,50.0
14771449,Male,26.0,39,26.0
14608811,Female,41.0,39,41.0
14802025,Male,27.0,39,27.0
14608041,Male,120.0,39,39.0
14505015,Female,27.0,39,27.0
14833945,Male,52.0,39,52.0
14519729,Male,32.0,39,32.0
14556409,Male,2022.0,39,39.0
14859523,Female,2022.0,39,39.0
14564991,Male,2022.0,39,39.0
14548401,Male,2022.0,39,39.0
14547561,Female,2022.0,39,39.0
14885423,Female,2022.0,39,39.0
14814197,Male,2022.0,39,39.0
14823725,Male,2022.0,39,39.0
14897351,Male,2022.0,39,39.0
14529641,Male,2022.0,39,39.0
14722015,Male,2022.0,39,39.0
14753067,Male,2022.0,39,39.0
14789887,Male,123.0,39,39.0
14776979,Male,123.0,39,39.0
14623707,Male,123.0,39,39.0
14803943,Male,123.0,39,39.0
14819931,Female,26.0,39,26.0
14579187,Male,28.0,39,28.0
14787367,Female,25.0,39,25.0
14721245,Female,23.0,39,23.0
14876435,Female,31.0,39,31.0
14814919,Male,26.0,39,26.0
14574623,Male,2022.0,39,39.0
14600901,Male,2022.0,39,39.0
14783559,Female,2022.0,39,39.0
14588427,Male,2022.0,39,39.0
14880561,Female,2022.0,39,39.0
14894691,Male,2022.0,39,39.0
14772723,Male,2022.0,39,39.0
14606249,Female,2022.0,39,39.0
14644161,Male,2022.0,39,39.0
14868329,Male,2022.0,39,39.0
14535605,Male,2022.0,39,39.0
14768537,Male,2022.0,39,39.0
14743659,Male,123.0,39,39.0
14509061,Male,123.0,39,39.0
14888531,Female,123.0,39,39.0
14513737,Male,123.0,39,39.0
14534275,Male,123.0,39,39.0
14611177,Male,28.0,39,28.0
14738913,Female,54.0,39,54.0
14518693,Male,33.0,39,33.0
14610841,Female,38.0,39,38.0
14761593,Female,46.0,39,46.0
14842345,Female,39.0,39,39.0
14881741,Female,37.0,39,37.0
14749413,Male,39.0,39,39.0
14794927,Male,41.0,39,41.0
14640787,Male,2022.0,39,39.0
14846293,Male,2022.0,39,39.0
14573097,Male,2022.0,39,39.0
14782831,Male,2022.0,39,39.0
14537439,Male,2022.0,39,39.0
14908313,Female,2022.0,39,39.0
14597513,Female,2022.0,39,39.0
14573475,Female,2022.0,39,39.0
14862393,Female,2022.0,39,39.0
14825181,Male,2022.0,39,39.0
14908005,Male,2022.0,39,39.0
14868735,Female,2022.0,39,39.0
14799687,Male,2022.0,39,39.0
14787955,Male,2022.0,39,39.0
14802753,Male,2022.0,39,39.0
14883407,Male,2022.0,39,39.0
14833595,Male,2022.0,39,39.0
14791287,Female,123.0,39,39.0
14502467,Female,123.0,39,39.0
14767809,Male,123.0,39,39.0
14577419,Male,123.0,39,39.0
14889175,Male,123.0,39,39.0
14529770,Male,25.0,39,25.0
14809207,Male,28.0,39,28.0
14821779,Male,24.0,39,24.0
14749803,Female,21.0,39,21.0
14842639,Male,25.0,39,25.0
14589855,Male,29.0,39,29.0
14876908,Female,28.0,39,28.0
14590301,Male,24.0,39,24.0
14771617,Female,37.0,39,37.0
14568435,Male,39.0,39,39.0
14722939,Female,38.0,39,38.0
14565943,Male,25.0,39,25.0
14867755,Male,30.0,39,30.0
14741307,Male,2022.0,39,39.0
14601167,Male,2022.0,39,39.0
14811209,Male,2022.0,39,39.0
14547393,Female,2022.0,39,39.0
14540239,Male,2022.0,39,39.0
14765205,Male,2022.0,39,39.0
14696283,Male,2022.0,39,39.0
14567412,Female,123.0,39,39.0
14507661,Male,123.0,39,39.0
14794423,Male,24.0,39,24.0
14764462,Male,2022.0,39,39.0
14794549,Male,2022.0,39,39.0
14828289,Male,2022.0,39,39.0
14526925,Male,2022.0,39,39.0
14737219,Male,2022.0,39,39.0
14733061,Male,2022.0,39,39.0
14603953,Female,2022.0,39,39.0
14568953,Male,2022.0,39,39.0
14778463,Male,2022.0,39,39.0
14860405,Male,2022.0,39,39.0
14503531,Male,123.0,39,39.0
14607901,Female,123.0,39,39.0
14794563,Female,30.0,39,30.0
14692839,Male,52.0,39,52.0
14841211,Female,58.0,39,58.0
14820659,Male,22.0,39,22.0
14762713,Male,25.0,39,25.0
14532539,Female,35.0,39,35.0
14829157,Male,33.0,39,33.0
14719170,Male,123.0,39,39.0
14734741,Male,29.0,39,29.0
14731969,Male,123.0,39,39.0
14786625,Male,26.0,39,26.0
14894649,Female,30.0,39,30.0
14537593,Male,2022.0,39,39.0
14820799,Male,2022.0,39,39.0
14844403,Male,2022.0,39,39.0
14854231,Male,2022.0,39,39.0
14789901,Male,2022.0,39,39.0
14611257,Female,2022.0,39,39.0
14751275,Male,2022.0,39,39.0
14864059,Male,2022.0,39,39.0
14823641,Male,2022.0,39,39.0
14742917,Female,2022.0,39,39.0
14724143,Male,2022.0,39,39.0
14644049,Male,2022.0,39,39.0
14820477,Male,2022.0,39,39.0
14748111,Male,2022.0,39,39.0
14576863,Male,123.0,39,39.0
14568407,Male,123.0,39,39.0
14743883,Male,34.0,39,34.0
14546721,Female,29.0,39,29.0
14863919,Female,54.0,39,54.0
14739543,Male,30.0,39,30.0
14552531,Female,34.0,39,34.0
14580349,Male,28.0,39,28.0
14818643,Male,25.0,39,25.0
14741937,Female,44.0,39,44.0
14711487,Male,33.0,39,33.0
14846013,Male,25.0,39,25.0
14711459,Male,29.0,39,29.0
14667919,Male,2022.0,39,39.0
14762027,Male,2022.0,39,39.0
14748279,Male,2022.0,39,39.0
14828555,Male,2022.0,39,39.0
14726425,Male,2022.0,39,39.0
14742654,Male,2022.0,39,39.0
14844935,Male,2022.0,39,39.0
14844966,Male,2022.0,39,39.0
14712490,Male,2022.0,39,39.0
14766745,Male,2022.0,39,39.0
14522655,Female,2022.0,39,39.0
14776391,Male,2022.0,39,39.0
14777506,Male,2022.0,39,39.0
14613333,Male,2022.0,39,39.0
14745899,Male,2022.0,39,39.0
14550025,Male,2022.0,39,39.0
14504245,Male,123.0,39,39.0
14511539,Male,42.0,39,42.0
14563759,Male,53.0,39,53.0
14833455,Female,33.0,39,33.0
14620053,Male,25.0,39,25.0
14524405,Male,30.0,39,30.0
14660709,Male,29.0,39,29.0
14752801,Male,40.0,39,40.0
14810285,Male,30.0,39,30.0
14800555,Female,32.0,39,32.0
14868707,Male,23.0,39,23.0
14568056,Male,2022.0,39,39.0
14903049,Female,2022.0,39,39.0
14876897,Male,2022.0,39,39.0
14578431,Male,2022.0,39,39.0
14639577,Male,2022.0,39,39.0
14697767,Female,2022.0,39,39.0
14869851,Male,2022.0,39,39.0
14607495,Male,2022.0,39,39.0
14529809,Male,123.0,39,39.0
14881069,Male,33.0,39,33.0
14544033,Male,34.0,39,34.0
14537131,Male,49.0,39,49.0
14843737,Male,30.0,39,30.0
14733733,Male,35.0,39,35.0
14838145,Male,36.0,39,36.0
14562429,Female,32.0,39,32.0
14588119,Male,29.0,39,29.0
14549075,Female,31.0,39,31.0
14779275,Male,33.0,39,33.0
14813715,Male,123.0,39,39.0
14906843,Male,2022.0,39,39.0
14527009,Male,2022.0,39,39.0
14796831,Male,2022.0,39,39.0
14551159,Male,2022.0,39,39.0
14856905,Female,2022.0,39,39.0
14532847,Male,2022.0,39,39.0
14877041,Male,2022.0,39,39.0
14874489,Male,123.0,39,39.0
14770091,Male,123.0,39,39.0
14547743,Female,123.0,39,39.0
14883840,Female,123.0,39,39.0
14827603,Female,123.0,39,39.0
14868385,Female,123.0,39,39.0
14571445,Male,124.0,39,39.0
14553329,Male,22.0,39,22.0
14883463,Male,30.0,39,30.0
14538727,Male,31.0,39,31.0
14519323,Male,24.0,39,24.0
14758051,Female,23.0,39,23.0
14866747,Male,25.0,39,25.0
14778054,Male,32.0,39,32.0
14743253,Male,35.0,39,35.0
14820281,Female,30.0,39,30.0
14910245,Male,27.0,39,27.0
14749567,Male,28.0,39,28.0
14581609,Male,41.0,39,41.0
14737121,Male,31.0,39,31.0
14546833,Male,2022.0,39,39.0
14797881,Female,2022.0,39,39.0
14719622,Male,2022.0,39,39.0
14884527,Male,123.0,39,39.0
14601503,Male,50.0,39,50.0
14721819,Male,30.0,39,30.0
14781823,Male,28.0,39,28.0
14738899,Male,24.0,39,24.0
14534205,Female,54.0,39,54.0
14864595,Female,24.0,39,24.0
14517111,Male,43.0,39,43.0
14764785,Male,29.0,39,29.0
14513065,Female,43.0,39,43.0
14508599,Male,2022.0,39,39.0
14761845,Male,2022.0,39,39.0
14849611,Male,2022.0,39,39.0
14557235,Male,2022.0,39,39.0
14739683,Male,2022.0,39,39.0
14604541,Male,2022.0,39,39.0
14783657,Male,2022.0,39,39.0
14575029,Male,2022.0,39,39.0
14530551,Male,2022.0,39,39.0
14604611,Female,123.0,39,39.0
14748517,Male,123.0,39,39.0
14860042,Male,27.0,39,27.0
14512183,Male,24.0,39,24.0
14888797,Male,44.0,39,44.0
14796859,Female,42.0,39,42.0
14797237,Male,22.0,39,22.0
14600663,Male,26.0,39,26.0
14866971,Female,33.0,39,33.0
14805721,Male,34.0,39,34.0
14574469,Male,2022.0,39,39.0
14502047,Male,2022.0,39,39.0
14599991,Male,2022.0,39,39.0
14609623,Female,2022.0,39,39.0
14904239,Female,2022.0,39,39.0
14847945,Male,2022.0,39,39.0
14791273,Male,2022.0,39,39.0
14874965,Male,2022.0,39,39.0
14845173,Male,2022.0,39,39.0
14607425,Male,2022.0,39,39.0
14602917,Female,2022.0,39,39.0
14804643,Male,2022.0,39,39.0
14790965,Male,2022.0,39,39.0
14817159,Male,2022.0,39,39.0
14512561,Male,123.0,39,39.0
14904197,Male,123.0,39,39.0
14584465,Female,33.0,39,33.0
14567497,Male,42.0,39,42.0
14579229,Male,24.0,39,24.0
14800135,Male,29.0,39,29.0
14810033,Female,39.0,39,39.0
14682395,Female,33.0,39,33.0
14587545,Male,33.0,39,33.0
14534149,Male,36.0,39,36.0
14591507,Male,30.0,39,30.0
14903735,Male,2022.0,39,39.0
14571431,Male,2022.0,39,39.0
14554595,Male,2022.0,39,39.0
14823375,Female,2022.0,39,39.0
14900795,Male,2022.0,39,39.0
14729449,Male,2022.0,39,39.0
14753739,Male,2022.0,39,39.0
14838495,Female,2022.0,39,39.0
14536333,Male,2022.0,39,39.0
14603100,Male,123.0,39,39.0
14559783,Female,123.0,39,39.0
14568547,Male,123.0,39,39.0
14908719,Male,123.0,39,39.0
14738633,Male,123.0,39,39.0
14296541,Male,28.0,40,28.0
14384419,Male,29.0,40,29.0
14474439,Male,31.0,40,31.0
14489489,Male,30.0,40,30.0
14408359,Female,2022.0,40,40.0
14338989,Male,123.0,40,40.0
14365659,Male,123.0,40,40.0
14496643,Female,25.0,40,25.0
14353760,Female,32.0,40,32.0
14478695,Male,31.0,40,31.0
14375978,Male,26.0,40,26.0
14303191,Female,31.0,40,31.0
14472056,Male,26.0,40,26.0
14335335,Male,2022.0,40,40.0
14457583,Male,2022.0,40,40.0
14328524,Male,2022.0,40,40.0
14470029,Male,2022.0,40,40.0
14312529,Male,2022.0,40,40.0
14439201,Male,2022.0,40,40.0
14417501,Male,123.0,40,40.0
14411159,Male,123.0,40,40.0
14476637,Male,123.0,40,40.0
14331149,Male,123.0,40,40.0
14379869,Male,123.0,40,40.0
14296359,Female,26.0,40,26.0
14501753,Female,33.0,40,33.0
14365295,Male,26.0,40,26.0
14497651,Male,27.0,40,27.0
14328573,Male,26.0,40,26.0
14333711,Female,2022.0,40,40.0
14500829,Male,2022.0,40,40.0
14422793,Male,2022.0,40,40.0
14395885,Male,2022.0,40,40.0
14408205,Male,2022.0,40,40.0
14333921,Male,2022.0,40,40.0
14331737,Male,2022.0,40,40.0
14351813,Male,2022.0,40,40.0
14399329,Female,2022.0,40,40.0
14327523,Male,2022.0,40,40.0
14475321,Male,123.0,40,40.0
14338597,Male,123.0,40,40.0
14353577,Male,123.0,40,40.0
14308681,Male,33.0,40,33.0
14443919,Male,24.0,40,24.0
14425243,Male,35.0,40,35.0
14373247,Male,24.0,40,24.0
14451409,Male,2022.0,40,40.0
14410193,Female,2022.0,40,40.0
14443107,Male,2022.0,40,40.0
14326837,Female,2022.0,40,40.0
14372295,Male,2022.0,40,40.0
14385917,Male,2022.0,40,40.0
14286839,Female,2022.0,40,40.0
14372435,Female,2022.0,40,40.0
14297981,Male,2022.0,40,40.0
14316309,Male,2022.0,40,40.0
14488663,Male,2022.0,40,40.0
14462322,Male,2022.0,40,40.0
14465129,Male,123.0,40,40.0
14401681,Male,44.0,40,44.0
14323225,Male,48.0,40,48.0
14468965,Male,30.0,40,30.0
14289051,Male,25.0,40,25.0
14367199,Male,36.0,40,36.0
14461727,Male,2022.0,40,40.0
14453231,Male,2022.0,40,40.0
14486843,Male,2022.0,40,40.0
14288883,Male,2022.0,40,40.0
14479647,Male,123.0,40,40.0
14492924,Male,123.0,40,40.0
14295659,Male,123.0,40,40.0
14433293,Male,123.0,40,40.0
14419391,Female,29.0,40,29.0
14415849,Male,43.0,40,43.0
14321405,Female,51.0,40,51.0
14411901,Male,29.0,40,29.0
14479129,Female,29.0,40,29.0
14494613,Male,46.0,40,46.0
14451465,Male,33.0,40,33.0
14474515,Female,2022.0,40,40.0
14486801,Male,2022.0,40,40.0
14415485,Female,2022.0,40,40.0
14292635,Female,2022.0,40,40.0
14299901,Male,2022.0,40,40.0
14396319,Male,2022.0,40,40.0
14416655,Male,2022.0,40,40.0
14378469,Male,123.0,40,40.0
14391461,Male,46.0,40,46.0
14334047,Male,35.0,40,35.0
14423437,Male,27.0,40,27.0
14416031,Male,27.0,40,27.0
14459529,Female,42.0,40,42.0
14352051,Male,25.0,40,25.0
14368921,Female,2022.0,40,40.0
14403403,Female,2022.0,40,40.0
14382221,Male,2022.0,40,40.0
14431854,Male,2022.0,40,40.0
14468069,Female,2022.0,40,40.0
14477491,Male,2022.0,40,40.0
14310415,Male,2022.0,40,40.0
14432047,Male,2022.0,40,40.0
14480809,Male,2022.0,40,40.0
14346535,Male,2022.0,40,40.0
14303443,Male,2022.0,40,40.0
14429625,Male,2022.0,40,40.0
14420119,Male,2022.0,40,40.0
14449659,Male,2022.0,40,40.0
14344701,Male,2022.0,40,40.0
14452627,Male,34.0,40,34.0
14347417,Male,31.0,40,31.0
14409129,Male,33.0,40,33.0
14431501,Male,25.0,40,25.0
14405629,Male,28.0,40,28.0
14460481,Male,2022.0,40,40.0
14332353,Male,2022.0,40,40.0
14420497,Female,2022.0,40,40.0
14377223,Male,2022.0,40,40.0
14414687,Female,2022.0,40,40.0
14462217,Female,2022.0,40,40.0
14451325,Male,2022.0,40,40.0
14289079,Female,123.0,40,40.0
14297465,Female,40.0,40,40.0
14289891,Female,27.0,40,27.0
14353703,Male,29.0,40,29.0
14459613,Male,26.0,40,26.0
14462861,Male,24.0,40,24.0
14388409,Male,23.0,40,23.0
14400267,Male,29.0,40,29.0
14490735,Male,25.0,40,25.0
14493143,Male,22.0,40,22.0
14467635,Male,34.0,40,34.0
14379435,Male,23.0,40,23.0
14471149,Male,29.0,40,29.0
14396347,Male,34.0,40,34.0
14460201,Male,26.0,40,26.0
14296037,Male,2022.0,40,40.0
14373919,Male,2022.0,40,40.0
14427385,Male,2022.0,40,40.0
14439257,Male,2022.0,40,40.0
14418145,Male,2022.0,40,40.0
14381633,Female,2022.0,40,40.0
14332745,Male,2022.0,40,40.0
14487977,Male,2022.0,40,40.0
14348145,Male,2022.0,40,40.0
14302687,Male,2022.0,40,40.0
14414701,Male,29.0,40,29.0
14475139,Female,6.0,40,40.0
14471009,Male,26.0,40,26.0
14450163,Male,27.0,40,27.0
14346129,Male,30.0,40,30.0
14446397,Male,35.0,40,35.0
14344925,Female,35.0,40,35.0
14468265,Male,2022.0,40,40.0
14369775,Male,2022.0,40,40.0
14473249,Female,2022.0,40,40.0
14297423,Male,2022.0,40,40.0
14486465,Male,2022.0,40,40.0
14298543,Male,2022.0,40,40.0
14472969,Male,2022.0,40,40.0
14301021,Female,2022.0,40,40.0
14450205,Male,123.0,40,40.0
14379870,Male,123.0,40,40.0
14435701,Male,123.0,40,40.0
14318360,Male,25.0,40,25.0
14414673,Female,46.0,40,46.0
14364119,Male,25.0,40,25.0
14447503,Female,36.0,40,36.0
14294035,Male,37.0,40,37.0
14445557,Male,30.0,40,30.0
14442407,Female,48.0,40,48.0
14358771,Female,2022.0,40,40.0
14291860,Male,2022.0,40,40.0
14467117,Male,2022.0,40,40.0
14468545,Male,2022.0,40,40.0
14348355,Male,2022.0,40,40.0
14323631,Male,2022.0,40,40.0
14469035,Male,2022.0,40,40.0
14357623,Male,2022.0,40,40.0
14433433,Male,2022.0,40,40.0
14347641,Male,2022.0,40,40.0
14331779,Female,34.0,40,34.0
14306985,Male,32.0,40,32.0
14368443,Male,29.0,40,29.0
14297969,Female,28.0,40,28.0
14305109,Male,62.0,40,62.0
14437507,Male,27.0,40,27.0
14471569,Male,30.0,40,30.0
14454125,Male,2022.0,40,40.0
14360941,Female,2022.0,40,40.0
14480431,Male,2022.0,40,40.0
14363167,Male,2022.0,40,40.0
14352443,Male,2022.0,40,40.0
14390831,Male,2022.0,40,40.0
14297949,Male,2022.0,40,40.0
14375497,Male,2022.0,40,40.0
14427350,Male,2022.0,40,40.0
14500885,Male,123.0,40,40.0
14352121,Male,123.0,40,40.0
14410781,Male,123.0,40,40.0
14441441,Male,123.0,40,40.0
14321041,Male,123.0,40,40.0
14344323,Female,42.0,40,42.0
14372785,Male,31.0,40,31.0
14313733,Male,24.0,40,24.0
14351519,Male,34.0,40,34.0
14471835,Male,36.0,40,36.0
14401401,Male,21.0,40,21.0
14379393,Male,2022.0,40,40.0
14287441,Male,123.0,40,40.0
14356391,Male,123.0,40,40.0
14374143,Female,123.0,40,40.0
14487249,Male,39.0,40,39.0
14408233,Female,49.0,40,49.0
14294245,Male,35.0,40,35.0
14478989,Male,34.0,40,34.0
14459081,Female,32.0,40,32.0
14333487,Male,24.0,40,24.0
14317415,Male,27.0,40,27.0
14302897,Female,27.0,40,27.0
14438249,Male,29.0,40,29.0
14497217,Female,36.0,40,36.0
14489335,Male,31.0,40,31.0
14339409,Male,2022.0,40,40.0
14288650,Female,2022.0,40,40.0
14402927,Female,2022.0,40,40.0
14435585,Female,2022.0,40,40.0
14421379,Female,2022.0,40,40.0
14393617,Male,2022.0,40,40.0
14392861,Male,2022.0,40,40.0
14401835,Male,2022.0,40,40.0
14382039,Female,2022.0,40,40.0
14475573,Male,2022.0,40,40.0
14381395,Male,2022.0,40,40.0
14478667,Male,123.0,40,40.0
14396963,Male,123.0,40,40.0
14480025,Male,123.0,40,40.0
14325171,Male,28.0,40,28.0
14497203,Female,30.0,40,30.0
14403767,Male,24.0,40,24.0
14477057,Female,49.0,40,49.0
14325339,Male,45.0,40,45.0
14458619,Female,45.0,40,45.0
14297017,Female,34.0,40,34.0
14483931,Male,26.0,40,26.0
14495733,Male,2022.0,40,40.0
14452196,Male,2022.0,40,40.0
14498981,Male,2022.0,40,40.0
14487151,Male,2022.0,40,40.0
14436247,Male,2022.0,40,40.0
14491295,Male,2022.0,40,40.0
14314055,Male,2022.0,40,40.0
14403515,Male,2022.0,40,40.0
14395955,Male,2022.0,40,40.0
14298293,Male,2022.0,40,40.0
14323449,Male,123.0,40,40.0
14403809,Male,123.0,40,40.0
14476623,Male,34.0,40,34.0
14492709,Female,37.0,40,37.0
14399777,Male,22.0,40,22.0
14495845,Male,31.0,40,31.0
14368333,Male,2022.0,40,40.0
14487505,Male,2022.0,40,40.0
14312123,Male,2022.0,40,40.0
14307559,Female,2022.0,40,40.0
14452025,Male,2022.0,40,40.0
14477337,Male,2022.0,40,40.0
14462273,Female,2022.0,40,40.0
14402941,Male,123.0,40,40.0
14395521,Female,123.0,40,40.0
14389949,Male,123.0,40,40.0
14304269,Female,41.0,40,41.0
14433307,Male,26.0,40,26.0
14493087,Female,29.0,40,29.0
14346913,Male,24.0,40,24.0
14300181,Female,35.0,40,35.0
14446145,Female,32.0,40,32.0
14384853,Male,25.0,40,25.0
14447475,Male,27.0,40,27.0
14405699,Female,2022.0,40,40.0
14335839,Male,2022.0,40,40.0
14487109,Male,2022.0,40,40.0
14358701,Male,2022.0,40,40.0
14356167,Male,2022.0,40,40.0
14417249,Male,2022.0,40,40.0
14470589,Male,123.0,40,40.0
14348033,Male,123.0,40,40.0
14500955,Female,123.0,40,40.0
14356139,Male,42.0,40,42.0
14404817,Male,30.0,40,30.0
14392833,Male,30.0,40,30.0
14441427,Male,28.0,40,28.0
14399203,Male,2022.0,40,40.0
14314937,Male,123.0,40,40.0
14296667,Male,123.0,40,40.0
14428435,Male,61.0,40,61.0
14304787,Male,2022.0,40,40.0
14475685,Female,2022.0,40,40.0
14424501,Male,2022.0,40,40.0
14484855,Female,2022.0,40,40.0
14333683,Male,2022.0,40,40.0
14453257,Female,123.0,40,40.0
14410627,Male,123.0,40,40.0
14453201,Female,123.0,40,40.0
14465297,Male,30.0,40,30.0
14293013,Male,30.0,40,30.0
14500857,Male,26.0,40,26.0
14444451,Male,2022.0,40,40.0
14360619,Male,2022.0,40,40.0
14361697,Male,2022.0,40,40.0
14370517,Male,2022.0,40,40.0
14380345,Male,2022.0,40,40.0
14288575,Male,2022.0,40,40.0
14319767,Male,30.0,40,30.0
14406343,Male,29.0,40,29.0
14466851,Female,41.0,40,41.0
14497679,Male,33.0,40,33.0
14422373,Male,28.0,40,28.0
14361095,Male,36.0,40,36.0
14392640,Female,58.0,40,58.0
14297773,Female,38.0,40,38.0
14341397,Male,43.0,40,43.0
14302645,Male,34.0,40,34.0
14352737,Male,2022.0,40,40.0
14310793,Male,2022.0,40,40.0
14362439,Male,2022.0,40,40.0
14342769,Female,2022.0,40,40.0
14417263,Male,2022.0,40,40.0
14370419,Male,2022.0,40,40.0
14346661,Male,2022.0,40,40.0
14450905,Male,2022.0,40,40.0
14337813,Male,123.0,40,40.0
14311339,Female,33.0,40,33.0
14444395,Male,31.0,40,31.0
14324443,Female,39.0,40,39.0
14436429,Male,30.0,40,30.0
14329959,Male,30.0,40,30.0
14289275,Female,28.0,40,28.0
14442561,Female,42.0,40,42.0
14376509,Male,28.0,40,28.0
14296611,Male,37.0,40,37.0
14437129,Male,30.0,40,30.0
14367703,Male,2022.0,40,40.0
14385189,Male,2022.0,40,40.0
14442393,Female,2022.0,40,40.0
14451829,Male,2022.0,40,40.0
14294852,Male,2022.0,40,40.0
14305473,Male,2022.0,40,40.0
14494151,Female,2022.0,40,40.0
14427763,Male,123.0,40,40.0
14384797,Female,123.0,40,40.0
14398321,Female,28.0,40,28.0
14359387,Male,30.0,40,30.0
14453927,Male,28.0,40,28.0
14375165,Male,33.0,40,33.0
14313663,Male,23.0,40,23.0
14464443,Female,39.0,40,39.0
14491015,Male,32.0,40,32.0
14447951,Male,2022.0,40,40.0
14308609,Male,2022.0,40,40.0
14424963,Male,2022.0,40,40.0
14305851,Male,2022.0,40,40.0
14332241,Male,2022.0,40,40.0
14301133,Male,2022.0,40,40.0
14484365,Male,2022.0,40,40.0
14308189,Male,2022.0,40,40.0
14352821,Female,123.0,40,40.0
14492471,Male,123.0,40,40.0
14433153,Male,123.0,40,40.0
14367129,Female,55.0,40,55.0
14399749,Male,30.0,40,30.0
14403175,Male,123.0,40,40.0
14359037,Male,118.0,40,40.0
14494543,Male,30.0,40,30.0
14383985,Male,2022.0,40,40.0
14438361,Male,2022.0,40,40.0
14309435,Female,2022.0,40,40.0
14386603,Male,2022.0,40,40.0
14288687,Male,2022.0,40,40.0
14350441,Female,2022.0,40,40.0
14294371,Male,2022.0,40,40.0
14450023,Male,2022.0,40,40.0
14480235,Male,123.0,40,40.0
14416311,Male,123.0,40,40.0
14486003,Female,123.0,40,40.0
14329021,Male,123.0,40,40.0
14177961,Female,43.0,41,43.0
14207529,Male,28.0,41,28.0
14128989,Male,31.0,41,31.0
14162603,Male,25.0,41,25.0
14216853,Male,29.0,41,29.0
14176071,Male,29.0,41,29.0
14235053,Male,67.0,41,67.0
14283367,Male,2022.0,41,41.0
14217595,Male,2022.0,41,41.0
14212709,Male,2022.0,41,41.0
14204351,Male,2022.0,41,41.0
14161035,Male,123.0,41,41.0
14169365,Male,123.0,41,41.0
14209475,Male,123.0,41,41.0
14270781,Male,30.0,41,30.0
14263375,Male,2022.0,41,41.0
14132603,Male,2022.0,41,41.0
14233373,Female,2022.0,41,41.0
14209587,Male,48.0,41,48.0
14266791,Male,25.0,41,25.0
14122633,Male,2022.0,41,41.0
14136700,Male,2022.0,41,41.0
14170891,Male,2022.0,41,41.0
14246771,Male,2022.0,41,41.0
14281449,Male,2022.0,41,41.0
14241315,Male,2022.0,41,41.0
14212471,Male,2022.0,41,41.0
14262227,Male,2022.0,41,41.0
14158990,Male,2022.0,41,41.0
14202265,Male,2022.0,41,41.0
14147525,Male,2022.0,41,41.0
14154525,Male,2022.0,41,41.0
14237363,Male,2022.0,41,41.0
14169379,Male,2022.0,41,41.0
14186809,Male,123.0,41,41.0
14166607,Female,123.0,41,41.0
14267869,Male,123.0,41,41.0
14212891,Male,37.0,41,37.0
14248857,Male,25.0,41,25.0
14122997,Male,2022.0,41,41.0
14130305,Male,2022.0,41,41.0
14141757,Male,2022.0,41,41.0
14133791,Male,2022.0,41,41.0
14282695,Female,2022.0,41,41.0
14242711,Male,123.0,41,41.0
14137991,Male,56.0,41,56.0
14179907,Male,29.0,41,29.0
14208537,Female,123.0,41,41.0
14157759,Male,50.0,41,50.0
14173061,Male,41.0,41,41.0
14225309,Male,29.0,41,29.0
14133203,Male,2022.0,41,41.0
14279937,Male,2022.0,41,41.0
14145117,Male,2022.0,41,41.0
14236481,Male,2022.0,41,41.0
14154063,Male,2022.0,41,41.0
14284823,Male,123.0,41,41.0
14226611,Male,44.0,41,44.0
14258839,Male,25.0,41,25.0
14207067,Male,41.0,41,41.0
14191779,Male,26.0,41,26.0
14284249,Male,29.0,41,29.0
14197455,Male,32.0,41,32.0
14184906,Male,2022.0,41,41.0
14195356,Female,2022.0,41,41.0
14131537,Female,2022.0,41,41.0
14219443,Male,2022.0,41,41.0
14225687,Male,2022.0,41,41.0
14282737,Male,123.0,41,41.0
14268499,Male,123.0,41,41.0
14201719,Male,123.0,41,41.0
14128765,Male,39.0,41,39.0
14202091,Male,24.0,41,24.0
14166117,Female,56.0,41,56.0
14124929,Male,2022.0,41,41.0
14173789,Female,2022.0,41,41.0
14178857,Male,123.0,41,41.0
14244069,Male,123.0,41,41.0
14209517,Male,28.0,41,28.0
14225099,Male,28.0,41,28.0
14215446,Male,2022.0,41,41.0
14155267,Female,2022.0,41,41.0
14277291,Male,2022.0,41,41.0
14239270,Male,2022.0,41,41.0
14151473,Male,2022.0,41,41.0
14217189,Male,2022.0,41,41.0
14255236,Male,123.0,41,41.0
14270190,Male,123.0,41,41.0
14207053,Female,47.0,41,47.0
14251279,Male,26.0,41,26.0
14224392,Female,32.0,41,32.0
14192829,Male,27.0,41,27.0
14269857,Male,120.0,41,41.0
14248661,Male,28.0,41,28.0
14152551,Male,27.0,41,27.0
14265391,Male,2022.0,41,41.0
14199717,Male,2022.0,41,41.0
14280245,Male,2022.0,41,41.0
14153657,Male,2022.0,41,41.0
14193739,Male,2022.0,41,41.0
14225197,Male,2022.0,41,41.0
14225407,Male,2022.0,41,41.0
14172165,Male,2022.0,41,41.0
14201579,Female,123.0,41,41.0
14256599,Male,123.0,41,41.0
14255658,Male,123.0,41,41.0
14217791,Female,29.0,41,29.0
14184065,Male,25.0,41,25.0
14253421,Male,25.0,41,25.0
14141617,Male,28.0,41,28.0
14161693,Male,26.0,41,26.0
14273007,Male,52.0,41,52.0
14166957,Male,2022.0,41,41.0
14155183,Male,2022.0,41,41.0
14265307,Male,2022.0,41,41.0
14181993,Female,2022.0,41,41.0
14211057,Male,2022.0,41,41.0
14142121,Male,2022.0,41,41.0
14209013,Female,2022.0,41,41.0
14150703,Male,2022.0,41,41.0
14251349,Male,30.0,41,30.0
14281785,Female,27.0,41,27.0
14245021,Female,53.0,41,53.0
14223643,Male,30.0,41,30.0
14263305,Male,27.0,41,27.0
14222495,Male,2022.0,41,41.0
14138523,Male,2022.0,41,41.0
14158935,Male,2022.0,41,41.0
14157913,Male,123.0,41,41.0
14261906,Male,44.0,41,44.0
14136577,Male,29.0,41,29.0
14192031,Male,27.0,41,27.0
14135136,Male,27.0,41,27.0
14174475,Male,27.0,41,27.0
14239085,Male,31.0,41,31.0
14231539,Female,2022.0,41,41.0
14269269,Male,2022.0,41,41.0
14155071,Male,2022.0,41,41.0
14269227,Male,2022.0,41,41.0
14200835,Male,2022.0,41,41.0
14237545,Female,2022.0,41,41.0
14266651,Male,2022.0,41,41.0
14239332,Male,123.0,41,41.0
14127323,Female,123.0,41,41.0
14243742,Male,32.0,41,32.0
14220367,Male,31.0,41,31.0
14151501,Male,30.0,41,30.0
14165739,Male,37.0,41,37.0
14159383,Male,25.0,41,25.0
14255507,Female,25.0,41,25.0
14195643,Male,27.0,41,27.0
14173481,Female,28.0,41,28.0
14191681,Female,29.0,41,29.0
14235011,Male,25.0,41,25.0
14123655,Male,2022.0,41,41.0
14180859,Female,2022.0,41,41.0
14195531,Female,2022.0,41,41.0
14201999,Male,2022.0,41,41.0
14173019,Male,123.0,41,41.0
14222565,Female,31.0,41,31.0
14208145,Male,41.0,41,41.0
14282522,Male,27.0,41,27.0
14182301,Male,30.0,41,30.0
14153307,Male,31.0,41,31.0
14165389,Male,24.0,41,24.0
14158431,Female,24.0,41,24.0
14270067,Male,26.0,41,26.0
14187957,Male,26.0,41,26.0
14154427,Female,2022.0,41,41.0
14282485,Male,2022.0,41,41.0
14208439,Female,123.0,41,41.0
14203511,Female,123.0,41,41.0
14125504,Male,123.0,41,41.0
14281981,Female,123.0,41,41.0
14125755,Female,47.0,41,47.0
14216741,Male,30.0,41,30.0
14191961,Male,29.0,41,29.0
14227143,Male,2022.0,41,41.0
14160859,Male,2022.0,41,41.0
14220451,Male,2022.0,41,41.0
14280357,Male,2022.0,41,41.0
14257758,Male,2022.0,41,41.0
14191443,Male,2022.0,41,41.0
14145369,Female,123.0,41,41.0
14267449,Male,123.0,41,41.0
14187299,Male,123.0,41,41.0
14169519,Female,123.0,41,41.0
14281337,Male,30.0,41,30.0
14265699,Male,23.0,41,23.0
14257005,Male,31.0,41,31.0
14246113,Male,35.0,41,35.0
14195881,Male,25.0,41,25.0
14136521,Male,56.0,41,56.0
14169155,Male,26.0,41,26.0
14129283,Male,27.0,41,27.0
14124201,Male,38.0,41,38.0
14234731,Female,32.0,41,32.0
14255983,Female,28.0,41,28.0
14143437,Male,26.0,41,26.0
14175147,Male,2022.0,41,41.0
14253823,Male,2022.0,41,41.0
14208243,Male,2022.0,41,41.0
14127519,Male,123.0,41,41.0
14133049,Male,25.0,41,25.0
14252511,Male,37.0,41,37.0
14207879,Female,29.0,41,29.0
14194383,Male,25.0,41,25.0
14156317,Male,2022.0,41,41.0
14170793,Male,2022.0,41,41.0
14274309,Male,2022.0,41,41.0
14269899,Male,2022.0,41,41.0
14134211,Male,2022.0,41,41.0
14195825,Male,123.0,41,41.0
14187607,Male,123.0,41,41.0
14167881,Male,123.0,41,41.0
14264023,Male,2022.0,41,41.0
14215691,Male,2022.0,41,41.0
14231147,Male,2022.0,41,41.0
14221683,Female,2022.0,41,41.0
14212373,Female,123.0,41,41.0
14264173,Male,123.0,41,41.0
14133219,Male,28.0,41,28.0
14160184,Male,26.0,41,26.0
14165137,Male,26.0,41,26.0
14274592,Male,27.0,41,27.0
14149471,Male,2022.0,41,41.0
14238343,Female,2022.0,41,41.0
14157073,Male,2022.0,41,41.0
14208901,Female,2022.0,41,41.0
14221571,Male,123.0,41,41.0
14261121,Male,123.0,41,41.0
14256333,Male,123.0,41,41.0
14169832,Male,123.0,41,41.0
14158557,Male,123.0,41,41.0
14196385,Female,25.0,41,25.0
14243425,Male,26.0,41,26.0
14218435,Male,2022.0,41,41.0
14151431,Male,2022.0,41,41.0
14162519,Male,123.0,41,41.0
14196959,Female,31.0,41,31.0
14177569,Male,25.0,41,25.0
14227874,Male,29.0,41,29.0
14217581,Male,25.0,41,25.0
14169393,Male,35.0,41,35.0
14223083,Male,27.0,41,27.0
14238203,Female,2022.0,41,41.0
14259651,Male,2022.0,41,41.0
14140273,Male,2022.0,41,41.0
14182833,Male,2022.0,41,41.0
14261989,Male,2022.0,41,41.0
14137795,Male,2022.0,41,41.0
14247667,Male,123.0,41,41.0
14179193,Male,123.0,41,41.0
14282331,Male,123.0,41,41.0
14253423,Female,123.0,41,41.0
14219779,Male,32.0,41,32.0
14183799,Female,40.0,41,40.0
14219933,Male,27.0,41,27.0
14213997,Male,34.0,41,34.0
14271579,Male,2022.0,41,41.0
14126791,Female,2022.0,41,41.0
14194509,Male,2022.0,41,41.0
14228501,Male,2022.0,41,41.0
14137669,Male,2022.0,41,41.0
14268177,Male,2022.0,41,41.0
14255911,Male,2022.0,41,41.0
14229215,Male,2022.0,41,41.0
14123389,Male,2022.0,41,41.0
14252504,Male,123.0,41,41.0
14224735,Male,123.0,41,41.0
14232547,Male,122.0,41,41.0
14215117,Female,26.0,41,26.0
14255325,Male,34.0,41,34.0
14267463,Male,2022.0,41,41.0
14210231,Male,2022.0,41,41.0
14229691,Male,2022.0,41,41.0
14254569,Male,34.0,41,34.0
14248059,Male,29.0,41,29.0
14157871,Male,31.0,41,31.0
14162043,Male,2022.0,41,41.0
14226597,Male,2022.0,41,41.0
14137868,Male,2022.0,41,41.0
14275821,Male,2022.0,41,41.0
14181517,Male,2022.0,41,41.0
14275401,Male,2022.0,41,41.0
14246799,Male,2022.0,41,41.0
14209727,Male,2022.0,41,41.0
14164829,Male,123.0,41,41.0
14072919,Male,31.0,42,31.0
14095557,Male,29.0,42,29.0
13989339,Male,36.0,42,36.0
13968731,Male,2022.0,42,42.0
14023177,Male,2022.0,42,42.0
14078869,Male,2022.0,42,42.0
14038451,Male,2022.0,42,42.0
13969669,Female,2022.0,42,42.0
14091287,Male,2022.0,42,42.0
14021931,Male,123.0,42,42.0
14077189,Male,37.0,42,37.0
14073932,Male,43.0,42,43.0
14086555,Male,40.0,42,40.0
14111307,Male,30.0,42,30.0
13990459,Male,28.0,42,28.0
14079905,Male,33.0,42,33.0
13992209,Male,25.0,42,25.0
14008533,Male,34.0,42,34.0
13985769,Male,28.0,42,28.0
14110285,Male,2022.0,42,42.0
13997473,Male,2022.0,42,42.0
13997683,Male,2022.0,42,42.0
13996829,Male,123.0,42,42.0
14000763,Male,25.0,42,25.0
14109375,Male,30.0,42,30.0
13985979,Male,40.0,42,40.0
14084399,Male,2022.0,42,42.0
14071617,Female,2022.0,42,42.0
14098371,Male,2022.0,42,42.0
14050155,Male,123.0,42,42.0
14099351,Female,123.0,42,42.0
14073367,Male,28.0,42,28.0
14094619,Male,39.0,42,39.0
14020111,Male,34.0,42,34.0
14016779,Male,29.0,42,29.0
14082173,Female,48.0,42,48.0
13983613,Male,28.0,42,28.0
14049102,Male,2022.0,42,42.0
13963313,Female,2022.0,42,42.0
14050281,Male,123.0,42,42.0
13974681,Male,123.0,42,42.0
13983865,Male,123.0,42,42.0
13987547,Male,123.0,42,42.0
14051751,Male,39.0,42,39.0
13970775,Male,31.0,42,31.0
14020517,Female,31.0,42,31.0
14106365,Female,46.0,42,46.0
14018837,Male,36.0,42,36.0
14042021,Male,2022.0,42,42.0
14012229,Male,2022.0,42,42.0
14065835,Male,2022.0,42,42.0
14058849,Male,2022.0,42,42.0
14049777,Male,2022.0,42,42.0
13978559,Male,2022.0,42,42.0
14049469,Male,2022.0,42,42.0
14041293,Male,123.0,42,42.0
13983543,Male,123.0,42,42.0
13965189,Female,33.0,42,33.0
14053193,Male,25.0,42,25.0
14040117,Male,24.0,42,24.0
13997697,Male,26.0,42,26.0
14089257,Male,2022.0,42,42.0
14048391,Male,2022.0,42,42.0
14077483,Female,2022.0,42,42.0
14110019,Male,2022.0,42,42.0
14005439,Male,2022.0,42,42.0
13976389,Male,2022.0,42,42.0
14029015,Male,2022.0,42,42.0
13987281,Male,23.0,42,23.0
14030569,Male,31.0,42,31.0
13966981,Male,29.0,42,29.0
14034475,Male,2022.0,42,42.0
14082593,Male,2022.0,42,42.0
14032445,Male,2022.0,42,42.0
14001421,Male,2022.0,42,42.0
14027097,Male,123.0,42,42.0
13986131,Female,123.0,42,42.0
14032991,Male,44.0,42,44.0
14060641,Male,25.0,42,25.0
14023261,Male,24.0,42,24.0
13991649,Male,27.0,42,27.0
13978643,Male,30.0,42,30.0
14004361,Male,31.0,42,31.0
14058345,Male,50.0,42,50.0
13990481,Male,36.0,42,36.0
14082677,Male,26.0,42,26.0
14033607,Male,2022.0,42,42.0
14107821,Female,2022.0,42,42.0
14109319,Male,2022.0,42,42.0
14016751,Male,2022.0,42,42.0
14010213,Male,2022.0,42,42.0
14057519,Male,2022.0,42,42.0
14056203,Male,2022.0,42,42.0
14118559,Male,123.0,42,42.0
14062125,Male,35.0,42,35.0
14099113,Male,28.0,42,28.0
14113953,Male,2022.0,42,42.0
13974611,Male,2022.0,42,42.0
14077119,Male,2022.0,42,42.0
14001813,Female,2022.0,42,42.0
13992447,Male,123.0,42,42.0
14018921,Male,123.0,42,42.0
13965063,Female,123.0,42,42.0
14022715,Male,25.0,42,25.0
14014231,Male,34.0,42,34.0
14089397,Male,30.0,42,30.0
14081795,Male,29.0,42,29.0
14042483,Male,47.0,42,47.0
14117467,Male,33.0,42,33.0
14007441,Male,26.0,42,26.0
14101871,Male,2022.0,42,42.0
14035791,Male,2022.0,42,42.0
13960527,Female,2022.0,42,42.0
13996241,Male,2022.0,42,42.0
13971433,Male,123.0,42,42.0
13970845,Male,123.0,42,42.0
14056231,Male,123.0,42,42.0
14035105,Male,27.0,42,27.0
13963131,Male,28.0,42,28.0
14030457,Male,31.0,42,31.0
14074599,Male,22.0,42,22.0
14014805,Male,39.0,42,39.0
14067221,Male,46.0,42,46.0
14059549,Male,2022.0,42,42.0
14026971,Female,2022.0,42,42.0
14066829,Male,2022.0,42,42.0
14017815,Male,2022.0,42,42.0
14042469,Female,2022.0,42,42.0
14100121,Male,2022.0,42,42.0
14052409,Male,2022.0,42,42.0
14035679,Male,2022.0,42,42.0
13973883,Male,2022.0,42,42.0
13977887,Male,2022.0,42,42.0
14001295,Male,123.0,42,42.0
14112917,Male,123.0,42,42.0
14050050,Male,26.0,42,26.0
14032375,Male,30.0,42,30.0
14038339,Male,32.0,42,32.0
14032053,Male,31.0,42,31.0
13963775,Female,2022.0,42,42.0
13966752,Male,2022.0,42,42.0
14010955,Male,2022.0,42,42.0
13991070,Male,123.0,42,42.0
14025109,Male,123.0,42,42.0
13982391,Female,27.0,42,27.0
14012470,Male,25.0,42,25.0
13984882,Male,43.0,42,43.0
14052829,Female,24.0,42,24.0
13970551,Female,31.0,42,31.0
14053991,Male,35.0,42,35.0
14086611,Female,46.0,42,46.0
14098637,Male,26.0,42,26.0
14063287,Female,22.0,42,22.0
13968563,Male,2022.0,42,42.0
14038815,Female,2022.0,42,42.0
13978853,Male,2022.0,42,42.0
14054299,Male,2022.0,42,42.0
14074865,Male,123.0,42,42.0
14104349,Male,23.0,42,23.0
14083979,Male,26.0,42,26.0
14006139,Male,27.0,42,27.0
14089271,Male,2022.0,42,42.0
14029001,Male,2022.0,42,42.0
14084133,Male,2022.0,42,42.0
14074245,Male,2022.0,42,42.0
13984901,Male,123.0,42,42.0
14093807,Female,123.0,42,42.0
14119595,Female,21.0,42,21.0
13993539,Female,24.0,42,24.0
14003787,Male,29.0,42,29.0
14046767,Female,36.0,42,36.0
13991747,Male,25.0,42,25.0
14063399,Male,26.0,42,26.0
14110551,Male,25.0,42,25.0
14104027,Male,28.0,42,28.0
14025571,Male,2022.0,42,42.0
14067319,Male,2022.0,42,42.0
14030751,Male,2022.0,42,42.0
14060949,Male,2022.0,42,42.0
14022855,Male,2022.0,42,42.0
14116109,Male,2022.0,42,42.0
14004659,Male,123.0,42,42.0
14118699,Male,22.0,42,22.0
14072583,Male,36.0,42,36.0
14035971,Female,46.0,42,46.0
14073941,Female,2022.0,42,42.0
14010297,Male,2022.0,42,42.0
14018879,Male,2022.0,42,42.0
13999293,Male,2022.0,42,42.0
14045199,Male,2022.0,42,42.0
14031619,Male,2022.0,42,42.0
14028119,Male,2022.0,42,42.0
14063329,Female,28.0,42,28.0
14011445,Male,52.0,42,52.0
14048852,Female,22.0,42,22.0
14057477,Female,2022.0,42,42.0
13998453,Male,2022.0,42,42.0
14023163,Male,2022.0,42,42.0
14093961,Male,29.0,42,29.0
13969711,Male,2022.0,42,42.0
13991075,Female,2022.0,42,42.0
14045371,Male,2022.0,42,42.0
13988485,Male,2022.0,42,42.0
14021483,Male,123.0,42,42.0
14067081,Male,123.0,42,42.0
14053431,Male,123.0,42,42.0
14026383,Male,123.0,42,42.0
14019285,Male,44.0,42,44.0
13998313,Female,42.0,42,42.0
14047061,Male,34.0,42,34.0
13996255,Male,2022.0,42,42.0
14063083,Male,2022.0,42,42.0
13965385,Male,2022.0,42,42.0
14013237,Female,2022.0,42,42.0
14044583,Male,2022.0,42,42.0
14028427,Male,2022.0,42,42.0
13969473,Male,2022.0,42,42.0
14050491,Male,2022.0,42,42.0
13994555,Male,123.0,42,42.0
14015743,Female,32.0,42,32.0
14096495,Female,55.0,42,55.0
13963117,Male,25.0,42,25.0
14005481,Female,25.0,42,25.0
14110453,Male,2022.0,42,42.0
14096761,Female,2022.0,42,42.0
14096341,Male,2022.0,42,42.0
14093023,Male,2022.0,42,42.0
13978307,Female,2022.0,42,42.0
14043141,Female,2022.0,42,42.0
13998495,Male,2022.0,42,42.0
13971405,Male,2022.0,42,42.0
14006307,Male,123.0,42,42.0
14006013,Male,123.0,42,42.0
14112921,Male,24.0,42,24.0
14043911,Female,33.0,42,33.0
14085169,Male,28.0,42,28.0
14066955,Female,2022.0,42,42.0
14004725,Male,2022.0,42,42.0
14013545,Male,2022.0,42,42.0
14117327,Male,2022.0,42,42.0
14106295,Female,2022.0,42,42.0
14078533,Male,2022.0,42,42.0
13984007,Male,123.0,42,42.0
14026803,Male,30.0,42,30.0
14034055,Male,22.0,42,22.0
14023149,Male,32.0,42,32.0
13975102,Female,2022.0,42,42.0
13998663,Male,2022.0,42,42.0
14072863,Male,2022.0,42,42.0
14024759,Female,2022.0,42,42.0
14084847,Female,2022.0,42,42.0
14017986,Male,2022.0,42,42.0
13981513,Male,2022.0,42,42.0
14055097,Male,2022.0,42,42.0
14070399,Male,2022.0,42,42.0
13968693,Male,123.0,42,42.0
14013013,Male,123.0,42,42.0
14043855,Male,123.0,42,42.0
14002387,Male,123.0,42,42.0
14086485,Male,36.0,42,36.0
14004011,Male,27.0,42,27.0
14117873,Male,34.0,42,34.0
14004907,Male,39.0,42,39.0
13987981,Male,23.0,42,23.0
14005817,Male,34.0,42,34.0
14097489,Female,46.0,42,46.0
14010787,Male,34.0,42,34.0
14108661,Male,2022.0,42,42.0
14118867,Male,2022.0,42,42.0
13998537,Male,2022.0,42,42.0
14028441,Female,2022.0,42,42.0
14035595,Male,2022.0,42,42.0
14119133,Male,28.0,42,28.0
14109391,Male,31.0,42,31.0
13960975,Male,30.0,42,30.0
14023905,Male,26.0,42,26.0
14024129,Male,25.0,42,25.0
14043435,Male,2022.0,42,42.0
14048055,Male,2022.0,42,42.0
14036155,Male,2022.0,42,42.0
13968423,Male,2022.0,42,42.0
13986973,Male,123.0,42,42.0
13913613,Male,31.0,43,31.0
13937189,Male,31.0,43,31.0
13839441,Male,123.0,43,43.0
13831937,Male,26.0,43,26.0
13909413,Male,39.0,43,39.0
13818889,Male,32.0,43,32.0
13939891,Female,2022.0,43,43.0
13818819,Female,2022.0,43,43.0
13902805,Male,2022.0,43,43.0
13819799,Female,2022.0,43,43.0
13915993,Male,123.0,43,43.0
13952659,Male,123.0,43,43.0
13871571,Male,43.0,43,43.0
13915321,Female,31.0,43,31.0
13867399,Male,25.0,43,25.0
13932681,Male,38.0,43,38.0
13904345,Male,25.0,43,25.0
13937091,Male,2022.0,43,43.0
13924827,Male,2022.0,43,43.0
13842101,Male,2022.0,43,43.0
13939723,Male,123.0,43,43.0
13907481,Male,25.0,43,25.0
13858337,Male,32.0,43,32.0
13930946,Male,27.0,43,27.0
13932093,Male,24.0,43,24.0
13827499,Female,43.0,43,43.0
13828549,Male,29.0,43,29.0
13860483,Male,2022.0,43,43.0
13838433,Male,2022.0,43,43.0
13842409,Male,2022.0,43,43.0
13876779,Male,2022.0,43,43.0
13952379,Male,2022.0,43,43.0
13848807,Male,2022.0,43,43.0
13831951,Male,123.0,43,43.0
13881595,Male,52.0,43,52.0
13847169,Female,43.0,43,43.0
13852951,Male,31.0,43,31.0
13832889,Female,32.0,43,32.0
13822571,Female,123.0,43,43.0
13828367,Male,2022.0,43,43.0
13935803,Male,2022.0,43,43.0
13952757,Male,2022.0,43,43.0
13851929,Male,2022.0,43,43.0
13918583,Male,2022.0,43,43.0
13958035,Male,2022.0,43,43.0
13851999,Female,2022.0,43,43.0
13953275,Female,123.0,43,43.0
13912871,Male,123.0,43,43.0
13847547,Female,123.0,43,43.0
13930259,Male,43.0,43,43.0
13851439,Female,31.0,43,31.0
13846595,Male,31.0,43,31.0
13836598,Male,31.0,43,31.0
13949117,Male,30.0,43,30.0
13862793,Female,28.0,43,28.0
13825371,Male,123.0,43,43.0
13882855,Male,2022.0,43,43.0
13958399,Male,2022.0,43,43.0
13924295,Male,2022.0,43,43.0
13952771,Male,2022.0,43,43.0
13842087,Male,2022.0,43,43.0
13906991,Male,2022.0,43,43.0
13844817,Female,2022.0,43,43.0
13854659,Male,2022.0,43,43.0
13910015,Female,2022.0,43,43.0
13876569,Male,2022.0,43,43.0
13821857,Female,123.0,43,43.0
13895539,Male,38.0,43,38.0
13908097,Male,31.0,43,31.0
13943391,Male,26.0,43,26.0
13951217,Male,34.0,43,34.0
13933857,Male,49.0,43,49.0
13885823,Female,29.0,43,29.0
13924883,Male,2022.0,43,43.0
13851103,Male,2022.0,43,43.0
13873783,Male,2022.0,43,43.0
13837299,Male,2022.0,43,43.0
13818441,Male,123.0,43,43.0
13847841,Male,37.0,43,37.0
13846133,Male,31.0,43,31.0
13887751,Male,2022.0,43,43.0
13842129,Male,2022.0,43,43.0
13863381,Male,2022.0,43,43.0
13846721,Male,2022.0,43,43.0
13884647,Male,2022.0,43,43.0
13851397,Male,2022.0,43,43.0
13862415,Male,123.0,43,43.0
13835773,Male,123.0,43,43.0
13848345,Male,123.0,43,43.0
13906921,Male,123.0,43,43.0
13891325,Male,123.0,43,43.0
13820205,Male,29.0,43,29.0
13951665,Male,32.0,43,32.0
13893005,Male,29.0,43,29.0
13821549,Male,28.0,43,28.0
13894195,Male,39.0,43,39.0
13943307,Male,2022.0,43,43.0
13845433,Female,2022.0,43,43.0
13886369,Male,2022.0,43,43.0
13934529,Male,2022.0,43,43.0
13842563,Male,123.0,43,43.0
13850907,Female,123.0,43,43.0
13954423,Female,123.0,43,43.0
13957643,Male,123.0,43,43.0
13851481,Male,123.0,43,43.0
13897765,Female,40.0,43,40.0
13848205,Male,31.0,43,31.0
13913053,Female,34.0,43,34.0
13921467,Male,26.0,43,26.0
13884675,Male,2022.0,43,43.0
13848233,Male,2022.0,43,43.0
13884689,Male,2022.0,43,43.0
13879943,Male,2022.0,43,43.0
13814613,Male,2022.0,43,43.0
13895385,Male,123.0,43,43.0
13853581,Male,123.0,43,43.0
13905059,Male,28.0,43,28.0
13819351,Female,33.0,43,33.0
13825003,Male,29.0,43,29.0
13939373,Male,26.0,43,26.0
13883471,Male,24.0,43,24.0
13892683,Male,2022.0,43,43.0
13850389,Female,2022.0,43,43.0
13911835,Male,2022.0,43,43.0
13908832,Male,2022.0,43,43.0
13957881,Male,2022.0,43,43.0
13926997,Male,123.0,43,43.0
13819253,Male,123.0,43,43.0
13859422,Male,123.0,43,43.0
13863087,Female,40.0,43,40.0
13817965,Male,27.0,43,27.0
13905269,Female,45.0,43,45.0
13817419,Male,47.0,43,47.0
13858817,Male,37.0,43,37.0
13914663,Male,31.0,43,31.0
13874665,Male,38.0,43,38.0
13818455,Male,36.0,43,36.0
13848443,Female,32.0,43,32.0
13848765,Male,2022.0,43,43.0
13821605,Male,2022.0,43,43.0
13906095,Male,2022.0,43,43.0
13880013,Male,123.0,43,43.0
13848737,Female,123.0,43,43.0
13845559,Male,25.0,43,25.0
13948025,Male,27.0,43,27.0
13943405,Male,31.0,43,31.0
13829949,Male,26.0,43,26.0
13957531,Male,29.0,43,29.0
13824377,Male,2022.0,43,43.0
13818749,Female,2022.0,43,43.0
13924067,Female,2022.0,43,43.0
13828591,Male,2022.0,43,43.0
13856073,Female,2022.0,43,43.0
13917379,Male,2022.0,43,43.0
13927123,Male,123.0,43,43.0
13882967,Male,31.0,43,31.0
13948767,Male,43.0,43,43.0
13852601,Male,34.0,43,34.0
13906333,Male,26.0,43,26.0
13826883,Male,32.0,43,32.0
13853245,Male,27.0,43,27.0
13892456,Male,27.0,43,27.0
13871417,Male,2022.0,43,43.0
13956131,Male,2022.0,43,43.0
13936937,Male,2022.0,43,43.0
13940619,Female,2022.0,43,43.0
13816481,Male,123.0,43,43.0
13852965,Male,123.0,43,43.0
13932863,Male,29.0,43,29.0
13894083,Male,32.0,43,32.0
13879747,Female,36.0,43,36.0
13958091,Male,26.0,43,26.0
13825791,Male,44.0,43,44.0
13820235,Female,44.0,43,44.0
13879873,Male,2022.0,43,43.0
13868813,Male,2022.0,43,43.0
13906473,Male,2022.0,43,43.0
13841317,Female,2022.0,43,43.0
13918720,Male,2022.0,43,43.0
13881597,Male,2022.0,43,43.0
13878389,Male,2022.0,43,43.0
13862807,Male,123.0,43,43.0
13894321,Female,123.0,43,43.0
13958105,Male,30.0,43,30.0
13899459,Male,40.0,43,40.0
13927599,Male,42.0,43,42.0
13896659,Male,27.0,43,27.0
13834639,Male,2022.0,43,43.0
13843193,Male,2022.0,43,43.0
13815627,Male,2022.0,43,43.0
13918206,Male,2022.0,43,43.0
13837145,Female,2022.0,43,43.0
13855625,Male,2022.0,43,43.0
13834275,Male,2022.0,43,43.0
13832189,Male,2022.0,43,43.0
13876415,Male,2022.0,43,43.0
13939359,Male,123.0,43,43.0
13873083,Male,123.0,43,43.0
13913893,Male,43.0,43,43.0
13857711,Male,25.0,43,25.0
13863266,Male,40.0,43,40.0
13921469,Female,26.0,43,26.0
13922307,Male,31.0,43,31.0
13923917,Male,38.0,43,38.0
13889939,Male,40.0,43,40.0
13833099,Male,2022.0,43,43.0
13942047,Male,2022.0,43,43.0
13833855,Male,2022.0,43,43.0
13869107,Male,2022.0,43,43.0
13861827,Male,2022.0,43,43.0
13907271,Male,2022.0,43,43.0
13929321,Male,2022.0,43,43.0
13887335,Female,2022.0,43,43.0
13870577,Male,123.0,43,43.0
13839889,Male,26.0,43,26.0
13851271,Male,28.0,43,28.0
13822599,Male,37.0,43,37.0
13904093,Male,27.0,43,27.0
13815333,Female,30.0,43,30.0
13883583,Male,25.0,43,25.0
13925025,Male,33.0,43,33.0
13940745,Female,2022.0,43,43.0
13865542,Male,2022.0,43,43.0
13827611,Male,2022.0,43,43.0
13948277,Male,2022.0,43,43.0
13849941,Female,2022.0,43,43.0
13926913,Male,2022.0,43,43.0
13878290,Male,123.0,43,43.0
13956299,Male,123.0,43,43.0
13926087,Male,123.0,43,43.0
13959561,Male,123.0,43,43.0
13823117,Male,123.0,43,43.0
13828941,Male,30.0,43,30.0
13942159,Male,28.0,43,28.0
13954917,Male,26.0,43,26.0
13925779,Male,25.0,43,25.0
13855485,Male,2022.0,43,43.0
13866461,Male,2022.0,43,43.0
13822809,Male,2022.0,43,43.0
13875880,Male,2022.0,43,43.0
13909945,Male,2022.0,43,43.0
13948669,Male,2022.0,43,43.0
13864235,Male,2022.0,43,43.0
13890625,Male,123.0,43,43.0
13870857,Male,123.0,43,43.0
13857641,Male,123.0,43,43.0
13880727,Male,123.0,43,43.0
13924834,Male,28.0,43,28.0
13853637,Male,30.0,43,30.0
13890849,Male,28.0,43,28.0
13821311,Female,26.0,43,26.0
13844537,Male,2022.0,43,43.0
13899935,Male,2022.0,43,43.0
13894039,Female,2022.0,43,43.0
13927291,Male,2022.0,43,43.0
13850291,Male,123.0,43,43.0
13832679,Female,58.0,43,58.0
13831125,Male,31.0,43,31.0
13895581,Female,26.0,43,26.0
13822949,Male,29.0,43,29.0
13915783,Female,25.0,43,25.0
13892734,Male,26.0,43,26.0
13821927,Male,2022.0,43,43.0
13928649,Male,2022.0,43,43.0
13932454,Female,2022.0,43,43.0
13846273,Male,2022.0,43,43.0
13816201,Female,123.0,43,43.0
13946919,Male,123.0,43,43.0
13895217,Male,26.0,43,26.0
13831503,Male,23.0,43,23.0
13842983,Male,2022.0,43,43.0
13921677,Male,2022.0,43,43.0
13910785,Male,2022.0,43,43.0
13822991,Male,2022.0,43,43.0
13835983,Male,123.0,43,43.0
13931449,Male,123.0,43,43.0
13866965,Male,123.0,43,43.0
13856059,Male,23.0,43,23.0
13852937,Female,47.0,43,47.0
13817583,Male,36.0,43,36.0
13870381,Male,33.0,43,33.0
13849745,Male,35.0,43,35.0
13928481,Male,2022.0,43,43.0
13817273,Male,2022.0,43,43.0
13886187,Male,2022.0,43,43.0
13864932,Male,2022.0,43,43.0
13915951,Male,123.0,43,43.0
13891731,Male,123.0,43,43.0
13851873,Male,123.0,43,43.0
13895287,Male,123.0,43,43.0
13814395,Male,29.0,43,29.0
13920767,Male,35.0,43,35.0
13831850,Female,31.0,43,31.0
13817811,Male,39.0,43,39.0
13920501,Male,29.0,43,29.0
13852251,Male,29.0,43,29.0
13848975,Male,44.0,43,44.0
13867735,Female,2022.0,43,43.0
13917421,Male,2022.0,43,43.0
13838489,Male,2022.0,43,43.0
13850515,Male,33.0,43,33.0
13884339,Male,25.0,43,25.0
13840631,Male,29.0,43,29.0
13923301,Female,29.0,43,29.0
13913291,Male,41.0,43,41.0
13906123,Male,30.0,43,30.0
13883794,Female,2022.0,43,43.0
13925961,Male,2022.0,43,43.0
13861365,Male,2022.0,43,43.0
13870269,Male,2022.0,43,43.0
13816607,Male,123.0,43,43.0
13915545,Male,123.0,43,43.0
13838643,Male,123.0,43,43.0
13877479,Male,123.0,43,43.0
13789433,Male,25.0,44,25.0
13686589,Male,32.0,44,32.0
13782811,Male,26.0,44,26.0
13783749,Male,123.0,44,44.0
13805057,Male,123.0,44,44.0
13808865,Male,25.0,44,25.0
13771191,Male,34.0,44,34.0
13693015,Female,33.0,44,33.0
13724751,Male,33.0,44,33.0
13756533,Female,30.0,44,30.0
13799079,Female,2022.0,44,44.0
13813233,Female,2022.0,44,44.0
13739537,Male,123.0,44,44.0
13712909,Male,25.0,44,25.0
13800619,Male,123.0,44,44.0
13802537,Female,32.0,44,32.0
13812289,Male,24.0,44,24.0
13716423,Male,23.0,44,23.0
13800367,Male,24.0,44,24.0
13803335,Male,2022.0,44,44.0
13813205,Female,2022.0,44,44.0
13676593,Male,123.0,44,44.0
13668781,Male,34.0,44,34.0
13746047,Female,48.0,44,48.0
13757863,Male,36.0,44,36.0
13721617,Female,25.0,44,25.0
13733741,Male,28.0,44,28.0
13737717,Male,26.0,44,26.0
13718397,Male,123.0,44,44.0
13800955,Male,37.0,44,37.0
13746789,Male,123.0,44,44.0
13747895,Female,123.0,44,44.0
13790077,Male,123.0,44,44.0
13782572,Male,36.0,44,36.0
13739733,Male,20.0,44,20.0
13704243,Male,38.0,44,38.0
13751353,Male,28.0,44,28.0
13800283,Female,31.0,44,31.0
13723274,Female,27.0,44,27.0
13675221,Male,46.0,44,46.0
13791421,Male,29.0,44,29.0
13758311,Male,28.0,44,28.0
13765171,Female,123.0,44,44.0
13700659,Female,123.0,44,44.0
13688941,Male,22.0,44,22.0
13785737,Male,34.0,44,34.0
13698713,Male,123.0,44,44.0
13794697,Female,32.0,44,32.0
13805799,Male,26.0,44,26.0
13749463,Male,29.0,44,29.0
13670573,Male,24.0,44,24.0
13693001,Male,49.0,44,49.0
13670643,Male,42.0,44,42.0
13806107,Female,2022.0,44,44.0
13812169,Male,2022.0,44,44.0
13796363,Male,123.0,44,44.0
13695185,Male,123.0,44,44.0
13814115,Male,28.0,44,28.0
13689403,Male,33.0,44,33.0
13767971,Female,38.0,44,38.0
13770561,Male,30.0,44,30.0
13694317,Male,48.0,44,48.0
13806807,Female,2022.0,44,44.0
13797105,Male,2022.0,44,44.0
13792037,Male,2022.0,44,44.0
13809649,Male,25.0,44,25.0
13808193,Female,28.0,44,28.0
13686337,Male,28.0,44,28.0
13734959,Male,24.0,44,24.0
13740153,Male,34.0,44,34.0
13793339,Male,22.0,44,22.0
13803433,Male,2022.0,44,44.0
13759879,Male,123.0,44,44.0
13766963,Male,123.0,44,44.0
13783455,Male,123.0,44,44.0
13729261,Male,26.0,44,26.0
13776147,Male,34.0,44,34.0
13702801,Male,30.0,44,30.0
13717907,Male,32.0,44,32.0
13708373,Male,28.0,44,28.0
13686897,Male,27.0,44,27.0
13752249,Male,30.0,44,30.0
13775181,Male,33.0,44,33.0
13765829,Male,36.0,44,36.0
13792583,Male,2022.0,44,44.0
13714477,Male,123.0,44,44.0
13686281,Male,22.0,44,22.0
13798813,Male,27.0,44,27.0
13795495,Male,2022.0,44,44.0
13787004,Male,2022.0,44,44.0
13695142,Male,29.0,44,29.0
13773179,Male,24.0,44,24.0
13669187,Female,27.0,44,27.0
13733531,Male,37.0,44,37.0
13789993,Male,47.0,44,47.0
13767104,Male,29.0,44,29.0
13699791,Male,33.0,44,33.0
13683930,Male,29.0,44,29.0
13800857,Male,2022.0,44,44.0
13708877,Male,123.0,44,44.0
13747181,Male,123.0,44,44.0
13726754,Male,32.0,44,32.0
13764303,Male,41.0,44,41.0
13693939,Male,31.0,44,31.0
13744409,Male,55.0,44,55.0
13703109,Female,123.0,44,44.0
13790203,Male,123.0,44,44.0
13690663,Male,33.0,44,33.0
13776707,Male,37.0,44,37.0
13769735,Male,27.0,44,27.0
13739243,Male,27.0,44,27.0
13787585,Male,39.0,44,39.0
13790273,Male,2022.0,44,44.0
13784981,Male,123.0,44,44.0
13679561,Male,123.0,44,44.0
13672211,Male,47.0,44,47.0
13793801,Female,30.0,44,30.0
13783063,Male,2022.0,44,44.0
13796931,Male,2022.0,44,44.0
13801627,Female,123.0,44,44.0
13716619,Male,22.0,44,22.0
13708387,Male,29.0,44,29.0
13739943,Male,30.0,44,30.0
13788215,Male,30.0,44,30.0
13722695,Male,32.0,44,32.0
13694947,Male,25.0,44,25.0
13802705,Male,32.0,44,32.0
13799093,Female,2022.0,44,44.0
13802495,Male,2022.0,44,44.0
13795663,Male,2022.0,44,44.0
13672379,Male,26.0,44,26.0
13813639,Male,64.0,44,64.0
13701037,Male,23.0,44,23.0
13713245,Male,27.0,44,27.0
13690551,Male,22.0,44,22.0
13752319,Male,28.0,44,28.0
13811973,Male,32.0,44,32.0
13801053,Male,2022.0,44,44.0
13754643,Female,123.0,44,44.0
13723913,Male,26.0,44,26.0
13677489,Male,32.0,44,32.0
13704635,Male,41.0,44,41.0
13790275,Male,43.0,44,43.0
13754811,Male,29.0,44,29.0
13681087,Male,41.0,44,41.0
13755679,Male,22.0,44,22.0
13764793,Male,123.0,44,44.0
13787977,Male,123.0,44,44.0
13776455,Male,29.0,44,29.0
13699926,Male,41.0,44,41.0
13698377,Male,40.0,44,40.0
13724361,Female,47.0,44,47.0
13772955,Male,29.0,44,29.0
13696039,Male,49.0,44,49.0
13729275,Male,33.0,44,33.0
13707211,Male,29.0,44,29.0
13803139,Male,123.0,44,44.0
13793003,Male,123.0,44,44.0
13672813,Female,68.0,44,68.0
13689756,Male,29.0,44,29.0
13773753,Male,32.0,44,32.0
13741973,Female,31.0,44,31.0
13770925,Female,31.0,44,31.0
13712027,Male,30.0,44,30.0
13745879,Male,22.0,44,22.0
13782769,Male,2022.0,44,44.0
13777967,Male,123.0,44,44.0
13680135,Male,123.0,44,44.0
13788355,Female,46.0,44,46.0
13812323,Male,28.0,44,28.0
13678441,Male,33.0,44,33.0
13711929,Male,123.0,44,44.0
13779521,Male,25.0,44,25.0
13734231,Male,27.0,44,27.0
13780781,Male,2022.0,44,44.0
13788271,Male,2022.0,44,44.0
13712783,Male,123.0,44,44.0
13728043,Male,123.0,44,44.0
13693743,Female,42.0,44,42.0
13795355,Male,123.0,44,44.0
13739019,Male,123.0,44,44.0
13799653,Male,28.0,44,28.0
13806051,Male,23.0,44,23.0
13730857,Male,27.0,44,27.0
13757527,Female,33.0,44,33.0
13772185,Male,28.0,44,28.0
13792597,Male,2022.0,44,44.0
13677671,Male,123.0,44,44.0
13655187,Male,37.0,45,37.0
13558797,Male,46.0,45,46.0
13584473,Female,123.0,45,45.0
13665883,Female,43.0,45,43.0
13610247,Female,36.0,45,36.0
13607601,Female,35.0,45,35.0
13533695,Male,22.0,45,22.0
13632353,Male,37.0,45,37.0
13542123,Male,54.0,45,54.0
13620439,Male,57.0,45,57.0
13573441,Male,29.0,45,29.0
13590619,Female,25.0,45,25.0
13634253,Male,35.0,45,35.0
13655509,Male,123.0,45,45.0
13583395,Female,123.0,45,45.0
13551139,Male,40.0,45,40.0
13531427,Male,33.0,45,33.0
13647081,Male,29.0,45,29.0
13576745,Male,33.0,45,33.0
13604437,Male,26.0,45,26.0
13598123,Male,26.0,45,26.0
13586469,Female,123.0,45,45.0
13664077,Female,123.0,45,45.0
13625675,Female,36.0,45,36.0
13539519,Male,29.0,45,29.0
13578243,Male,33.0,45,33.0
13541451,Male,42.0,45,42.0
13601273,Male,35.0,45,35.0
13563193,Male,123.0,45,45.0
13635335,Male,37.0,45,37.0
13599397,Male,27.0,45,27.0
13665197,Male,25.0,45,25.0
13579713,Male,31.0,45,31.0
13576185,Male,32.0,45,32.0
13578411,Female,33.0,45,33.0
13657049,Male,29.0,45,29.0
13581267,Male,24.0,45,24.0
13564733,Male,27.0,45,27.0
13548689,Male,123.0,45,45.0
13640193,Female,123.0,45,45.0
13572727,Male,29.0,45,29.0
13594259,Female,25.0,45,25.0
13573385,Male,39.0,45,39.0
13552063,Male,24.0,45,24.0
13599943,Male,34.0,45,34.0
13609127,Male,43.0,45,43.0
13597549,Male,37.0,45,37.0
13577333,Male,25.0,45,25.0
13640683,Female,38.0,45,38.0
13640571,Male,29.0,45,29.0
13662803,Male,29.0,45,29.0
13634229,Male,123.0,45,45.0
13539454,Male,31.0,45,31.0
13653857,Male,36.0,45,36.0
13573049,Female,41.0,45,41.0
13616407,Male,29.0,45,29.0
13570081,Female,40.0,45,40.0
13564901,Male,38.0,45,38.0
13622497,Male,123.0,45,45.0
13587519,Female,123.0,45,45.0
13582331,Male,35.0,45,35.0
13534985,Male,27.0,45,27.0
13530853,Female,45.0,45,45.0
13649125,Male,25.0,45,25.0
13593881,Male,35.0,45,35.0
13654109,Male,30.0,45,30.0
13618787,Male,27.0,45,27.0
13627439,Male,31.0,45,31.0
13656881,Male,34.0,45,34.0
13566175,Female,45.0,45,45.0
13548465,Male,30.0,45,30.0
13649685,Male,27.0,45,27.0
13555045,Male,43.0,45,43.0
13574015,Male,38.0,45,38.0
13663685,Male,28.0,45,28.0
13546729,Male,123.0,45,45.0
13618871,Male,30.0,45,30.0
13657581,Male,22.0,45,22.0
13529285,Male,26.0,45,26.0
13561837,Male,37.0,45,37.0
13580455,Female,32.0,45,32.0
13551349,Male,28.0,45,28.0
13664147,Male,123.0,45,45.0
13630477,Male,123.0,45,45.0
13557369,Male,28.0,45,28.0
13599761,Male,30.0,45,30.0
13573315,Male,34.0,45,34.0
13593797,Male,32.0,45,32.0
13592817,Male,23.0,45,23.0
13550985,Male,56.0,45,56.0
13606495,Male,41.0,45,41.0
13598025,Male,35.0,45,35.0
13573665,Male,27.0,45,27.0
13586041,Male,123.0,45,45.0
13632788,Male,38.0,45,38.0
13539869,Female,25.0,45,25.0
13613523,Male,37.0,45,37.0
13601007,Male,31.0,45,31.0
13556487,Female,39.0,45,39.0
13571201,Male,33.0,45,33.0
13547331,Male,56.0,45,56.0
13659443,Male,30.0,45,30.0
13658365,Female,24.0,45,24.0
13529845,Male,36.0,45,36.0
13566329,Male,28.0,45,28.0
13627635,Male,31.0,45,31.0
13561471,Male,32.0,45,32.0
13584039,Male,42.0,45,42.0
13657441,Male,123.0,45,45.0
13595981,Male,28.0,45,28.0
13647171,Male,25.0,45,25.0
13562089,Male,28.0,45,28.0
13609575,Male,123.0,45,45.0
13616007,Female,29.0,45,29.0
13645373,Male,29.0,45,29.0
13562549,Male,38.0,45,38.0
13568093,Male,123.0,45,45.0
13588337,Male,29.0,45,29.0
13551063,Male,58.0,45,58.0
13534311,Male,34.0,45,34.0
13618017,Male,123.0,45,45.0
13571495,Female,48.0,45,48.0
13560365,Male,31.0,45,31.0
13565461,Male,28.0,45,28.0
13615441,Male,29.0,45,29.0
13533625,Male,23.0,45,23.0
13599257,Female,27.0,45,27.0
13532295,Male,43.0,45,43.0
13545287,Female,42.0,45,42.0
13597143,Female,33.0,45,33.0
13661879,Male,24.0,45,24.0
13644589,Male,123.0,45,45.0
13407989,Male,57.0,46,57.0
13449359,Male,50.0,46,50.0
13439363,Male,24.0,46,24.0
13417271,Male,30.0,46,30.0
13474965,Male,29.0,46,29.0
13489861,Male,30.0,46,30.0
13485339,Male,123.0,46,46.0
13459999,Male,123.0,46,46.0
13434337,Female,46.0,46,46.0
13399897,Female,40.0,46,40.0
13429059,Male,29.0,46,29.0
13424355,Male,31.0,46,31.0
13468805,Male,28.0,46,28.0
13415465,Female,36.0,46,36.0
13400009,Male,28.0,46,28.0
13455001,Male,123.0,46,46.0
13481349,Male,123.0,46,46.0
13495769,Male,28.0,46,28.0
13476379,Male,27.0,46,27.0
13458347,Male,58.0,46,58.0
13445817,Female,42.0,46,42.0
13459467,Male,28.0,46,28.0
13434827,Male,28.0,46,28.0
13495783,Male,36.0,46,36.0
13480579,Male,27.0,46,27.0
13476757,Male,23.0,46,23.0
13469015,Male,31.0,46,31.0
13406463,Male,33.0,46,33.0
13507263,Male,29.0,46,29.0
13492381,Male,123.0,46,46.0
13507599,Male,123.0,46,46.0
13438803,Male,24.0,46,24.0
13468861,Male,28.0,46,28.0
13436507,Male,29.0,46,29.0
13512779,Male,27.0,46,27.0
13447497,Female,49.0,46,49.0
13458724,Male,33.0,46,33.0
13478717,Male,29.0,46,29.0
13417971,Male,34.0,46,34.0
13396719,Male,25.0,46,25.0
13472221,Male,43.0,46,43.0
13498975,Male,41.0,46,41.0
13404629,Male,27.0,46,27.0
13455127,Male,41.0,46,41.0
13506073,Male,30.0,46,30.0
13494299,Male,26.0,46,26.0
13518827,Male,31.0,46,31.0
13467587,Male,32.0,46,32.0
13445397,Male,30.0,46,30.0
13413491,Male,123.0,46,46.0
13491387,Male,123.0,46,46.0
13447371,Male,25.0,46,25.0
13458151,Male,27.0,46,27.0
13452761,Male,25.0,46,25.0
13443647,Male,123.0,46,46.0
13468273,Male,46.0,46,46.0
13431761,Male,48.0,46,48.0
13452901,Female,30.0,46,30.0
13457829,Female,123.0,46,46.0
13456401,Male,123.0,46,46.0
13504799,Male,123.0,46,46.0
13432083,Male,30.0,46,30.0
13423599,Male,33.0,46,33.0
13490967,Male,27.0,46,27.0
13461434,Male,22.0,46,22.0
13397111,Male,30.0,46,30.0
13397615,Male,47.0,46,47.0
13472375,Female,49.0,46,49.0
13516334,Male,32.0,46,32.0
13415703,Male,30.0,46,30.0
13483099,Male,33.0,46,33.0
13504183,Male,35.0,46,35.0
13525715,Male,123.0,46,46.0
13467895,Male,123.0,46,46.0
13473595,Female,31.0,46,31.0
13515747,Male,32.0,46,32.0
13398203,Male,41.0,46,41.0
13475315,Female,52.0,46,52.0
13413939,Male,61.0,46,61.0
13434519,Male,24.0,46,24.0
13452565,Male,25.0,46,25.0
13485381,Female,123.0,46,46.0
13496511,Female,123.0,46,46.0
13487509,Female,28.0,46,28.0
13407219,Male,22.0,46,22.0
13455729,Male,122.0,46,46.0
13483631,Male,39.0,46,39.0
13424271,Male,29.0,46,29.0
13478703,Male,20.0,46,20.0
13459213,Female,42.0,46,42.0
13493893,Male,22.0,46,22.0
13398273,Male,25.0,46,25.0
13427869,Male,40.0,46,40.0
13408675,Male,26.0,46,26.0
13443115,Male,35.0,46,35.0
13421415,Male,31.0,46,31.0
13465641,Male,123.0,46,46.0
13405203,Male,123.0,46,46.0
13518113,Male,29.0,46,29.0
13422899,Male,37.0,46,37.0
13505653,Male,123.0,46,46.0
13427715,Female,30.0,46,30.0
13450899,Male,36.0,46,36.0
13489497,Male,36.0,46,36.0
13428891,Male,123.0,46,46.0
13398455,Male,43.0,46,43.0
13428471,Male,26.0,46,26.0
13506115,Male,27.0,46,27.0
13465473,Male,46.0,46,46.0
13515705,Female,40.0,46,40.0
13477905,Male,26.0,46,26.0
13467475,Male,39.0,46,39.0
13469127,Male,123.0,46,46.0
13504505,Male,33.0,46,33.0
13437095,Female,29.0,46,29.0
13485913,Male,30.0,46,30.0
13406659,Female,123.0,46,46.0
13484709,Male,123.0,46,46.0
13453937,Female,123.0,46,46.0
13484961,Male,123.0,46,46.0
13407611,Male,25.0,46,25.0
13513843,Female,23.0,46,23.0
13434981,Female,33.0,46,33.0
13400681,Male,42.0,46,42.0
13515159,Male,123.0,46,46.0
13473803,Male,34.0,46,34.0
13463345,Male,26.0,46,26.0
13452803,Male,29.0,46,29.0
13462939,Male,29.0,46,29.0
13462463,Male,26.0,46,26.0
13403089,Male,27.0,46,27.0
13464857,Male,24.0,46,24.0
13422493,Male,24.0,46,24.0
13400149,Female,38.0,46,38.0
13511869,Male,25.0,46,25.0
13485927,Male,30.0,46,30.0
13461161,Male,26.0,46,26.0
13444725,Male,123.0,46,46.0
13455211,Male,28.0,46,28.0
13475371,Male,28.0,46,28.0
13413519,Male,28.0,46,28.0
13495839,Male,25.0,46,25.0
13517287,Female,123.0,46,46.0
13483981,Female,123.0,46,46.0
13452943,Male,123.0,46,46.0
13495797,Male,123.0,46,46.0
13499815,Male,46.0,46,46.0
13443717,Male,52.0,46,52.0
13417565,Female,29.0,46,29.0
13504000,Male,48.0,46,48.0
13449779,Male,37.0,46,37.0
13475759,Male,35.0,46,35.0
13444949,Male,123.0,46,46.0
13381361,Male,24.0,47,24.0
13336267,Male,25.0,47,25.0
13384049,Male,34.0,47,34.0
13347593,Male,26.0,47,26.0
13336547,Female,123.0,47,47.0
13255473,Male,123.0,47,47.0
13366325,Male,27.0,47,27.0
13341475,Male,30.0,47,30.0
13388641,Male,34.0,47,34.0
13333467,Male,30.0,47,30.0
13274471,Male,28.0,47,28.0
13285363,Male,28.0,47,28.0
13393023,Male,35.0,47,35.0
13344191,Male,47.0,47,47.0
13256313,Male,30.0,47,30.0
13365065,Male,123.0,47,47.0
13383965,Male,24.0,47,24.0
13309695,Male,36.0,47,36.0
13311165,Male,32.0,47,32.0
13354383,Male,32.0,47,32.0
13342245,Male,25.0,47,25.0
13360711,Female,26.0,47,26.0
13389705,Male,29.0,47,29.0
13253709,Female,30.0,47,30.0
13339095,Male,31.0,47,31.0
13343603,Female,32.0,47,32.0
13279497,Male,30.0,47,30.0
13362823,Male,123.0,47,47.0
13303409,Male,29.0,47,29.0
13290725,Female,38.0,47,38.0
13275213,Male,29.0,47,29.0
13306363,Male,44.0,47,44.0
13349203,Male,26.0,47,26.0
13355251,Female,25.0,47,25.0
13388655,Male,56.0,47,56.0
13385057,Female,123.0,47,47.0
13322211,Male,28.0,47,28.0
13395445,Male,31.0,47,31.0
13260261,Male,35.0,47,35.0
13386877,Male,123.0,47,47.0
13327923,Female,51.0,47,51.0
13337401,Male,34.0,47,34.0
13365989,Female,28.0,47,28.0
13274891,Female,44.0,47,44.0
13343323,Male,123.0,47,47.0
13396145,Male,35.0,47,35.0
13269025,Male,29.0,47,29.0
13270957,Male,26.0,47,26.0
13310983,Male,20.0,47,20.0
13260887,Male,25.0,47,25.0
13329701,Male,43.0,47,43.0
13353739,Male,24.0,47,24.0
13339137,Male,32.0,47,32.0
13350197,Male,38.0,47,38.0
13385141,Male,31.0,47,31.0
13270635,Male,30.0,47,30.0
13371561,Male,31.0,47,31.0
13285839,Male,123.0,47,47.0
13385309,Male,30.0,47,30.0
13279161,Male,33.0,47,33.0
13331787,Male,123.0,47,47.0
13311599,Male,123.0,47,47.0
13386233,Male,31.0,47,31.0
13319117,Female,28.0,47,28.0
13367725,Female,33.0,47,33.0
13277355,Male,123.0,47,47.0
13267443,Male,34.0,47,34.0
13334713,Male,33.0,47,33.0
13324717,Female,30.0,47,30.0
13367467,Female,33.0,47,33.0
13322771,Male,123.0,47,47.0
13288205,Male,25.0,47,25.0
13357617,Female,47.0,47,47.0
13258469,Male,26.0,47,26.0
13372821,Male,34.0,47,34.0
13330429,Male,51.0,47,51.0
13390377,Female,47.0,47,47.0
13254325,Male,123.0,47,47.0
13318487,Male,27.0,47,27.0
13262179,Male,31.0,47,31.0
13342595,Male,35.0,47,35.0
13342959,Male,35.0,47,35.0
13372737,Male,30.0,47,30.0
13280799,Male,32.0,47,32.0
13281765,Male,30.0,47,30.0
13271769,Female,123.0,47,47.0
13356539,Male,123.0,47,47.0
13325151,Male,28.0,47,28.0
13394957,Male,41.0,47,41.0
13302281,Male,21.0,47,21.0
13286049,Male,46.0,47,46.0
13314693,Male,34.0,47,34.0
13330247,Male,34.0,47,34.0
13273281,Male,40.0,47,40.0
13367893,Male,34.0,47,34.0
13291425,Male,30.0,47,30.0
13271363,Male,32.0,47,32.0
13281009,Male,32.0,47,32.0
13265973,Male,123.0,47,47.0
13360949,Male,123.0,47,47.0
13374627,Male,34.0,47,34.0
13297067,Female,48.0,47,48.0
13268255,Male,53.0,47,53.0
13327405,Female,53.0,47,53.0
13349833,Male,123.0,47,47.0
13350505,Male,123.0,47,47.0
13315939,Female,29.0,47,29.0
13381417,Male,39.0,47,39.0
13356707,Male,25.0,47,25.0
13269305,Female,22.0,47,22.0
13262011,Male,50.0,47,50.0
13328679,Male,38.0,47,38.0
13390601,Male,26.0,47,26.0
13270803,Male,23.0,47,23.0
13278573,Male,28.0,47,28.0
13257895,Female,34.0,47,34.0
13298593,Male,24.0,47,24.0
13341349,Male,29.0,47,29.0
13327153,Male,29.0,47,29.0
13349679,Female,48.0,47,48.0
13342147,Male,22.0,47,22.0
13340439,Male,123.0,47,47.0
13368985,Male,123.0,47,47.0
13293049,Male,27.0,47,27.0
13350883,Female,34.0,47,34.0
13354467,Male,37.0,47,37.0
13307483,Male,22.0,47,22.0
13336589,Male,31.0,47,31.0
13314539,Female,45.0,47,45.0
13341671,Female,43.0,47,43.0
13296185,Female,123.0,47,47.0
13392309,Male,123.0,47,47.0
13336015,Male,31.0,47,31.0
13334643,Male,31.0,47,31.0
13289521,Male,123.0,47,47.0
13293259,Male,27.0,47,27.0
13340019,Male,29.0,47,29.0
13313013,Male,28.0,47,28.0
13372317,Male,37.0,47,37.0
13328644,Male,27.0,47,27.0
13373745,Male,53.0,47,53.0
13376741,Female,123.0,47,47.0
13346683,Male,64.0,47,64.0
13390419,Male,29.0,47,29.0
13289745,Male,28.0,47,28.0
13373675,Male,47.0,47,47.0
13325781,Male,29.0,47,29.0
13367067,Female,45.0,47,45.0
13300643,Male,123.0,47,47.0
13351177,Male,123.0,47,47.0
13234543,Male,34.0,48,34.0
13037199,Male,43.0,48,43.0
13239597,Female,37.0,48,37.0
13060646,Male,123.0,48,48.0
13233800,Male,123.0,48,48.0
13055469,Male,123.0,48,48.0
13038683,Male,26.0,48,26.0
13051885,Male,123.0,48,48.0
13041231,Male,30.0,48,30.0
13224757,Male,28.0,48,28.0
13239131,Male,26.0,48,26.0
13066935,Male,42.0,48,42.0
13054601,Female,45.0,48,45.0
13041609,Female,41.0,48,41.0
13228635,Female,26.0,48,26.0
13231883,Male,27.0,48,27.0
13061111,Male,29.0,48,29.0
13229615,Male,38.0,48,38.0
13189935,Male,33.0,48,33.0
13041080,Male,123.0,48,48.0
13239275,Male,123.0,48,48.0
13193271,Female,122.0,48,48.0
13055217,Male,28.0,48,28.0
13039422,Male,27.0,48,27.0
13048441,Male,29.0,48,29.0
13239765,Male,24.0,48,24.0
13204905,Male,35.0,48,35.0
13072507,Female,52.0,48,52.0
13229237,Female,123.0,48,48.0
13222013,Male,123.0,48,48.0
13065367,Male,31.0,48,31.0
13182309,Male,26.0,48,26.0
13066949,Male,36.0,48,36.0
13066823,Female,35.0,48,35.0
13230623,Female,123.0,48,48.0
13229923,Male,45.0,48,45.0
13060957,Male,32.0,48,32.0
13206577,Male,46.0,48,46.0
13207593,Male,34.0,48,34.0
13236769,Male,27.0,48,27.0
13076693,Male,43.0,48,43.0
13196197,Male,25.0,48,25.0
13202077,Male,123.0,48,48.0
13068559,Female,123.0,48,48.0
13217001,Male,123.0,48,48.0
13236027,Male,123.0,48,48.0
13039215,Male,27.0,48,27.0
13073879,Male,16.0,48,16.0
13058031,Female,43.0,48,43.0
13223231,Male,24.0,48,24.0
13193845,Male,28.0,48,28.0
13060705,Male,54.0,48,54.0
13195735,Male,123.0,48,48.0
13237063,Male,123.0,48,48.0
13192193,Female,37.0,48,37.0
13233815,Female,27.0,48,27.0
13231351,Female,45.0,48,45.0
13230441,Male,32.0,48,32.0
13044353,Male,123.0,48,48.0
13035267,Male,44.0,48,44.0
13048903,Male,29.0,48,29.0
13045137,Male,39.0,48,39.0
13249285,Male,33.0,48,33.0
13070323,Female,123.0,48,48.0
13076651,Male,38.0,48,38.0
13036331,Male,26.0,48,26.0
13035379,Male,27.0,48,27.0
13215209,Male,43.0,48,43.0
13068573,Male,34.0,48,34.0
13032514,Male,27.0,48,27.0
13060089,Male,30.0,48,30.0
13209329,Male,36.0,48,36.0
13245001,Male,31.0,48,31.0
13224380,Male,50.0,48,50.0
13233479,Male,32.0,48,32.0
13251133,Male,29.0,48,29.0
13186789,Female,46.0,48,46.0
13052585,Male,123.0,48,48.0
13194461,Male,28.0,48,28.0
13236783,Male,26.0,48,26.0
13185669,Male,25.0,48,25.0
13070183,Male,26.0,48,26.0
13243629,Male,39.0,48,39.0
13035253,Female,27.0,48,27.0
13055847,Male,43.0,48,43.0
13058591,Female,123.0,48,48.0
13043261,Female,24.0,48,24.0
13203407,Male,33.0,48,33.0
13229181,Female,33.0,48,33.0
13184255,Male,24.0,48,24.0
13053327,Male,37.0,48,37.0
13212353,Male,44.0,48,44.0
13178459,Male,36.0,48,36.0
13075573,Male,52.0,48,52.0
13220417,Male,123.0,48,48.0
13063603,Male,35.0,48,35.0
13238827,Male,34.0,48,34.0
13248109,Male,31.0,48,31.0
13205213,Female,123.0,48,48.0
13198591,Male,35.0,48,35.0
13217995,Male,26.0,48,26.0
13207243,Male,27.0,48,27.0
13195707,Male,47.0,48,47.0
13195441,Male,32.0,48,32.0
13067789,Male,123.0,48,48.0
13061909,Male,123.0,48,48.0
13040643,Female,49.0,48,49.0
13075489,Male,30.0,48,30.0
13218247,Male,25.0,48,25.0
13180657,Male,31.0,48,31.0
13048861,Male,30.0,48,30.0
13249299,Female,43.0,48,43.0
13034749,Male,45.0,48,45.0
13194839,Female,16.0,48,16.0
13220669,Male,39.0,48,39.0
13222741,Male,40.0,48,40.0
13224057,Female,39.0,48,39.0
13034077,Male,30.0,48,30.0
13216147,Male,30.0,48,30.0
13238897,Male,25.0,48,25.0
13061962,Male,29.0,48,29.0
13212731,Male,36.0,48,36.0
13210729,Male,25.0,48,25.0
13219409,Male,41.0,48,41.0
13178697,Male,28.0,48,28.0
13193607,Male,29.0,48,29.0
13237693,Male,27.0,48,27.0
13064877,Male,40.0,48,40.0
13039327,Male,28.0,48,28.0
13236167,Female,123.0,48,48.0
13192095,Male,31.0,48,31.0
13207187,Male,27.0,48,27.0
13206487,Male,30.0,48,30.0
13056589,Male,29.0,48,29.0
13191199,Female,26.0,48,26.0
13206221,Male,29.0,48,29.0
13236918,Male,35.0,48,35.0
13198773,Male,34.0,48,34.0
13224323,Male,28.0,48,28.0
13213305,Male,51.0,48,51.0
13054279,Male,123.0,48,48.0
13037801,Female,42.0,48,42.0
13052395,Female,41.0,48,41.0
13219017,Male,123.0,48,48.0
13034231,Male,123.0,48,48.0
13220011,Male,123.0,48,48.0
12936805,Male,39.0,49,39.0
12931933,Male,48.0,49,48.0
12989375,Male,29.0,49,29.0
13026237,Male,44.0,49,44.0
12941411,Male,37.0,49,37.0
13029502,Male,26.0,49,26.0
12930519,Male,30.0,49,30.0
12947487,Female,45.0,49,45.0
12939983,Male,25.0,49,25.0
12941803,Male,123.0,49,49.0
13026055,Male,25.0,49,25.0
12996375,Female,123.0,49,49.0
12996753,Male,31.0,49,31.0
12924821,Male,26.0,49,26.0
12960353,Male,36.0,49,36.0
13021183,Male,31.0,49,31.0
12973247,Male,123.0,49,49.0
12977251,Male,31.0,49,31.0
12991391,Female,39.0,49,39.0
12918661,Male,54.0,49,54.0
12983929,Female,48.0,49,48.0
12976593,Male,43.0,49,43.0
12962733,Male,36.0,49,36.0
12966765,Male,29.0,49,29.0
12930631,Male,123.0,49,49.0
12947361,Male,31.0,49,31.0
12969817,Male,44.0,49,44.0
12998993,Male,39.0,49,39.0
12949713,Male,36.0,49,36.0
12979155,Male,27.0,49,27.0
12921839,Male,31.0,49,31.0
12983327,Male,32.0,49,32.0
12986127,Male,26.0,49,26.0
12963349,Male,25.0,49,25.0
12939003,Male,32.0,49,32.0
13019993,Male,29.0,49,29.0
12932983,Male,32.0,49,32.0
12940865,Male,29.0,49,29.0
12995549,Male,60.0,49,60.0
13009563,Male,39.0,49,39.0
12956195,Male,29.0,49,29.0
12993323,Male,29.0,49,29.0
12958575,Male,123.0,49,49.0
12984069,Female,123.0,49,49.0
12984657,Male,33.0,49,33.0
12979505,Male,30.0,49,30.0
12984181,Male,49.0,49,49.0
12990397,Male,38.0,49,38.0
12953745,Male,35.0,49,35.0
12962705,Female,26.0,49,26.0
12931849,Male,31.0,49,31.0
13027931,Male,29.0,49,29.0
13027287,Male,22.0,49,22.0
12982103,Female,25.0,49,25.0
12950861,Male,27.0,49,27.0
12927357,Male,28.0,49,28.0
12941173,Male,29.0,49,29.0
12931443,Male,30.0,49,30.0
12948383,Male,123.0,49,49.0
12983845,Male,28.0,49,28.0
13001219,Male,27.0,49,27.0
13030731,Male,43.0,49,43.0
12960661,Male,41.0,49,41.0
13027217,Male,29.0,49,29.0
12921741,Male,27.0,49,27.0
13005209,Male,27.0,49,27.0
12967955,Male,28.0,49,28.0
13027861,Male,31.0,49,31.0
13002535,Male,123.0,49,49.0
12929245,Female,25.0,49,25.0
12948817,Male,40.0,49,40.0
12917359,Male,27.0,49,27.0
12939507,Male,34.0,49,34.0
13015905,Male,123.0,49,49.0
12984503,Male,27.0,49,27.0
12985063,Male,123.0,49,49.0
13004019,Male,123.0,49,49.0
12949013,Female,24.0,49,24.0
12978847,Male,31.0,49,31.0
12946045,Male,30.0,49,30.0
13001863,Male,25.0,49,25.0
12952037,Male,37.0,49,37.0
13014239,Male,43.0,49,43.0
12984713,Male,33.0,49,33.0
12995899,Female,31.0,49,31.0
12998055,Male,27.0,49,27.0
12939237,Male,31.0,49,31.0
13003137,Male,23.0,49,23.0
12937967,Male,48.0,49,48.0
13010809,Male,123.0,49,49.0
12938163,Male,27.0,49,27.0
12999385,Male,25.0,49,25.0
13025579,Female,37.0,49,37.0
13007323,Male,28.0,49,28.0
12995017,Female,37.0,49,37.0
12952345,Male,38.0,49,38.0
13028491,Male,28.0,49,28.0
12982557,Male,33.0,49,33.0
13004271,Male,26.0,49,26.0
12990033,Male,28.0,49,28.0
12933137,Male,29.0,49,29.0
12941369,Female,32.0,49,32.0
13019713,Male,34.0,49,34.0
12948859,Male,33.0,49,33.0
12922819,Male,123.0,49,49.0
12999944,Male,22.0,49,22.0
13024549,Male,29.0,49,29.0
13010781,Female,38.0,49,38.0
13020441,Male,123.0,49,49.0
13015247,Male,59.0,49,59.0
12956895,Male,26.0,49,26.0
12917275,Male,38.0,49,38.0
13027875,Male,30.0,49,30.0
13019433,Male,123.0,49,49.0
12956181,Male,39.0,49,39.0
12995815,Male,26.0,49,26.0
12962173,Female,41.0,49,41.0
12914867,Male,54.0,49,54.0
12915646,Male,31.0,49,31.0
12944435,Male,28.0,49,28.0
12990327,Male,31.0,49,31.0
13017753,Female,26.0,49,26.0
12916029,Male,123.0,49,49.0
12994961,Male,33.0,49,33.0
12977237,Male,123.0,49,49.0
12934901,Male,123.0,49,49.0
12976369,Male,123.0,49,49.0
12988619,Male,29.0,49,29.0
12939255,Male,40.0,49,40.0
12999665,Male,34.0,49,34.0
13014589,Male,33.0,49,33.0
12975739,Male,30.0,49,30.0
13006371,Female,30.0,49,30.0
13004845,Male,123.0,49,49.0
12917877,Male,33.0,49,33.0
13007701,Male,37.0,49,37.0
12995703,Male,44.0,49,44.0
13004985,Male,32.0,49,32.0
12961529,Male,38.0,49,38.0
13029933,Male,31.0,49,31.0
12921195,Male,123.0,49,49.0
12927859,Male,31.0,49,31.0
12976579,Male,37.0,49,37.0
12988325,Female,39.0,49,39.0
12964847,Male,29.0,49,29.0
12950791,Male,123.0,49,49.0
12931191,Male,29.0,49,29.0
12947123,Male,29.0,49,29.0
12916197,Male,31.0,49,31.0
12981101,Male,29.0,49,29.0
12995717,Female,40.0,49,40.0
13009073,Male,32.0,49,32.0
13020595,Male,28.0,49,28.0
12936707,Male,27.0,49,27.0
12922245,Female,54.0,49,54.0
12942041,Male,31.0,49,31.0
12980793,Female,31.0,49,31.0
13005517,Male,28.0,49,28.0
12910191,Male,28.0,50,28.0
12798107,Male,31.0,50,31.0
12795531,Male,36.0,50,36.0
12813675,Male,31.0,50,31.0
12760181,Male,40.0,50,40.0
12851348,Male,31.0,50,31.0
12896768,Male,31.0,50,31.0
12815663,Male,28.0,50,28.0
12848493,Male,123.0,50,50.0
12794299,Male,123.0,50,50.0
12843733,Male,123.0,50,50.0
12851447,Male,32.0,50,32.0
12851896,Male,24.0,50,24.0
12886741,Female,31.0,50,31.0
12813171,Male,33.0,50,33.0
12772095,Male,26.0,50,26.0
12845049,Male,31.0,50,31.0
12758151,Female,33.0,50,33.0
12796231,Male,25.0,50,25.0
12828725,Male,29.0,50,29.0
12833123,Male,26.0,50,26.0
12905501,Male,26.0,50,26.0
12782413,Male,26.0,50,26.0
12817049,Male,28.0,50,28.0
12811135,Male,17.0,50,17.0
12896429,Male,26.0,50,26.0
12823348,Female,35.0,50,35.0
12820465,Male,25.0,50,25.0
12806199,Male,47.0,50,47.0
12831777,Male,28.0,50,28.0
12846001,Male,26.0,50,26.0
12849795,Male,39.0,50,39.0
12907489,Male,25.0,50,25.0
12886559,Male,31.0,50,31.0
12813353,Male,27.0,50,27.0
12870067,Female,39.0,50,39.0
12786935,Female,123.0,50,50.0
12794859,Male,29.0,50,29.0
12851293,Male,39.0,50,39.0
12863193,Male,33.0,50,33.0
12776309,Male,123.0,50,50.0
12811085,Male,123.0,50,50.0
12868261,Female,38.0,50,38.0
12790366,Male,34.0,50,34.0
12818547,Male,25.0,50,25.0
12826611,Male,44.0,50,44.0
12837934,Male,43.0,50,43.0
12870767,Male,33.0,50,33.0
12768357,Male,26.0,50,26.0
12840359,Male,43.0,50,43.0
12774909,Male,25.0,50,25.0
12898417,Male,42.0,50,42.0
12876608,Female,28.0,50,28.0
12876927,Male,28.0,50,28.0
12833436,Male,123.0,50,50.0
12898949,Female,123.0,50,50.0
12766649,Male,123.0,50,50.0
12853799,Male,35.0,50,35.0
12808271,Male,33.0,50,33.0
12849935,Male,53.0,50,53.0
12892019,Male,26.0,50,26.0
12815529,Male,25.0,50,25.0
12768329,Male,28.0,50,28.0
12831385,Male,29.0,50,29.0
12879093,Male,25.0,50,25.0
12815705,Male,29.0,50,29.0
12895757,Female,45.0,50,45.0
12778017,Male,31.0,50,31.0
12801327,Female,36.0,50,36.0
12834577,Male,33.0,50,33.0
12911745,Male,31.0,50,31.0
12897927,Male,123.0,50,50.0
12826431,Male,123.0,50,50.0
12878985,Male,123.0,50,50.0
12844195,Male,28.0,50,28.0
12777247,Male,33.0,50,33.0
12889135,Male,29.0,50,29.0
12866399,Female,41.0,50,41.0
12802884,Male,43.0,50,43.0
12820983,Male,123.0,50,50.0
12893503,Male,123.0,50,50.0
12910373,Male,123.0,50,50.0
12898025,Male,123.0,50,50.0
12866189,Male,28.0,50,28.0
12837965,Male,32.0,50,32.0
12773383,Male,25.0,50,25.0
12912273,Female,29.0,50,29.0
12799185,Male,123.0,50,50.0
12821571,Male,123.0,50,50.0
12778661,Female,123.0,50,50.0
12808929,Male,32.0,50,32.0
12795433,Male,30.0,50,30.0
12796595,Male,31.0,50,31.0
12890101,Male,27.0,50,27.0
12771633,Male,27.0,50,27.0
12858279,Male,123.0,50,50.0
12867379,Male,34.0,50,34.0
12877963,Male,25.0,50,25.0
12911213,Male,27.0,50,27.0
12909911,Female,32.0,50,32.0
12771857,Male,27.0,50,27.0
12778913,Male,30.0,50,30.0
12765935,Male,123.0,50,50.0
12800335,Male,32.0,50,32.0
12834479,Male,39.0,50,39.0
12855517,Male,123.0,50,50.0
12878215,Male,28.0,50,28.0
12871537,Male,34.0,50,34.0
12784289,Male,26.0,50,26.0
12860099,Female,32.0,50,32.0
12880749,Male,123.0,50,50.0
12879251,Male,123.0,50,50.0
12761245,Male,40.0,50,40.0
12763107,Male,25.0,50,25.0
12817679,Female,27.0,50,27.0
12792773,Male,28.0,50,28.0
12861373,Female,20.0,50,20.0
12904745,Male,24.0,50,24.0
12828263,Female,45.0,50,45.0
12902911,Female,28.0,50,28.0
12770065,Male,123.0,50,50.0
12779179,Male,33.0,50,33.0
12774321,Male,28.0,50,28.0
12780565,Male,26.0,50,26.0
12792885,Male,29.0,50,29.0
12761371,Male,44.0,50,44.0
12856739,Male,123.0,50,50.0
12767377,Male,123.0,50,50.0
12842655,Male,123.0,50,50.0
12894203,Female,33.0,50,33.0
12786893,Male,44.0,50,44.0
12852427,Male,27.0,50,27.0
12805555,Female,42.0,50,42.0
12832687,Male,27.0,50,27.0
12811519,Female,41.0,50,41.0
12806773,Female,38.0,50,38.0
12896891,Male,32.0,50,32.0
12786431,Male,25.0,50,25.0
12824791,Male,40.0,50,40.0
12835193,Male,34.0,50,34.0
12779795,Male,123.0,50,50.0
12801509,Male,123.0,50,50.0
12757493,Male,28.0,50,28.0
12825841,Male,48.0,50,48.0
12785983,Female,34.0,50,34.0
12861289,Male,29.0,50,29.0
12814655,Male,29.0,50,29.0
12822453,Male,127.0,50,50.0
12766551,Male,33.0,50,33.0
12851699,Male,28.0,50,28.0
12884669,Female,123.0,50,50.0
12887651,Male,35.0,50,35.0
12846981,Male,39.0,50,39.0
12803413,Male,31.0,50,31.0
12882919,Male,25.0,50,25.0
12861233,Male,44.0,50,44.0
12804855,Male,30.0,50,30.0
12844741,Male,26.0,50,26.0
12884165,Male,36.0,50,36.0
12906901,Male,31.0,50,31.0
12871873,Female,38.0,50,38.0
12805009,Male,37.0,50,37.0
12785885,Male,27.0,50,27.0
12834717,Male,29.0,50,29.0
12873637,Male,42.0,50,42.0
12787971,Male,24.0,50,24.0
12845567,Male,35.0,50,35.0
12777079,Female,123.0,50,50.0
12853281,Male,123.0,50,50.0
12828067,Male,37.0,50,37.0
12812457,Male,28.0,50,28.0
12768778,Female,32.0,50,32.0
12839127,Male,33.0,50,33.0
12870137,Female,32.0,50,32.0
12875626,Male,25.0,50,25.0
12876591,Male,123.0,50,50.0
12834843,Male,26.0,50,26.0
12899789,Male,29.0,50,29.0
12783743,Male,34.0,50,34.0
12849641,Female,27.0,50,27.0
12848241,Female,123.0,50,50.0
12837349,Female,29.0,50,29.0
12775133,Male,25.0,50,25.0
12897829,Male,32.0,50,32.0
12905664,Male,31.0,50,31.0
12772137,Male,123.0,50,50.0
12814122,Male,123.0,50,50.0
12771185,Male,123.0,50,50.0
12825547,Female,26.0,50,26.0
12906305,Male,22.0,50,22.0
12845287,Male,39.0,50,39.0
12901520,Female,40.0,50,40.0
12826919,Female,38.0,50,38.0
12797939,Male,31.0,50,31.0
12834381,Female,35.0,50,35.0
12705147,Male,25.0,51,25.0
12750353,Male,33.0,51,33.0
12695557,Male,45.0,51,45.0
12701745,Female,32.0,51,32.0
12733231,Male,36.0,51,36.0
12685673,Male,26.0,51,26.0
12693695,Male,26.0,51,26.0
12656590,Female,26.0,51,26.0
12684805,Male,34.0,51,34.0
12756559,Male,123.0,51,51.0
12749625,Male,25.0,51,25.0
12654649,Male,34.0,51,34.0
12648867,Female,37.0,51,37.0
12753881,Female,27.0,51,27.0
12742457,Male,56.0,51,56.0
12756415,Male,123.0,51,51.0
12642805,Male,25.0,51,25.0
12740035,Male,33.0,51,33.0
12686485,Male,31.0,51,31.0
12684203,Female,34.0,51,34.0
12651975,Male,123.0,51,51.0
12703019,Male,30.0,51,30.0
12683181,Female,32.0,51,32.0
12715215,Female,45.0,51,45.0
12682663,Male,35.0,51,35.0
12656693,Male,30.0,51,30.0
12736241,Male,123.0,51,51.0
12724173,Male,29.0,51,29.0
12695753,Male,26.0,51,26.0
12646655,Male,24.0,51,24.0
12645788,Male,30.0,51,30.0
12679345,Male,32.0,51,32.0
12705875,Male,24.0,51,24.0
12655041,Male,26.0,51,26.0
12681557,Male,36.0,51,36.0
12748883,Male,27.0,51,27.0
12659479,Male,41.0,51,41.0
12638507,Male,39.0,51,39.0
12632795,Male,123.0,51,51.0
12732881,Male,28.0,51,28.0
12695291,Male,27.0,51,27.0
12721023,Female,26.0,51,26.0
12679989,Male,123.0,51,51.0
12756513,Male,29.0,51,29.0
12739461,Male,28.0,51,28.0
12738019,UNKNOWN,24.0,51,24.0
12679303,Male,123.0,51,51.0
12745089,Male,123.0,51,51.0
12669391,Male,51.0,51,51.0
12743493,Male,25.0,51,25.0
12682694,Male,52.0,51,52.0
12654271,Male,123.0,51,51.0
12750703,Male,23.0,51,23.0
12756345,Male,33.0,51,33.0
12690475,Male,49.0,51,49.0
12654411,Male,40.0,51,40.0
12748351,Male,51.0,51,51.0
12651588,Female,42.0,51,42.0
12734043,Male,123.0,51,51.0
12711069,Male,123.0,51,51.0
12744669,Male,34.0,51,34.0
12635567,Female,25.0,51,25.0
12691385,Male,32.0,51,32.0
12687409,Male,34.0,51,34.0
12718615,Male,31.0,51,31.0
12726030,Male,29.0,51,29.0
12631521,Male,35.0,51,35.0
12704041,Male,24.0,51,24.0
12718503,Male,38.0,51,38.0
12656623,Male,40.0,51,40.0
12702095,Male,39.0,51,39.0
12726931,Male,48.0,51,48.0
12737235,Male,39.0,51,39.0
12671519,Male,27.0,51,27.0
12741701,Male,123.0,51,51.0
12744823,Male,123.0,51,51.0
12732377,Male,48.0,51,48.0
12640019,Male,37.0,51,37.0
12742387,Male,29.0,51,29.0
12753111,Female,31.0,51,31.0
12719637,Male,123.0,51,51.0
12748505,Male,123.0,51,51.0
12753811,Male,25.0,51,25.0
12736591,Male,26.0,51,26.0
12725055,Male,26.0,51,26.0
12653795,Male,33.0,51,33.0
12711237,Male,34.0,51,34.0
12646599,Male,35.0,51,35.0
12733735,Male,123.0,51,51.0
12644933,Male,32.0,51,32.0
12634685,Male,28.0,51,28.0
12670749,Male,123.0,51,51.0
12666983,Male,26.0,51,26.0
12696159,Male,28.0,51,28.0
12728177,Female,33.0,51,33.0
12753181,Male,32.0,51,32.0
12664197,Female,28.0,51,28.0
12745257,Male,27.0,51,27.0
12650043,Male,123.0,51,51.0
12647215,Male,123.0,51,51.0
12672551,Male,123.0,51,51.0
12712847,Male,123.0,51,51.0
12681381,Male,123.0,51,51.0
12725979,Male,25.0,51,25.0
12633789,Male,37.0,51,37.0
12744991,Male,123.0,51,51.0
12656777,Female,26.0,51,26.0
12754175,Male,29.0,51,29.0
12736115,Male,48.0,51,48.0
12710075,Female,28.0,51,28.0
12707065,Male,31.0,51,31.0
12681350,Male,34.0,51,34.0
12655083,Female,29.0,51,29.0
12670987,Male,51.0,51,51.0
12683629,Male,28.0,51,28.0
12706617,Male,29.0,51,29.0
12740007,Male,35.0,51,35.0
12692211,Male,30.0,51,30.0
12716207,Male,48.0,51,48.0
12693527,Male,32.0,51,32.0
12729283,Male,31.0,51,31.0
12657953,Male,31.0,51,31.0
12652717,Male,123.0,51,51.0
12678491,Male,123.0,51,51.0
12685743,Female,31.0,51,31.0
12744291,Male,42.0,51,42.0
12696804,Male,43.0,51,43.0
12739377,Male,34.0,51,34.0
12688090,Female,49.0,51,49.0
12732265,Male,38.0,51,38.0
12643925,Male,34.0,51,34.0
12709263,Male,29.0,51,29.0
12728695,Male,32.0,51,32.0
12655587,Male,44.0,51,44.0
12694220,Female,30.0,51,30.0
12645003,Male,33.0,51,33.0
12639739,Male,123.0,51,51.0
12713939,Male,123.0,51,51.0
12666605,Male,34.0,51,34.0
12653809,Male,25.0,51,25.0
12684707,Male,51.0,51,51.0
12657043,Male,31.0,51,31.0
12691441,Male,27.0,51,27.0
12635245,Male,66.0,51,66.0
12712721,Female,37.0,51,37.0
12700303,Male,24.0,51,24.0
12699741,Female,123.0,51,51.0
12697125,Male,23.0,51,23.0
12698735,Male,31.0,51,31.0
12665471,Male,31.0,51,31.0
12712637,Male,123.0,51,51.0
12613699,Male,27.0,52,27.0
12595807,Male,30.0,52,30.0
12532065,Male,31.0,52,31.0
12519339,Male,27.0,52,27.0
12577047,Male,28.0,52,28.0
12546555,Male,28.0,52,28.0
12538043,Male,43.0,52,43.0
12600693,Male,24.0,52,24.0
12614609,Male,40.0,52,40.0
12613643,Male,46.0,52,46.0
12607864,Male,123.0,52,52.0
12522447,Male,27.0,52,27.0
12570033,Male,30.0,52,30.0
12620769,Male,50.0,52,50.0
12586931,Female,123.0,52,52.0
12525443,Male,23.0,52,23.0
12518919,Male,33.0,52,33.0
12557181,Male,30.0,52,30.0
12518849,Female,49.0,52,49.0
12623457,Male,35.0,52,35.0
12562697,Male,123.0,52,52.0
12517183,Male,123.0,52,52.0
12580953,Female,23.0,52,23.0
12622463,Female,49.0,52,49.0
12626859,Male,54.0,52,54.0
12538113,Male,25.0,52,25.0
12571517,Male,25.0,52,25.0
12573309,Female,59.0,52,59.0
12619915,Female,40.0,52,40.0
12543279,Male,29.0,52,29.0
12552547,Male,123.0,52,52.0
12623737,Male,36.0,52,36.0
12591495,Male,31.0,52,31.0
12541697,Female,26.0,52,26.0
12545071,Male,25.0,52,25.0
12538939,Male,30.0,52,30.0
12558063,Male,30.0,52,30.0
12613125,Male,34.0,52,34.0
12556068,Male,33.0,52,33.0
12595317,Female,29.0,52,29.0
12605663,Male,123.0,52,52.0
12583389,Female,34.0,52,34.0
12546527,Male,43.0,52,43.0
12542635,Male,31.0,52,31.0
12542201,Male,38.0,52,38.0
12577593,Male,26.0,52,26.0
12516021,Male,30.0,52,30.0
12585125,Female,35.0,52,35.0
12559337,Male,123.0,52,52.0
12530469,Male,46.0,52,46.0
12576935,Male,34.0,52,34.0
12558651,Male,43.0,52,43.0
12588443,Male,39.0,52,39.0
12605011,Male,39.0,52,39.0
12533094,Male,33.0,52,33.0
12581905,Male,123.0,52,52.0
12610759,Male,123.0,52,52.0
12530679,Male,32.0,52,32.0
12525471,Male,31.0,52,31.0
12614231,Male,35.0,52,35.0
12547325,Male,123.0,52,52.0
12569291,Female,34.0,52,34.0
12541347,Male,52.0,52,52.0
12563355,Male,36.0,52,36.0
12626467,Male,44.0,52,44.0
12516329,Male,43.0,52,43.0
12630569,Female,123.0,52,52.0
12554462,Female,36.0,52,36.0
12621469,Male,123.0,52,52.0
12580211,Male,123.0,52,52.0
12529237,Male,31.0,52,31.0
12574807,Male,33.0,52,33.0
12528327,Male,123.0,52,52.0
12537037,Male,39.0,52,39.0
12577537,Male,31.0,52,31.0
12613167,Male,33.0,52,33.0
12609401,Male,26.0,52,26.0
12593413,Male,44.0,52,44.0
12594309,Male,123.0,52,52.0
12572175,Male,43.0,52,43.0
12567835,Female,35.0,52,35.0
12599069,Male,27.0,52,27.0
12623079,Female,49.0,52,49.0
12595723,Male,123.0,52,52.0
12542649,Male,25.0,52,25.0
12525415,Male,32.0,52,32.0
12606531,Female,36.0,52,36.0
12587505,Male,123.0,52,52.0
12592223,Male,123.0,52,52.0
12570607,Male,123.0,52,52.0
12569739,Male,31.0,52,31.0
12519381,Male,27.0,52,27.0
12564293,Male,27.0,52,27.0
12520347,Male,28.0,52,28.0
12621310,Male,123.0,52,52.0
12560981,Female,46.0,52,46.0
12525219,Female,40.0,52,40.0
12538127,Male,27.0,52,27.0
12577229,Male,27.0,52,27.0
12595849,Female,27.0,52,27.0
12612285,Male,33.0,52,33.0
12557909,Male,32.0,52,32.0
12584089,Male,29.0,52,29.0
12535677,Male,28.0,52,28.0
12557307,Male,41.0,52,41.0
12595961,Male,29.0,52,29.0
12520991,Male,35.0,52,35.0
12612719,Male,39.0,52,39.0
12572063,Male,28.0,52,28.0
